temperature_2m,relative_humidity_2m,pressure_msl,precipitation,wind_speed_10m,wind_direction_10m,pm2_5,pm10,carbon_monoxide,nitrogen_dioxide,sulphur_dioxide,ozone,hour,day_of_week,day_of_month,month,is_weekend,aqi_lag_1,aqi_lag_3,aqi_lag_6,aqi_lag_12,aqi_lag_24,aqi_lag_48,aqi_lag_72,pm2_5_lag_1,pm2_5_lag_3,pm2_5_lag_6,pm2_5_lag_24,pm10_lag_1,pm10_lag_3,pm10_lag_6,pm10_lag_24,carbon_monoxide_lag_1,carbon_monoxide_lag_3,carbon_monoxide_lag_6,carbon_monoxide_lag_24,nitrogen_dioxide_lag_1,nitrogen_dioxide_lag_3,nitrogen_dioxide_lag_6,nitrogen_dioxide_lag_24,sulphur_dioxide_lag_1,sulphur_dioxide_lag_3,sulphur_dioxide_lag_6,sulphur_dioxide_lag_24,ozone_lag_1,ozone_lag_3,ozone_lag_6,ozone_lag_24,aqi_3h_mean,aqi_6h_mean,aqi_12h_mean,aqi_24h_mean,pm2_5_3h_mean,pm2_5_6h_mean,pm2_5_24h_mean,pm10_3h_mean,pm10_6h_mean,pm10_24h_mean,carbon_monoxide_24h_mean,nitrogen_dioxide_24h_mean,sulphur_dioxide_24h_mean,ozone_24h_mean,aqi_change_1h,aqi_change_3h,aqi_change_6h,aqi_change_24h,pm2_5_change_1h,pm2_5_change_24h,pm10_change_1h,pm10_change_24h
-0.08382392,-0.009525088,0.0025138205,-0.00043674032,-0.0012491606,-0.0023430465,0.0052156304,-0.003028817,-0.0073072035,-0.00039612097,0.006940321,0.015679374,-0.0019218965,-0.0019185615,0.0043217954,-0.00031107603,-4.7035774e-05,18.881414,0.023202054,0.0036409853,0.0024057573,0.056986064,-0.016486851,-0.0106182145,0.0029857268,-0.0024507341,0.020585261,-0.006299451,-0.01079901,0.0028543826,0.0058167367,-0.0057283803,-0.0011744865,-0.007850214,-0.0043633534,-0.013594145,-0.01954209,0.009791347,-0.090479694,0.025467902,0.003772751,-0.006510768,-0.0023010902,-0.00797595,-0.18864648,-0.84503794,-0.38998893,0.014919584,2.7517133,-0.1218963,0.008245065,0.03452702,0.002165293,0.009469472,10.830681,0.0035074153,0.0039036772,0.021168971,-0.0040114364,-0.010418886,-0.0045545814,0.002552459,-0.08733625,0.04212824,-0.04115176,-0.010153467,0.011223916,-0.14063625,0.0083525255,-0.044459477
0.0059750555,0.00023834477,0.0016799184,-0.00014343474,0.00077208504,-0.0005129552,-0.010122441,0.0013566661,-0.0055038026,-0.025878297,-0.0026281585,-0.29294944,-0.0020069128,-0.0012134565,0.0017620192,0.0031491756,8.4731306e-05,-18.876469,-0.10209431,-0.010113617,0.008610911,-0.050686203,-0.017795764,-0.0051807123,0.0009033592,-0.0039723613,0.014695703,0.023149312,0.00283155,-0.0066749635,2.837961e-05,0.0049880263,0.00765154,-0.0019606287,-0.015525001,-0.0044786334,-0.03715638,0.009866461,-0.08774344,0.026749536,0.016632862,-0.0011483416,0.0032023313,-0.00028089908,-0.29383022,-1.0839039,-0.48700133,-0.03172798,-2.5269299,-0.010622187,-0.019916426,-0.05033909,-0.0025665853,-0.01710751,-8.4786005,0.0018392326,-0.0039778,0.008899478,0.00034104352,0.010429108,-0.037686836,-0.0071163047,-0.31706357,-0.040420234,-0.08364361,-0.008149355,-0.010064285,0.47341427,0.0024309224,0.08881099
-0.024200294,0.0059221084,-0.0020032395,-0.00022369677,0.013252564,0.013546213,-0.021641936,-0.0068025156,-0.0065423213,-0.082055226,-0.011030545,-0.6744309,-0.0009811163,-0.0017083825,-0.0010847603,0.00027051443,0.00010519467,-17.1813,-0.08390302,-0.015627654,-0.011624122,-0.036396712,-0.01625567,-0.0011997423,-0.003525231,0.0076437546,0.0020303992,0.0049844356,-0.00056207454,0.0076597375,0.005475526,0.0014099309,0.008208604,-0.0046846145,0.022724569,0.0065900846,-0.1010737,0.0107388515,0.054427665,-0.008964558,-0.0054165097,-0.0024313717,-0.034214627,-0.00040416032,-0.40887064,-1.5948071,0.15517771,-0.048465583,-2.18084,-0.048024386,-0.012957601,-0.025017524,-0.0035197665,0.0046060244,-4.4287825,-0.0029098701,0.008176389,0.012392371,-0.064949594,-0.0017281,-0.06474044,-0.0008628762,1.0929008,0.0005333103,-0.024451684,0.012647907,-0.04402674,0.8138227,-0.06997099,0.17382304
-0.061486967,0.008536433,-0.0035520517,-9.967049e-05,0.0029852842,0.004632899,-0.0029408142,0.010022511,-0.0021599187,0.024592603,-0.003499045,0.035505023,-0.0027371675,0.0005144785,-0.005901848,-6.5635206e-05,6.921527e-05,-19.110811,-0.11198364,0.0037861923,0.002251192,-0.08039474,-0.027206782,0.0091819875,0.01108446,-0.0023931551,0.008685513,0.013976441,0.0018531282,-0.009175905,-0.025000544,0.0033110161,0.0075671677,0.0053169713,-0.0017074014,-0.015714118,-0.023471933,0.007682307,-0.12828115,0.014148034,-0.00025178463,0.0026872037,-0.0044038515,-0.0028367739,-0.16521053,-1.2703931,-0.65788865,0.012246865,-2.5190225,0.013529301,-0.016385572,0.014253654,-0.0017763171,-0.02640631,-7.6777043,0.0011874778,-0.009114793,0.010787813,0.007358772,0.006895121,-0.038142923,0.011608457,-0.523497,-0.06204239,-0.0719969,0.019769605,-0.017321387,-0.25819483,-0.008783479,-0.13865651
-0.01308263,-0.029545682,0.0031121152,-0.00074603717,-0.004440253,-0.00072429294,-0.013659002,-0.007040797,-0.0062836446,0.021832466,-0.006329182,0.3881014,-0.010827652,-0.0017086266,-0.008576891,1.5717038e-05,-0.0033315066,23.87682,0.00032833248,0.00029717176,-0.002660435,-0.029955102,0.017700799,-0.003945905,-0.006279497,0.006900974,0.025179837,0.012424131,0.012141543,0.005314445,0.0015852439,0.0031707415,-0.0012403447,-0.006117929,-0.032704204,-0.014583558,-0.01535236,-0.033224795,-0.24706662,0.037430372,-0.0013471958,-0.005729261,-0.0006039228,0.009040475,0.53645813,-1.033316,-0.83798265,0.035473607,3.2948267,-0.020900518,0.00026859812,0.018588824,0.0021988451,0.007985392,11.910577,0.004555109,0.0025748578,0.013439971,0.0012933577,0.0034209182,-0.006833448,0.0047566146,0.9398986,0.12903452,-0.12765391,0.08892006,-0.01095721,0.4918467,-3.743251e-05,0.13179077
0.023140717,0.010100337,0.046863142,-0.00024017612,-0.005108794,0.010582826,-0.07852701,-0.028973859,-0.029427722,-0.2489572,-0.014145686,0.20017768,-0.016523005,0.00959575,-0.0013082594,0.034678426,0.0075763357,10.701069,-0.06702868,0.012399863,-0.114540644,-0.010607578,-0.011274326,0.020029504,-0.026254263,-0.004093994,-0.030009946,-0.015792444,-0.012977195,0.009327348,0.0059611453,0.014814826,-0.016226957,-0.06493858,0.015448171,-0.026897866,-0.100109644,-0.13126546,0.22416763,0.067458905,-0.012566867,0.0010058907,0.017216118,0.016991563,1.3853081,0.72748435,0.69453704,-0.096669964,2.7074337,-0.15830939,-0.00922435,-0.11034021,0.03936213,0.02899787,-9.177669,0.0028061988,-0.0040846826,-0.059901286,0.009186901,-0.0021790476,-0.054879665,-0.07456031,-9.014449,0.1829949,0.7650129,0.06926363,-0.076925494,0.5164645,0.04639006,0.31539732
0.010836452,-0.0128216855,-0.004004029,3.075329e-05,-0.0016798496,8.01921e-05,-0.017663142,-0.006170532,-0.0035793418,-0.027057756,-0.008545677,-0.2441754,-0.0006644124,-0.0017543631,-0.015038232,0.00042164858,9.177257e-05,-9.709643,-0.08537599,0.00351356,0.01831828,-0.09329415,-0.010753999,-0.005240332,-0.0008078959,0.0036329902,0.022606071,-0.004917959,-0.003282395,0.0024101224,-0.00063318684,0.00163276,-0.00010452855,-0.003178308,-0.0042886636,-0.0076346705,-0.037566397,-0.0047982144,-0.06666304,-4.8123497e-05,-0.0037140704,-0.0023190505,0.00070473127,0.0056008776,-0.25659674,-1.2606628,-0.17741403,-0.03465108,-1.2055722,-0.057415698,0.016823139,0.004751423,-0.004152167,0.009078128,-2.8994176,-0.005285405,0.003597293,0.025242863,0.0018572069,-0.00409879,-0.004916278,-0.018427713,-0.063122116,0.04031718,-0.06913974,-0.001163177,-0.0170167,0.56536645,-0.005972591,0.19533038
-0.008489002,0.012808353,0.031015672,-0.00021019347,-0.00915479,0.0046371813,-0.058983006,-0.0039029142,0.0050771986,0.097062014,-0.053453717,0.07492354,0.11761659,0.011970499,0.016284166,-0.011252184,0.0019366413,4.1845703,-0.012352664,0.011821608,-0.006438433,0.25255495,0.02096775,0.017508212,0.0043728095,-0.013518316,0.019524304,0.017755061,0.009252563,0.009539506,0.013790808,0.033074554,0.124931104,-0.06293374,0.15125658,0.06285766,0.12193532,0.1414117,0.15613733,0.21015361,-0.012502497,-0.05762784,-0.0022532986,0.008344944,0.38250488,8.885401,0.90551555,0.10122502,1.7754111,-0.0020988144,0.04011448,0.09472336,-0.007515988,-0.012458454,3.1531813,0.0036070386,-0.0045152083,0.016962606,-0.057205174,-0.050253186,-0.01823266,0.0053335656,12.154844,-0.1141637,-0.23829046,-0.0076195877,0.005518355,0.01905546,0.008900182,0.030674916
-0.031659305,-0.23404934,0.053171016,-0.019053943,-0.009214635,-0.022518108,-9.303904e-05,-0.007244146,0.045906752,0.084894426,-0.03712752,0.5759189,0.0065508024,-0.013056928,-0.0018134979,-0.0047354153,0.00044346647,14.39706,-0.068605,0.01660653,-0.0033962731,0.24305072,-0.073976345,0.075520806,-0.023883361,-0.0142240655,0.061783835,0.012722199,-0.0011578241,0.021660632,-0.020384626,-0.0004668631,0.0055138357,0.0064684195,-0.0026850014,0.03423437,0.51162446,0.10505148,0.22636975,0.070893824,-0.028680993,0.0064584073,0.012493919,0.0067701647,1.2924714,13.183024,1.143993,0.12009522,2.1136885,0.003274903,0.050830398,0.026248151,0.006396694,-0.006462768,1.3901058,0.012990558,0.013039194,0.01843216,-0.013015581,-0.038780205,-0.031466912,-0.01618384,14.665395,1.1488987,-0.12534752,-0.052781094,-0.018625068,0.11508222,0.016214363,0.046363913
-0.075656496,0.017070314,0.041775383,-0.0008274026,0.0052230093,-0.04109009,0.05389309,0.033734538,-0.014983922,-0.074707486,-0.01600216,-0.46491423,-0.012914065,-0.0030904738,-0.0037941227,0.0018387175,0.00044867894,8.543691,0.03327666,0.0385848,-0.05836405,0.052875195,-0.013465704,0.030719468,0.08447939,0.0013302893,0.039078087,0.018217841,0.03750323,0.02608381,0.020784868,-5.125249e-05,0.00047086872,-0.05887709,-0.08504699,-0.0045412704,-0.017604196,0.07250618,0.10831793,0.0031052432,-0.020132685,-0.014656477,0.009943745,0.0018598466,-0.6091307,-1.2925651,0.2699142,-0.035314247,1.9013976,0.07352664,-0.015315132,-0.052629977,0.01068619,0.03766432,3.2402105,0.03582063,0.06493734,0.090647675,0.014446102,-0.009740742,-0.07698303,0.023628848,-10.036797,-0.9399852,0.036480922,0.023982253,-0.027212825,0.9424882,0.016586713,0.24644217
-0.22721246,-0.03266982,0.05314699,-0.00066780165,-0.0001300821,-0.03724146,0.064086206,0.00037520623,0.0012000588,-0.07201558,-0.0041079875,-0.38729972,-0.008009351,0.006713035,-0.025783846,-0.0019827345,0.00015535424,6.894452,0.13730921,-0.018611291,-0.007724724,0.014520971,-0.01643882,0.03605508,0.00070902694,-0.0103982985,-0.030536924,-0.015641382,-0.025353843,0.014272718,0.006220817,-0.00044138607,-0.011164904,-0.015943833,-0.12483474,-0.018115135,-0.05143447,0.043706823,0.21396403,-0.10110641,0.00018783624,-0.005043386,-0.008398843,-0.011551378,-0.32838827,-1.1974581,0.12110051,-0.06384469,2.1854925,0.10243031,0.04121075,-0.012664197,0.0037420227,-0.0036553852,3.9044957,-0.0021669427,0.00081327814,0.02610447,0.0024590536,-0.02122287,-0.00788279,0.015335255,0.13817067,-0.4518976,-0.009486547,-0.0047105653,0.032397702,0.53939337,0.015853865,0.09624388
0.010446002,-0.0043740436,-0.0030789706,-0.00019294479,0.008917865,0.0015031052,0.025311068,0.0043924195,-1.9063416e-05,-0.016376087,0.02993166,-0.14818418,-0.0031011577,-0.0013481646,-0.016694061,0.00052699185,8.9249705e-05,27.823889,-0.000671655,0.0069930977,0.006229493,0.04353882,0.0140106315,0.031699374,-0.000106790685,0.006346257,0.020392513,-0.022529894,-0.007921434,0.008540001,0.003626557,-0.028620837,-0.0027156153,-0.00034054305,0.0005137581,-0.008113933,-0.024396952,0.006005873,-0.057113107,-0.0015828371,0.006596789,-0.008015758,0.002422293,-0.016115133,-0.25300056,-0.82247156,-0.37446794,-0.014283407,3.5176482,0.06459735,0.021186754,0.031008888,0.00537298,0.008409351,13.772446,0.0012661988,-0.005050441,0.058159593,0.004400897,0.00608643,0.00783237,-0.004969118,0.8235648,0.038042713,-0.07651001,0.0076442286,-0.013363528,0.20840357,0.0016184024,-0.16743544
0.002498218,0.006497351,-0.0026274754,-0.0010425906,-0.0019597255,0.0044676415,-0.015329356,-0.004851295,0.0058294428,0.02678408,-0.0010236063,-0.2793098,0.02709245,0.0012127764,-0.0017880057,0.0017304921,8.709528e-05,-18.93621,-0.11946803,0.0043078554,0.0014563026,-0.08369645,-0.010414257,-0.011877974,-0.011518034,-0.006422612,0.028727641,-0.0058922684,-0.008131258,-0.00054354157,0.00069961254,0.0031470996,0.093908355,-0.0046453057,-0.01758873,-0.010103803,-0.01379831,0.017667225,-0.077240996,-0.043128114,-0.006639179,0.0054920707,0.0017336176,0.0035047017,-0.3039213,-1.4076377,-0.33968768,-0.03903303,-2.5845745,-0.06379852,-0.013206169,0.012387093,-0.007415888,-0.00048748462,-9.540919,0.0029187799,0.002700885,-0.0042425944,-0.00012642126,0.0012278096,-0.013784447,-0.0046971957,-0.7791018,0.013614659,-0.09404133,-0.00013081887,0.007134839,-0.43917695,-0.033419814,0.14665534
0.009002099,-0.005672161,-0.012637494,-0.00020638174,-0.0043046884,0.00071121653,0.027621018,-0.0049570734,-0.010348664,-0.054247983,-0.000529689,-0.5095748,0.00015092466,-0.0006208456,0.0063244603,-0.0020819474,6.078624e-05,-12.505521,-0.071406946,0.0057613943,0.0024279894,-0.06340506,-0.0109140305,0.0010604202,-0.00088732375,0.0028059012,-0.058045663,-0.006083849,-0.012374465,-0.0016357637,-0.008665143,0.002507494,-0.0028903175,-0.003706559,-0.0049478905,-0.007831816,-0.07568875,-0.007908818,-0.06579954,0.003684034,0.0002869632,-0.0005803532,0.0041547837,0.0035923356,-0.3286013,-1.4914434,0.0741886,-0.034111805,-1.2245247,-0.054281622,0.0057485825,-0.016069766,-0.0015405243,0.0062789223,-1.2103502,0.002441878,-0.0005214526,0.0033022452,0.0041447035,-0.001066151,-0.015827013,0.0036534239,1.0935936,0.046484485,-0.032693334,0.00024986884,0.006000644,1.0699688,0.014949986,0.18177636
-0.02055864,-0.010388114,0.056896333,0.0020967443,0.069323085,-0.001985976,-0.012966691,-0.0013149336,0.009096357,0.09713372,-0.058758125,-0.031785294,-0.003551964,-0.0025165032,-0.003862991,-0.0060518244,-0.0039891093,23.772516,-0.07449632,0.008326187,-0.0032526522,0.033545732,0.0025224471,-0.00010643966,-0.0663645,-0.005734516,0.0065287245,-0.0046410603,-0.019679112,0.013342382,6.2783365e-06,0.01636482,-0.019897064,-0.030876867,0.013292033,0.08530937,0.050811816,-0.0896713,0.19062662,0.091019906,-0.0023965233,0.002337086,-0.008420727,0.013230517,-0.26838458,2.2228916,0.7910697,0.0023953845,2.136991,-0.009039141,0.020302733,0.024192167,-0.008294862,-0.010612552,2.8920758,0.006212585,0.0028001317,0.035122655,-0.007053548,-0.019022264,0.0016518459,0.0009775033,0.6315808,0.11845504,-0.25851107,-0.024115449,0.017087238,-0.06995427,-0.02274935,-0.078499705
-0.0028423548,-0.032080274,0.009979561,-0.00018717546,-0.008018982,0.0062956885,-0.0133701,0.0014934831,-0.0368679,-0.048017,-0.010411094,-0.5251303,0.0060605756,-0.002722521,0.0062626656,-0.007081869,0.00024806708,-5.835661,-0.08784011,-0.0020329189,0.042721305,-0.035718724,-0.016741604,-0.029812487,-0.04598264,-0.004233492,0.030331926,-0.020296117,0.0021510818,0.0013746535,0.009014449,-0.007702706,-0.008279177,-0.0134009365,0.02573345,-0.020954963,-0.05585685,0.02983703,0.08904486,-0.10371876,-0.0075447853,0.0012061843,-0.0026051179,-0.009686584,-0.6912292,-1.6504761,0.2904412,-0.06992949,-1.3859715,-0.09400791,-0.0029910642,0.033316743,-0.023678653,-0.032114405,-11.216463,0.007588082,-0.0043792846,0.04340838,-0.037411574,-0.030366642,-0.1004943,-0.003994394,-7.4806075,-0.35659403,-0.06160921,0.008263101,0.018819582,-0.8454395,0.024743438,-0.07958811
-0.07254924,0.013652083,-0.002152892,-0.0004815492,-0.009710937,-0.047177058,-0.06303956,0.024317237,0.0104400925,-0.11821096,-0.01691537,-0.8432583,-0.005023419,-0.012234245,0.0007456915,-0.005888434,5.24216e-06,3.5139925,0.017046016,0.0058988077,0.034952875,0.038331646,-0.0055221505,0.020202465,-0.03429117,0.0008797593,-0.114363186,0.0058646714,0.014731959,0.017355714,-0.009841225,0.029588655,-0.016404485,-0.009661224,0.009069875,-0.0143546825,-0.08067365,0.041437536,0.21694227,0.026981011,-0.023561988,-0.033366904,-0.014201003,0.011137828,-1.0619572,-1.8087406,0.20755723,-0.029366907,1.7351353,-0.01392023,0.00568715,-0.028210592,-0.043592818,-0.053392585,-11.271473,-0.0057980446,-0.0051754336,-0.08656466,0.00695096,-0.0036592316,-0.14278536,0.0071656443,-14.188084,-1.9072614,0.038854998,-0.004554276,0.013823522,0.42588407,0.005975537,0.08512136
-0.0056163506,-0.437859,0.0068642017,0.0011828775,0.005479435,-0.02548643,-0.30057466,-0.044694893,0.022544505,-0.16322824,0.020923693,0.07448034,0.0045573795,-0.0412547,0.21856223,0.031582594,7.112924e-05,40.212914,-0.037938092,-0.04652771,0.04402329,0.33257273,0.17296672,0.15129168,-0.069326855,-0.07674194,-0.005981061,0.049050305,-0.22116128,0.028201481,-0.016820043,-0.016994916,-0.0073276046,0.066406235,0.08204377,-0.09788104,0.023916837,-0.23895623,0.042208143,0.07905934,-0.036505114,0.015925037,0.066437386,0.043065596,1.9205693,24.363937,4.5680594,0.26277933,4.869391,0.20750897,0.0651634,-0.008695399,0.024749897,-0.015741961,2.9655678,-0.029863471,0.008584114,-0.05200328,-0.010447599,-0.0022673344,0.0559368,0.06715128,-1.123101,0.13281493,0.70532066,0.0030976292,-0.15922393,0.21087149,-0.031647403,0.118741825
0.14353302,0.06261207,0.0031644974,-0.0049691196,-0.06774971,-0.00025712664,0.030816875,-0.04291048,-0.043015875,0.06844254,0.01985632,-0.15842578,0.06524624,-0.028899293,0.0039271736,0.004252173,1.6897247e-05,-16.087568,-0.10160324,0.029400418,0.017440727,-0.053506937,-0.10426955,-0.019404821,0.007886643,0.0067969942,-0.00094293075,0.009469272,-0.016408945,0.0066348864,0.002822521,-0.04261978,0.11886837,-0.1074501,0.034194566,0.14275526,0.13850072,0.20737964,0.32991406,0.14902933,0.010840402,0.06142634,-0.046940316,0.013440851,0.123435594,1.1781937,0.8724603,0.108151,-2.3736475,-0.047896508,0.020768898,0.028085679,-0.0123167755,0.0019893094,-2.6689284,0.0152623635,0.0018603682,-0.0007586003,-0.003179806,-0.007018793,-0.022622488,-0.018029345,-0.7990843,0.112638876,0.05084034,-0.03576935,0.038920138,-0.25741,0.014550629,-0.12551983
0.0036548804,-0.0031168875,-0.002630315,-5.9003916e-05,0.004973136,-0.009354461,-0.0036849193,0.002427355,-0.00599874,0.0056399815,-0.0014529349,-0.32395172,-0.002562207,-0.0015412199,0.0018910225,0.002366658,8.668574e-05,-18.20303,-0.100510746,-0.0035876909,0.0122329015,-0.10555318,-0.015610607,-0.0053614425,0.013732761,-0.0045846035,0.01549844,0.013051366,-0.0027392332,-0.008397822,-0.00029371044,0.004602195,-0.0013778516,-0.0031838466,-0.016042912,-0.007738099,-0.023636552,0.004279903,-0.08745952,0.0030695605,0.025188884,0.03451797,-0.0030520018,0.0023074392,-0.28998616,-1.1236489,-0.48129356,-0.0334387,-2.531459,-0.0022563885,-0.015039405,-0.052286536,-0.00080383423,-0.016882814,-7.413534,0.0021197544,-0.0037660184,0.0064881463,-0.001090073,0.010844767,-0.032878987,-0.006125532,-0.33694336,-0.044923287,-0.07332454,0.0070010033,0.010005435,-0.050910484,0.011009517,0.03670468
0.011096459,-0.044589393,-0.009520969,0.00023748333,-0.0072213556,-0.013676127,-0.01333829,0.0037836046,-0.006641872,-0.057143766,-0.01527627,-0.57451826,-0.0025380645,0.00056624523,0.013113751,-0.004009493,0.00024751274,-2.9545794,-0.041398462,-0.048015133,-0.040232614,-0.013191319,-0.014068528,0.0015150029,-0.038105402,-0.010114653,-0.046829354,-0.010929552,0.0053679836,-0.018506436,0.007313959,0.032967914,-0.012656124,0.018387934,0.0027573928,-0.012834026,-0.042999614,0.03956416,0.065017395,-0.010329759,-0.030771261,-0.025781767,-0.0021628425,0.009391821,-0.81165266,-2.1100228,0.18743701,-0.03641243,1.8128903,-0.062272247,-0.026565675,-0.010119265,-0.022421205,-0.044741478,-15.987192,-0.0062948284,-0.030227823,0.0024018807,-0.037692036,-0.015409503,-0.14330626,-0.030891716,-11.070743,-1.1762712,0.013293772,-0.0014496378,-0.0009889817,0.4165574,-0.0034899781,0.08629204
-0.0026199592,0.01446586,0.076191835,-3.6615187e-05,-0.032040507,-0.17616123,0.021087095,-0.002226146,-0.016438881,-0.15772371,-0.0063022184,-0.63149875,-0.033752613,0.021140905,0.047463585,0.0020461085,0.0035138428,23.626112,0.012408917,-0.032645147,0.03465785,0.019007744,0.033723567,0.02772563,0.03632953,0.027887331,-0.011022762,0.033521935,-0.022584418,-0.005730231,-0.05135349,0.02633589,-0.18040308,-0.083835475,-0.01740473,-0.04598975,-0.023434132,-0.19202654,0.19900754,0.029116284,-0.019054059,-0.014891714,-0.0082291,0.0028385012,-0.5855028,5.6866555,0.6199993,-0.1265421,2.0095713,-0.09572987,0.16352387,0.048613306,-0.022159394,0.054195654,-0.9376167,-0.016594257,0.047806963,-0.021253392,-0.021989128,-0.0040008216,-0.0027457634,-0.004803478,-3.598966,0.30707183,-0.15010558,0.06825621,-0.006005365,-0.10699562,0.030001625,-0.059280895
-0.03961328,-0.06628325,-0.02034423,-0.00061098405,-0.0027259148,-0.065615974,-0.07122156,-0.06540186,0.0049093394,-0.32257771,-0.010441357,-0.85594505,-0.054852683,0.0018134275,0.004539839,0.009373348,0.00044568354,-2.4666214,-0.25065538,0.0015136224,-0.054542888,0.02334171,-0.02535976,0.011637193,0.00433665,0.027450554,-6.8205874e-05,0.013175863,0.019432636,0.00034240683,-0.013539087,-0.026849343,-0.01028832,-0.15513067,-0.01805007,-0.0067719175,-0.16161552,-0.44704133,0.11738662,-0.35931754,-0.0023871225,0.03067242,0.0031889053,-0.0002470361,0.22940345,0.3308527,0.51685596,-0.14094564,-1.4651817,-0.029250663,-0.040430818,-0.16306548,0.00027691014,0.0023255171,-9.290897,-0.028710635,-0.007078295,0.007690484,0.0161413,0.01028359,-0.10005753,-0.039578393,-0.257299,0.61735,0.6387952,0.06637752,-0.08685844,-0.08390554,-0.020122128,0.025295686
0.008062045,-0.0070371833,-0.00072751596,-0.00049922144,-0.009580279,0.003066327,-0.0066506835,0.0010700509,0.0057342397,0.012242665,-0.0019206697,-0.28817746,-0.0021953378,-0.0023683163,0.0025780322,4.146788e-05,5.7562727e-05,-18.72546,-0.10409007,-0.0055464087,0.006616484,-0.03635593,-0.02147665,-0.00013424602,0.00047028408,0.0016856403,-0.022821229,0.015976198,0.008348097,-0.0021757046,-0.0031427532,0.004622473,-0.0045645544,-0.05443576,0.00090929697,-0.00837154,-0.045013204,-0.012386711,-0.07784847,0.0103632575,-0.0030784393,-0.004459078,-0.0028036148,0.002074141,-0.29943675,-1.1556332,-0.4511721,-0.03190837,-2.547012,-0.006970388,-0.023127163,-0.0009813163,-0.0029442855,-0.013931895,-7.920996,0.00047036426,-0.0013414926,0.009613657,-4.611678e-05,0.006647438,-0.03467488,0.002451667,-0.010129422,-0.03817603,-0.073347114,-0.015261262,0.013351859,0.453906,0.015294397,0.15402415
0.0042480263,-0.018768001,-0.0054736882,-0.00087538117,-0.00082353887,-0.0012782085,0.02635922,0.00246687,0.006509082,-0.022580044,-0.010560022,-0.24218538,-0.004662246,0.00029935184,-0.0005305602,-0.0010531202,9.344503e-05,28.004467,0.014027241,0.004811015,-0.0045302296,-0.03744697,-0.00889291,-0.0020907957,0.00850392,0.0017014749,0.021429203,-0.025225703,-0.010750644,-0.002572238,-0.0032811917,-0.0027002112,-0.0023625682,0.015272271,-0.0014058163,-0.019959794,-0.020354027,0.00560255,-0.06133551,-0.050991338,-0.0047544865,-0.002257243,0.0050698863,-0.0075263656,-0.26620507,-0.874421,-0.36084887,-0.031352986,4.2533298,0.10315709,0.013625423,0.046675064,0.003706004,-0.003816345,13.701441,-0.0034212018,0.0030212791,0.051047817,-0.009587047,0.000650547,-0.021577151,0.00073537644,0.917799,0.038270663,-0.06961775,0.0812368,0.01736229,-0.20750311,0.008860782,-0.10671281
0.010461836,-0.001756734,0.009859362,-0.0005838224,0.0071872347,-0.016905278,0.04137146,0.0028945701,-0.006662101,-0.051368702,-0.000272261,-0.35272148,-0.0006504099,-0.0017738731,-0.015302506,0.007305054,-0.00010531383,25.797367,0.0059784446,0.0041577783,0.0013983386,-0.010375056,0.02025667,-0.002165763,-0.0021773593,0.0010885115,0.014738905,-0.019314066,-0.01192816,0.00801017,-0.00015928669,-0.0009361513,0.0072762193,-0.0031825337,0.005895386,-0.013333428,-0.038549937,0.008886819,0.033003118,-0.06457224,-0.0010190037,-0.0020051105,-0.003302404,-0.008763212,-0.3899886,-1.0184125,0.14397186,-0.03448856,3.3207448,0.1298525,0.0027200172,0.08313862,0.0025417474,0.00046355248,12.243512,0.0016232777,-0.0035884227,0.022921117,-0.00013616128,0.0012600182,-0.0230156,0.0024461627,0.3742725,0.07695952,-0.04343216,0.0952468,0.015027077,-0.4140488,0.012997898,-0.13058417
0.16945279,0.04691592,-0.09828446,-0.0007173682,0.010198959,0.023913514,0.073786706,-0.008995532,0.006028445,0.06621129,-0.022060703,0.32178214,0.059449535,-0.00010109076,0.009274915,-0.003943539,-0.00015619295,-17.335245,0.020838954,0.024259288,0.013804055,0.09492952,-0.009305187,-0.01857655,0.014515599,-0.0019356785,-0.021118684,0.027025491,-0.010610925,0.010488672,0.019977141,0.012889121,0.0034898042,0.004652646,0.026587382,0.0071154987,0.2630039,0.12279174,0.29644856,0.05041469,0.00068262336,0.014576355,-0.031505533,0.00615216,0.03986322,-1.5928696,0.28339192,-0.02450158,-2.594962,-0.03538271,-0.018654726,0.03497233,-0.0034706648,-0.014306751,-4.183029,-0.01452659,0.0032432848,0.011278319,-0.00068958814,-0.030783132,-0.059100617,0.02298297,14.529916,0.07178074,-0.3445751,-0.019769402,0.014891304,-0.09018816,0.029755553,-0.03592747
-0.038017683,0.002338542,-0.0008600096,-0.00012380935,-0.023602827,-0.019377576,-0.009304383,-0.0040066596,-0.07684784,0.0350523,-0.013116125,0.0063079107,-0.011103787,0.018307112,-0.0004494614,-0.002004346,3.0596388e-05,-18.337084,-0.0998422,0.006348495,0.00034590968,-0.061082106,-0.029734697,-0.005314509,-0.015468569,0.0318408,-0.07811247,0.011814402,-0.013540089,0.008449352,-0.0026996871,0.0023680287,0.050717823,0.010004129,0.14806782,-0.0018048207,0.046417326,-0.035428233,-0.057712857,-0.019023284,0.01283298,0.013931849,-0.019385247,0.0026869385,0.022819033,-1.2900671,-0.6778235,0.16369407,-2.6947403,0.004797493,-0.015303448,-0.019795936,-0.010855618,-0.02151149,-6.4331994,-0.019318825,0.009651419,0.010330241,0.007268994,-0.018133858,-0.05989966,0.01957417,-0.50964504,-0.026989575,-0.0659051,0.009144037,0.023889024,0.44471717,0.008954286,0.19720481
0.0065603075,-0.019749567,-0.0041006533,-0.000116995056,0.0032163917,-0.0014739091,0.0028907214,-0.011190718,-0.012623176,-0.046903327,-0.012030301,-0.4184222,-0.0012977798,-0.0014957899,0.015848674,0.001026189,7.047422e-05,-16.200037,-0.082690515,0.0020706374,-0.0021763064,-0.08654483,-0.030471873,0.0065734517,0.00021169342,0.0014602983,0.024899134,-0.010357884,-0.0071389787,0.0001953759,-0.0025043166,0.0039028153,0.0019914184,0.01259249,-0.0038530685,-0.007836169,-0.055932734,-0.010691798,-0.076436445,-0.04198703,-0.006361214,-0.007284939,0.0077341665,0.0036122326,-0.27851716,-1.3058568,-0.28991556,-0.04409774,-2.2591867,-0.020069106,0.015934149,-0.012601864,-0.0021884867,0.013531714,-1.2546082,-0.0041788337,0.0056134453,0.017651517,0.0017639949,7.031348e-05,-0.015172019,0.0060971645,1.2404096,0.062162764,-0.06105104,-0.0004226226,-0.04954335,0.7713464,-0.027072705,0.15810312
0.017490089,0.013361478,0.0041931323,-0.00013964712,0.0059961905,0.0043167244,1.803357e-05,0.006266444,-0.034460757,0.033271324,-0.016391214,0.5393375,-0.031477604,0.0073322165,-0.019554904,-7.6003045e-05,0.0018007283,-3.73925,-0.04752113,-0.00218469,0.02539013,0.035198547,0.023155885,0.029218417,0.0007477973,-0.010027288,0.027735049,-0.0010377637,0.009383673,-0.010782883,-0.009157054,0.0063295746,-0.059986994,0.009972473,-0.035462156,-0.0062967213,0.011399864,-0.062651664,-0.39316693,-0.005707656,-0.01917079,-0.013585503,0.0007683876,0.0028963317,0.68524104,-0.47095785,-1.4691333,0.04156694,-0.81630665,-0.056058552,0.016823905,0.009680837,-0.002099635,-0.0070276526,4.240916,0.0037129035,0.009100053,0.0048303585,-0.0014676271,0.0025471586,-0.02214784,0.015894553,-0.70743597,0.04637262,-0.042479627,-0.03689392,0.004488451,0.1309224,0.010554357,-0.029075203
0.23483035,0.05566285,0.008695514,-0.0007275256,-0.016997801,0.0020755911,0.07584879,0.015221522,-0.021929745,0.08616881,-0.017593116,-0.18256034,0.10136624,-0.027262127,0.0051391004,-0.0059570256,-0.000577425,-16.195116,0.023131557,0.0048338464,0.026910145,-0.06903192,0.025221622,0.008748479,0.030346002,0.010549113,-5.0597126e-05,0.026646191,0.0069514774,0.02792886,0.011371024,-0.019675791,0.024185147,-0.0046587843,0.0054941094,0.12044242,0.30291024,0.30908087,0.23904061,0.017408645,-0.03114593,0.033122584,-0.043475732,0.0007124625,-0.76542366,0.17559202,0.7002239,0.08371757,-2.2046754,-0.027583817,0.021340637,0.075400196,0.012203336,0.0010671903,-2.7011192,0.00713717,-0.009439288,0.012598107,-0.057598636,0.014106979,-0.018742943,0.020748407,12.613937,-0.003491543,-0.3097539,0.011096572,-0.047691114,-0.33603856,-0.0045988006,-0.16651753
-0.0055914475,0.0052446085,-0.0028182508,-0.00023416184,0.0029167023,0.004725016,-0.021590851,0.0013016938,0.001879439,0.028891182,-0.0018573463,-0.023954367,-0.0009330603,-0.0019029113,0.0027158768,0.00041652741,8.822652e-05,-19.694923,-0.091379635,-0.00023925347,-0.020042552,-0.1326737,-0.025150547,-0.0017133375,0.011941114,-0.0050804894,0.0081688585,0.024620418,0.006539613,-0.004188225,-0.012759486,0.006806065,0.00011603864,-0.0016435893,0.0018472697,-0.003925924,-0.042039856,0.017984165,-0.099839315,0.03295065,-0.0023994402,0.0056807944,-0.016152577,0.0046423185,-0.26494372,-1.2567309,-0.57199836,-0.014740998,-2.7976344,-0.0024422237,-0.032760415,-0.03421725,-0.002823942,-0.016523395,-10.5104885,-0.00090321456,-0.010079083,-0.02232756,0.0018558446,-0.009949741,-0.05727041,-0.0034862177,-0.10009415,-0.0373511,-0.09256502,0.011311434,-0.0122536095,0.1835241,0.006686942,0.06733576
-0.047645487,-0.006463408,0.0032103483,-0.0011604159,-0.015583137,0.0018201062,-0.013766422,0.0018276714,-0.007798447,0.043247096,-0.010224237,0.43899214,-0.029774627,0.005727921,0.011883587,-0.000161859,0.0012330186,10.1625185,-0.01252646,0.00094032503,0.0007006696,-0.043852083,-0.018294923,-0.0026448928,-0.00020495427,0.003769406,0.021537567,-0.007176432,-0.006631334,0.0030664564,0.003542259,-0.00489871,-0.002867559,0.010772085,-0.015860556,0.011245049,0.010807888,-0.018162953,-0.23862131,-0.009103163,0.010187615,-0.009624593,-0.00095300435,0.0032054984,0.7476719,-1.1056529,-0.8432243,0.036071785,2.4621074,-0.027584508,0.004013497,0.009211574,0.0034177017,0.012245261,5.7809615,0.0031379303,0.007224576,0.023028266,-0.0017691196,0.0018909842,-0.0010885552,0.0054066926,-0.9517615,0.06349769,-0.05027447,0.015403628,-0.014732851,-0.09517953,0.013361667,-0.085553266
-0.03190218,-0.002462308,-0.005789284,-0.00040219535,0.0033826672,0.0019606648,-0.014888724,-0.002042227,-0.0063821087,0.026399177,-0.0019512252,0.23789276,-0.018787049,-0.000802311,0.0057857134,-9.7402706e-05,2.3087541e-05,10.403892,-0.014026379,-0.0019371819,-0.004820155,0.013870369,0.013465392,-0.002808155,-0.0033290104,0.0014619585,0.021832889,-0.0046083354,0.0009846448,0.009981048,0.022869347,0.0015380078,0.0038473783,0.002838281,-0.020803377,0.0058071706,0.0070057753,0.019394599,-0.13740702,0.046424516,0.0037138518,0.0006717412,0.0010520307,0.015200992,-0.007434883,-1.0289085,-0.5535669,0.055691898,2.4641712,-0.022865465,0.0048821084,0.012447467,0.00059627416,0.005566028,5.667997,0.0030226542,0.0049533756,0.019817082,-0.0053757066,-0.010437516,-0.005495282,0.004422804,-0.8591249,0.03357024,-0.049705494,0.009338529,-0.0056785545,-0.116842225,0.003951867,-0.10143775
0.0042638634,-0.02222337,-0.009201691,-0.000118203025,-0.0015184048,-0.01638637,-0.012417735,-0.004066427,-0.0031467562,-0.034145992,-0.0075529525,-0.2340037,-0.0052138325,-0.006957686,-0.009167252,0.00016613808,-0.00010554215,8.611914,-0.03446483,0.0036408629,0.02956649,-0.047254477,-0.012930044,-0.007054791,0.0013454697,-0.000105747524,0.03200798,-0.0073476788,0.007825133,-0.0009475042,-0.006495379,-0.007999671,-0.00036720722,0.003498807,-0.006200202,-0.0041605504,-0.021161994,0.029301113,-0.061543975,0.002804906,-0.00332445,-0.001728224,-0.000163132,0.0043658568,-0.26515332,-0.9851049,-0.32819065,-0.03556788,2.1754782,-0.009415541,0.018139185,0.032232307,0.0015581755,0.011587297,3.3994155,0.001714901,0.005319468,0.053940963,0.0024404745,0.002755669,-0.00839537,0.006607403,-0.5958508,0.009598547,-0.029865753,-0.0017413909,-0.018825209,-0.11157429,-0.0106002055,0.089096524
-0.023885231,-0.008219771,0.009291369,-0.00040538464,-0.0096977055,-0.0041250363,-0.017282296,0.0040062205,-0.0015203708,0.0020643221,-0.0053347023,-0.01691282,-5.9787875e-05,-0.0030003393,-0.014305702,-0.0014558742,4.1503645e-05,7.759127,-0.048437707,-0.0031482526,0.015537656,0.00053441,0.013773869,0.015992768,-0.001721135,-0.0008305266,0.019278703,0.00034006315,0.008924728,-0.003537331,-0.0016322942,-0.00026425233,0.0028838133,-0.0030237325,-0.007290279,-0.009627859,-0.01598925,0.029876329,-0.07505757,0.027016776,-0.0014819973,-0.0018234645,-0.0022285609,-0.0025508734,-0.2307338,-1.0992404,-0.42255658,0.011108053,1.9934014,-0.0021949538,0.0056946673,0.0076656276,0.0039024574,0.0031690306,2.685619,0.0033640363,0.0006228818,0.015873957,-0.00036677095,-0.009461757,-0.008300178,0.008395825,-0.18941605,-0.023108047,-0.03347664,0.012875452,-0.022970032,0.117392145,0.007733596,0.08837583
-0.014411648,-0.010414028,0.020800183,-0.0008239982,-0.005198079,0.016290447,-0.01885969,-0.004729422,-0.00026965304,0.031255957,0.0019680576,-0.39211297,0.004731171,-0.012481182,0.03029184,-0.0002306693,7.949212e-05,-23.096224,-0.13534299,0.08049349,0.0077786203,-0.13766764,-0.022928046,-0.0029989826,0.05088802,0.04293865,-0.05375345,0.030130003,0.0010705104,0.0087828,0.0041572517,0.013509695,0.008641615,-0.018999338,0.008120764,-0.03326939,-0.019554984,-0.008917915,0.01692272,0.015691338,0.002430774,0.05559372,0.00078575127,-0.013433534,-0.3340043,-1.8672476,-0.39665702,-0.021376476,-3.4819245,-0.033765893,-0.024908481,-0.051175654,-0.01390904,0.05736587,-19.882233,-0.0029695893,0.0033256216,-0.19743413,-0.012973065,-0.018604,-0.048895273,-0.017585857,-0.4548759,-0.04401497,-0.065768674,-0.025957035,0.017801732,-0.010941029,0.0049509197,0.0973211
0.020385109,-0.009601224,0.023844264,0.00039514448,-0.013179974,0.028808508,0.009946799,-0.018456317,-0.003173041,-0.083600804,-0.020961294,-0.28113505,0.00015300073,0.015130721,-0.0034892461,0.0017396546,-0.00079901307,8.847309,0.0427629,0.06726232,0.23803586,0.031482503,-0.0341722,0.044421304,-0.027839659,-0.006578593,0.033198822,-0.01590642,0.034631494,-0.0076023503,0.014571978,-0.0034769364,-0.010675363,0.002538254,-0.01771811,-0.0068659578,-0.039671265,0.02563091,0.22148463,-0.016271977,-0.015153926,-0.050431106,-0.0059982124,-0.002037333,-0.38163862,-1.2996045,0.33376905,-0.040530745,2.028934,0.0064705405,-0.0025530548,0.05150798,-0.015455103,0.015684811,-1.6430411,-0.007998413,-0.021241203,0.0006601998,-0.06530941,-0.020536438,-0.10461417,0.041378774,-11.049082,-1.1204016,-0.014715623,0.0074051935,-0.0015233388,0.079587124,0.037610274,-0.022970157
0.009575731,-0.003312822,-0.0038010585,-0.00043843806,-0.0043890914,-0.06695505,0.02503326,-0.018913144,0.0014262134,-0.04998366,0.012530098,-0.24967189,-0.0075210053,0.019976893,0.034044106,0.0062366254,-0.0062416247,24.285097,0.021290839,0.0069923466,-0.01020974,0.066211805,-0.06730128,0.016483527,0.003418553,-0.007698043,0.021467013,-0.02640145,-0.012796697,0.006445094,0.008094565,-0.011756003,-0.00090124254,0.028199509,-0.06851364,-0.01994217,-0.03566915,0.0040194257,0.12065293,-0.058527462,-0.0017006133,-0.0035652777,-0.004214943,-0.019345356,-0.29030403,-1.0762048,0.116687015,-0.03629363,3.3383534,0.13637672,0.055561982,0.046782047,-0.0042815404,-0.0021577196,12.625417,0.0040151286,-0.003929668,0.056452207,0.005568054,0.00047444223,-0.0037309048,0.020813549,0.24818057,-0.3881348,-0.026547704,0.004149559,0.007775574,-0.3226009,0.0060034594,-0.20217897
-0.026237626,-0.04018565,-0.00075369544,5.653646e-05,-0.010777546,0.012735471,0.01822694,0.006830098,-0.022681756,-0.021000905,-0.013033378,-0.010949714,0.03624544,-0.0011148273,0.044962123,0.0038458547,0.0031474498,22.03125,-0.105719715,0.017231843,0.03261749,0.04570605,0.04167604,-0.0010383694,0.018375507,0.024651695,0.002915737,0.029386433,-0.009577043,0.0045116944,-0.020795604,-0.0076511656,0.10499907,-0.013889025,0.027507327,-0.009898241,-0.02691424,-0.09231024,0.21753632,0.057648856,-0.028539324,-0.0029426669,0.009673389,0.012678195,0.6625987,6.206521,1.094187,-0.08937566,2.6614342,-0.016663603,0.024652591,0.014007263,-0.035329662,0.033813223,0.28161904,-0.010511554,0.004180504,-0.0072402535,-0.012455147,0.000588006,-0.016104769,0.0034470782,3.4377625,0.98077136,0.009485138,0.023422165,0.025135256,-0.083390675,0.015573678,-0.055921923
-0.01071936,-0.003005757,-0.003396503,-0.00012146481,0.0027907926,0.00019437926,-0.003490344,0.004427677,0.00028441654,0.026150802,-0.0040658275,0.033211917,-0.0032340635,-0.007354002,0.0038803476,-0.00015071305,-0.00012054863,-11.160351,-0.09533794,-0.009939856,0.010507107,-0.027148696,0.0060462635,-0.0043230103,0.0007900698,0.0003041358,0.01608388,0.0038394849,0.006364152,-0.005537825,-0.0008600233,0.004033932,-0.0009589652,-0.004066741,-0.008965835,-0.008037652,0.0059896633,0.0033007888,-0.092395686,0.02561982,-0.005822062,-0.0012958361,-0.008392127,-0.0034098912,-0.09078701,-1.1271968,-0.549849,-0.009340571,-1.3233624,-0.052442774,-0.010319277,-0.00029457101,-0.002217744,0.0029599783,-3.3293965,0.001856991,-0.002188235,0.019168863,0.003071074,-0.016585259,-0.029337315,0.004131984,-0.95273834,-0.047564246,-0.07032662,-0.008430909,-0.00048474278,-0.21641652,0.0065329364,-0.08748143
-0.033051074,0.02089627,0.0005476442,-0.0008525117,0.01534323,-0.004801105,-0.0072688255,-0.0225875,0.012851841,0.052622247,0.029738288,-0.161542,0.07883735,-0.0011628431,-0.017865848,-0.0057452708,2.015218e-05,-18.821297,-0.11302579,0.008165552,-0.0040583503,0.015902935,0.018790115,-0.00559091,0.030923419,0.0037654482,-0.061428595,0.033647537,-0.019317761,-0.00035861722,0.0010358716,0.0037578878,0.017239546,0.0025573769,0.027423263,-0.02826886,-0.058249395,0.19018117,0.19892533,0.05291086,0.020221855,0.06575061,-0.016520806,0.008318196,-0.23894162,-1.7557284,0.45467886,0.09766709,-2.6783042,-0.012758634,0.047194302,0.024994224,-0.003295218,-0.01026129,-7.796071,0.0015899122,0.001102077,0.0010241244,-0.0056447326,0.0025093998,-0.017910762,-0.0077996454,-0.3010541,0.028852068,0.0016756514,0.10591509,0.017040359,0.012377017,-0.059034497,0.1601911
-0.058748554,0.010944966,0.019285928,-0.00019890905,-0.001761196,0.025972586,-0.04416868,-0.013652683,0.0058468548,-0.09897473,-0.012348957,-0.5495034,-0.0061430736,-0.0011621283,0.00772646,-0.0024188622,-0.00053108943,-12.959402,-0.09957366,-0.009636402,-0.09657152,-0.016316319,0.0006728651,0.005842325,0.0012167087,0.24420363,-0.07500538,-0.02120182,0.011632636,0.009766553,-0.0043459404,0.012739097,-0.0009532312,-0.041656327,0.011779727,-0.018915666,-0.08262084,-0.10699832,0.13721032,-0.13057576,-0.009124432,0.02166692,-0.009033534,0.004667255,-0.2807371,-1.8637059,0.118580304,-0.009280023,-1.7073413,-0.05617977,-0.029348759,-0.11075651,-0.011524073,-0.027804524,-16.442627,-0.0032167998,0.0161553,-0.22003278,0.00079633854,-0.0019597814,-0.04124766,-0.017218696,-6.280214,-0.20147632,-0.36745727,-0.03283076,-0.0506819,0.18990497,0.0037912875,-0.011129883
-0.12840338,-0.017771678,0.019894443,-0.0003834583,-0.007524066,-0.004098372,-0.0057722945,0.0016945815,-0.007216339,0.01889444,-0.0018499233,-0.009428475,0.0010428567,0.008328801,0.00530927,-0.0045932047,0.00012995076,7.7536335,-0.024389118,-0.0020590401,0.009783022,0.047490448,0.007689354,0.037084986,-0.00034048373,0.0023386509,0.020730127,-0.004616317,-0.005288524,0.0021912246,0.020289803,-0.0030784917,-0.0037716161,-0.008741332,-0.00015098717,-0.0113812825,-0.010931007,0.011331737,-0.07916076,0.023655454,0.0032852204,-0.0014663581,-0.0004568304,0.010815869,-0.18263794,-1.1488026,-0.45346436,0.013696486,1.9990555,-0.0054883235,0.0071517294,0.009305292,0.0013784124,0.005809116,2.601561,0.0034514542,-0.0016732225,0.012575971,-0.034827054,-0.022793042,0.0027375028,0.009525635,-0.2972168,-0.032076716,-0.038956888,-0.020713221,0.004515788,-0.37708646,0.0064802747,-0.06411851
0.099879265,0.059156977,-0.04417216,-0.00071288535,0.007865989,-0.019559601,0.062428474,-0.016353734,-0.012355098,0.1446614,0.00982029,0.40332776,0.013663108,-0.015880069,0.02346551,-0.010207788,-2.7164773e-05,-15.271914,0.03869506,0.006886301,0.01618035,0.1192479,0.06277186,0.11608884,0.021408377,0.008197407,-0.04636749,0.01130723,0.023206942,-0.041825935,-0.014628404,-0.0062752315,-0.006380399,-0.08575898,0.06515179,0.20043515,0.32332426,-0.043158785,0.44023442,0.04135641,0.060870152,0.06054419,-0.026290856,-0.004632802,0.07333907,6.0394573,1.5973952,0.15412176,-2.3284433,-0.03713831,0.035950087,0.06542479,-0.0042817127,0.024365185,-3.3770888,-0.013108403,-0.009603773,-0.011249501,-0.012099753,0.023845129,-0.07117559,0.05708832,12.072667,-0.06287662,-0.23006201,-0.009396519,0.032665003,-0.15992776,0.028838921,-0.03528913
0.025395475,0.11882385,0.047210388,-4.355165e-05,-0.05193147,0.017762586,0.0012242554,-0.015322221,0.023609614,0.22784472,-0.05579577,0.16461496,-0.035195198,0.007562791,0.004428299,-0.020746522,-0.00023392783,7.1381135,-0.021736497,-0.009213002,0.07494941,-0.5312933,0.13341278,-0.026262965,-0.008501947,-0.002324997,0.058678187,0.015665848,-0.0074178325,0.005695139,-0.008454263,-0.0022971528,0.04941585,-0.0023718667,-0.028090185,0.23716438,0.050356846,-0.079135284,-0.27510118,-0.11601299,-0.006219363,-0.015822351,0.027160546,0.012401683,0.8050927,12.169331,0.6058056,0.010482955,2.239678,-0.014370043,0.08429017,0.019267632,4.4360782e-05,-0.018746464,4.26644,-0.00027033995,-0.0017976052,0.024086045,-0.013174031,-0.0044451994,0.00828797,0.008586841,-0.45728147,-0.03233489,0.00046514504,-0.056578267,-0.03509687,-0.058197077,-0.016863924,-0.027633496
-0.019065192,-0.00019463629,0.0014028882,-0.00022672336,0.004792448,-0.0058535337,-0.005985601,7.267738e-05,0.012341166,0.03749071,-0.0049117217,-0.04293504,-0.00539032,7.257374e-05,0.0064631747,-0.001656534,5.8693266e-05,-15.01786,-0.09047585,-0.009145489,0.0074589225,-0.024822017,-0.014983914,-0.014360174,-0.002363617,-0.0081487745,-0.032756664,0.00779526,0.0006515463,-0.006887398,0.0003746986,0.0057767336,-0.043223854,0.01297692,0.039157398,0.0046473285,-0.0004944225,-0.00016377852,-0.06355581,0.047221906,-0.0045125578,0.003945512,-0.01716515,0.003356721,-0.24570943,-1.0935237,-0.50044775,-0.02601735,-1.2588519,-0.0491492,-0.0047774534,-0.0038337281,-0.0075918264,-0.025326734,-1.3118757,-0.0042365436,-2.6429065e-05,0.01564685,-0.0021936474,0.011199827,-0.02782353,0.0062588123,-0.44032964,-0.05501119,-0.059536804,0.0060410127,0.0041486383,0.20347509,-0.012064937,0.17116128
-0.02225066,-0.044176415,0.046209197,-0.0001308256,0.005740602,0.021123037,-0.05312701,-0.015362225,-0.026209803,-0.083015464,-0.022894109,-0.5487969,-0.005014345,0.00030411285,0.027941346,0.012990355,0.0031495907,14.968513,0.020575117,-0.0013792617,0.041680656,0.06859549,0.005837013,0.029358758,-0.039932854,-0.009426972,0.14422517,-0.018696757,-0.046938065,-0.013198031,-0.005928104,-0.002709662,-0.014464446,0.008274424,0.019784926,-0.0085120285,-0.0637444,-0.062243544,0.12163292,0.011815066,-0.00984137,-0.02043003,0.0034078122,-0.004158965,-0.29548836,1.0896484,0.48953992,-0.10531361,2.006872,-0.0028919831,-0.10571951,0.046036176,-0.013532083,-0.004946927,0.6027793,0.006798927,-0.0053511583,0.018474191,0.01140204,-0.0053943046,0.003680133,0.03798452,-9.58083,-0.57959056,-0.34268206,-0.01937832,-0.011137044,-0.07722475,-0.0046917377,-0.035218578
0.005843052,-0.004839648,-0.003219957,-0.00016660208,-0.003757481,-0.0049111075,-0.005479163,0.002301782,-0.0016243426,0.0062936423,-0.006870759,-0.27197978,-0.0021559366,-0.0002956241,0.0011615917,-9.5516065e-05,8.058509e-05,-17.257011,-0.100748375,-0.012034076,0.0011634309,-0.0063955416,0.013794208,-0.0032861722,-0.004291291,-0.0018192766,0.018783655,-0.006854897,0.0061474387,-0.008655547,-0.0016152734,0.0020435946,0.0033581117,-0.0025185568,0.002440297,-0.008494906,-0.034102112,-0.0005429624,-0.08556941,0.012679549,-0.004177305,0.007883323,0.00028291845,0.00062557746,-0.29234135,-1.07151,-0.45936504,-0.02905228,-2.4292536,-0.04637776,-0.010858539,-0.0014535773,-0.0066126157,0.002160695,-4.7070312,0.0011234686,-0.00028896402,0.0065682833,0.0015225515,-0.0020132547,-0.05261151,0.0052717514,-0.4189497,-0.050795555,-0.08071887,-0.01794513,-0.015354168,-0.64468974,-0.010691778,-0.095486924
0.20597893,0.2556616,0.06797932,0.0021385879,-0.07210739,-0.04913412,-0.15216985,0.011922617,0.029281577,0.123126015,-0.042789802,0.99395835,0.052487437,0.008280939,-0.052816693,-0.018897679,0.00031397954,8.841567,0.023852887,-0.05350323,0.026583828,0.6333263,0.009396427,0.013950636,0.014042351,-0.034754504,0.024574382,0.03982716,-0.0027124197,0.003969715,-0.0012380471,0.018207612,-0.021268263,0.008261446,0.15481043,0.02867688,0.13985224,-0.012831784,-0.086707145,-0.057354227,-0.029272523,0.008487155,-0.015743518,-0.010549477,1.6523122,15.161651,0.001466436,0.27072993,2.1889772,-0.027557632,0.034001607,0.027905943,0.002447002,0.017501412,7.024829,0.012996959,0.007940136,0.024574071,0.07425907,0.006955368,-0.011846704,0.03891374,10.1274,-0.16949049,-0.35781258,0.42576173,-0.04026807,0.15385655,-0.018638087,0.118894905
0.009589145,-0.0147908265,-0.010889796,-4.8823185e-06,0.016350918,-0.0015373179,-0.003846205,0.0038601516,-0.006341493,-0.04336211,-0.005410105,-0.3204429,-0.0072931047,-0.0063964655,-0.008137304,0.00014739468,-0.00013044018,8.292377,0.0044426443,0.0012650187,0.019261656,-0.045528896,-0.0017566388,-0.00014047303,0.0036891797,0.009878302,0.031098617,-0.0035688474,-0.013974906,0.0066412613,0.0010324615,0.0049550296,-0.0005320008,-0.0003151628,-0.0055000526,-0.013726296,-0.026958004,0.024260892,-0.0589029,-6.8586865e-05,-0.00061498047,-0.005036001,0.0022662713,-0.001261099,-0.2969427,-1.1288288,0.05714026,-0.022999264,2.21626,0.10958302,0.045172676,0.016103366,0.001568574,-0.0062397346,3.70348,-0.0049045314,0.0020286883,0.05358832,0.003553931,0.0011852919,-0.0032872949,-0.0053166156,-0.18879826,-0.48846462,-0.023163026,-0.00517822,-0.013162501,0.082363404,-0.008615515,0.10671204
0.0059398925,-0.010872504,-0.014458343,-0.00013218046,0.000519747,0.0013648815,-0.010469232,0.00023160753,-0.0036488762,0.02567302,-0.010139621,-0.06754757,-0.0007188719,-0.000995721,0.004154302,-0.0001624178,8.9447036e-05,-16.450977,-0.088116944,0.0034459194,0.009811695,-0.03161014,-0.0180027,-0.00047995208,-0.004927736,0.00245153,0.015750172,0.0059709633,0.013766573,-0.00536755,-0.004558024,0.0026058822,0.0030084867,0.0074975244,-0.0072449474,-0.0050708577,-0.03627197,-0.01261185,-0.078888245,0.03195881,-0.0024779665,-0.0062579657,0.0012078108,-0.0039448384,-0.25748333,-1.0098089,-0.48005646,-0.011975684,-2.3251085,-0.05273754,-0.014180462,-0.018534651,0.00031566308,0.0070966147,-1.8712478,-0.0012068087,0.005451762,0.011527635,0.0034334124,-0.0049113496,-0.036852002,0.008051751,0.018850433,-0.024465065,-0.08856721,0.0047541102,-0.070790544,0.6023744,0.0046654083,0.06409435
-0.0014466437,-0.014977152,-0.006685616,0.00013912402,0.012289198,-0.0082003595,-0.0132798925,0.008580138,-0.022776494,-0.07104554,-0.0036210252,-0.6284612,-0.009888626,-0.0021457074,0.002384095,-0.00021495958,8.035166e-05,-17.279493,-0.06731199,-0.017801601,-0.005478805,-0.017759534,0.017554268,0.0020565654,0.0039843116,0.00228562,-0.021944296,-0.010435658,0.0064277533,-0.0009594542,-0.0031176081,0.0043971576,-0.0028973774,-0.0038381408,0.00745636,-0.020468755,-0.05250792,0.005832346,0.17888859,-0.016816156,-0.006619979,-0.004798761,-0.0075702295,0.012055356,-0.46549287,-1.5193233,0.23465328,-0.067489214,-1.5146319,-0.06167774,-0.013516835,0.019929763,0.007383945,-0.0041737636,-6.706204,0.0040666633,-0.0014849433,0.0063523618,-0.00050502847,0.0028567354,-0.055663366,0.0008450399,-0.38581297,-0.40608725,-0.03390243,-0.008847806,0.006148316,0.004347264,0.00091682863,-0.030763855
0.00031168177,-0.007285078,0.003434593,-8.750247e-05,0.003495596,-0.00028710003,-0.0094269775,-0.0096666785,-0.0029538395,-0.039377656,0.00030743494,-0.49577805,-0.0017178281,-0.00063268445,0.0037334051,0.003866645,7.809469e-05,-18.385466,-0.118751995,-0.0079318965,0.0027269672,-0.041990235,-0.0107777985,-0.006574848,-0.008329583,-0.01073401,-0.0002247392,-0.006328711,-0.0033921753,-0.0032729113,0.003804172,0.0008004645,-0.0016460553,0.010724251,0.02256881,-0.013927983,-0.048906248,0.015365519,0.0026134977,-0.012217641,-0.0071456707,0.0007692325,0.0008456855,0.0037945807,-0.3851644,-1.6287057,0.1070218,-0.047622308,-2.5012853,-0.056067348,-0.0070903418,0.0023286047,-0.0066269008,-0.0017146833,-8.551077,-0.0023428437,0.0009894241,0.015090478,-0.004969783,-0.014696732,-0.030823758,0.009869914,-0.7589164,-0.21924327,-0.036780436,-0.009218363,-0.016299454,0.023347888,0.005270662,0.1734133
-0.11124455,-0.0084368,0.27453488,-0.00016203876,-0.0019925612,0.0012820613,-0.013168634,-0.005171421,-0.0020765276,-0.048114322,0.004116997,-0.27027455,-0.009876352,-0.0028293275,0.01316062,-0.00016415739,-4.4079206e-06,-0.87255067,0.015116942,0.006637998,0.016412895,-0.032785103,-0.010333481,0.017731981,0.008122078,0.0075689685,0.017507792,0.010773307,-0.014686844,0.0063977516,0.009031118,0.002871262,-0.024000162,0.034886412,0.044172633,-0.0073160077,-0.03956445,0.021881111,-0.06250847,-0.10458667,0.008279764,0.010492216,-0.010584871,-0.00017539917,-0.29149178,-1.1276964,-0.15937552,-0.03582414,1.3315923,0.017186327,0.01848477,0.0120493565,0.0025665176,0.00027870113,5.5172834,0.0033932289,0.002747024,0.0017559363,-0.00083156576,-0.00013869561,0.03365154,-0.004729562,0.17580102,-0.17868926,-0.07318203,0.0012823154,-0.0020555675,0.6277808,0.008885063,0.20170696
-0.033074778,-0.0023097966,-0.0049576215,-0.0005912991,-0.07121662,-0.021465307,-0.006826685,-0.022282097,0.0061834436,-0.05875275,0.010322015,-0.6473463,-0.0022273732,-0.006298959,0.010831065,-0.0010515058,2.4337514e-05,-19.081491,-0.09846028,0.0009503568,-0.007935241,0.09533463,0.06544609,-0.012441505,0.008880645,0.0063743093,-0.06594216,-0.009747815,-0.015285232,-0.01347064,-0.0041491035,0.0051807007,-0.010415628,-0.021125644,0.013832343,-0.025195519,-0.05889275,-0.006628583,0.22880207,0.00040797456,0.0027543446,0.049065825,-0.005966624,0.004633395,-0.28748137,-1.9086155,0.20737629,0.038997576,-2.5750375,-0.004007479,-0.04799753,-0.036890734,-0.010192437,-0.012188932,-7.663254,-0.020776203,0.014377562,0.009898156,-0.0033225645,-0.0005421569,-0.020872524,0.00045747426,1.1806848,0.012538869,-0.078187935,0.0981739,-0.033451796,-0.30927622,0.021447146,0.12607382
0.0015690363,-0.00859379,-0.014222349,-0.00014976376,-0.010311001,0.004669782,-0.023464289,0.007538304,-0.012826456,-0.051919844,-0.0057152244,-0.5108889,-0.005109519,-0.0060784444,-0.0013012985,0.00064697035,-0.0009004568,-12.658925,-0.09307324,-0.018469121,0.0022670198,-0.011166228,-0.025885295,-0.009833794,0.0027626741,0.010650565,-0.015264224,-0.00871975,0.0046087084,0.0048510996,0.0016797732,0.010553576,0.035729606,-0.00879464,0.017207712,-0.014363799,-0.04823215,-0.0032218026,0.09703698,-0.07177689,0.004911736,0.0073523843,-0.00016409869,-0.007651802,-0.39309317,-1.4657003,0.15338835,-0.04923469,-1.2824996,-0.060880583,-0.003681637,0.030422965,0.0010886589,-0.029486842,-2.6814063,0.0020781446,-0.006025113,0.012270123,0.002258637,0.0003755934,-0.032128945,-0.001576078,-0.920611,-0.003906749,-0.03034198,0.0075883735,0.006758292,-1.2405008,-0.004994883,-0.1945403
0.009134677,-0.0050947675,-0.017837143,-9.01755e-05,-0.023294706,-0.010590733,0.012730316,0.00010442593,0.004380258,0.08037552,-0.042289224,0.5716988,-0.017715266,-0.010907273,0.0067740423,0.000974445,-0.0077515366,-17.021418,-0.0832639,0.00419485,0.006253805,-0.018353384,-0.00019928557,-0.0065346854,0.019942882,0.0021490841,0.0052288715,0.054337718,0.015605548,0.0049170214,-0.0239643,0.019418627,-0.017379308,-0.0006845655,-0.028776957,0.13095796,0.23929752,-0.050415643,-0.5513366,0.06222363,-0.0039514652,-0.006021161,0.0016451945,-0.012376453,0.92404747,0.3663368,-2.7609673,0.030567141,-2.3511336,-0.045114625,0.0039761793,-0.009284934,-0.004100755,0.015662627,-3.5751297,0.0060394155,-0.00418135,0.017818902,-0.013913343,-0.014849079,-0.032106362,0.040941376,-0.76357275,-0.007939083,-0.010325759,0.010513998,0.0020982102,0.08973295,0.022253977,0.037982777
-0.10256334,0.08694705,0.054696053,-0.0006823743,0.0026344038,-0.020205066,0.03660485,0.007839263,0.028510097,0.26594466,-0.029919997,1.6703658,0.14860511,-0.0036456173,-0.050832245,0.0059307283,0.00073237193,9.598554,-0.10230869,0.000861428,0.01139872,0.140042,-0.058974426,-0.025754375,0.018507572,0.0012392093,-0.045635,0.026905783,0.011248279,-0.008731818,-0.025516972,0.0071409233,0.023113867,-0.04912538,0.09737159,0.15354925,0.83315074,0.116581865,0.34249246,0.101691954,0.019657932,0.008383609,0.0096994825,-0.017612392,0.68578655,5.3653884,1.7914543,0.30808246,-0.7711525,-0.077130936,-0.022855666,-0.048723426,-0.0040109158,0.07961278,-3.0331678,-0.011106005,-0.03681688,0.0014425219,0.006977196,0.054673303,-0.0015832996,0.05109986,17.937323,1.1137964,0.55746526,-0.0012819819,0.044506855,-0.0818855,-0.020498682,0.008951937
-0.028873313,0.006913794,-0.015101265,-0.0003084542,-0.0019613956,0.0008016085,0.0015494401,0.0008564861,0.0005947208,-0.0757419,-0.010978718,-0.7135431,-0.009825055,0.00072069926,-0.003012995,0.0036004449,9.369468e-05,-17.289322,-0.07183542,0.0010857494,-0.007057575,-0.0114843,0.00033450793,-0.00074758433,0.0076786173,0.008908072,0.019959323,0.012988044,-0.0062036524,0.0073522823,0.0037689838,-0.0053753904,0.0015347645,0.016220948,-0.018607141,-0.017152244,-0.11478623,0.026783254,0.14531502,0.018572867,-0.003307491,0.0007797001,-0.024960943,0.0115936445,-0.40338212,-1.56218,0.1705959,-0.05592309,-2.441405,-0.04453128,-0.026377514,-0.044080973,-0.0037444895,0.010392562,-5.47327,0.013698483,0.0028770051,0.009425997,-0.06380647,-0.009289103,-0.055902988,-0.0037070108,1.057537,-0.3290425,-0.048386093,0.0012752782,-0.044069067,0.9779515,-0.0559752,0.18384562
-0.10235464,-0.017406147,0.008978426,-0.000341262,0.072576605,0.019883135,-0.035688527,0.0021253738,-0.008896078,-0.077133134,-0.015770342,-0.38006452,-0.0059686922,0.0032552353,-0.0065220343,0.002764752,0.0030936042,24.167686,0.038631182,-0.01505626,0.0203054,0.07741439,0.0076057273,0.018164929,-0.024204977,-0.0010279081,0.02771128,0.013597627,-0.009462543,0.0027055044,0.010146315,0.005065165,-0.009858143,-0.033054475,-0.022766627,0.004835895,-0.04438379,-0.1928223,0.120409116,0.016992733,-0.02000771,0.013885688,5.5837336e-05,0.01727561,-0.33933252,-0.4024806,0.2800648,-0.05631267,4.257546,0.099991165,0.055363055,0.04521942,0.009100067,-0.009865974,12.330438,0.004894631,0.0087103415,0.057017278,0.008499259,0.0030662082,-0.013338823,0.007860943,-1.6719053,-0.37261638,-0.01831602,0.015074482,0.008274838,-0.061556835,0.04258783,-0.084602
-0.0069655417,-0.013586712,0.034488473,-0.00015344014,-0.040535625,-0.002755338,0.014878595,0.012146403,-0.0010007411,0.057140946,-0.00041044454,0.6219783,-0.023392934,-0.0016949937,-0.0017965685,-0.012455638,-0.0023325905,-0.27079988,-0.041468654,0.0023133846,0.017853713,-0.00955851,0.008705676,0.0087641375,-0.004294753,-0.00102577,0.010642227,-0.029379947,0.016053507,-0.011385512,-0.00860164,0.011026153,0.004242751,-0.007402798,0.089912914,0.003683429,0.0030589108,-0.06375701,-0.305863,-0.015448207,-0.0107750315,-0.012586765,0.004435797,0.0023248452,1.2050064,-0.50819665,-1.0556448,0.03090341,2.0129755,-0.05337551,-0.015026696,0.015761493,-0.004890294,-0.020821124,4.716752,0.00494245,-0.005132074,0.024129849,0.097237736,-0.007809905,-0.011125535,0.014360406,-1.5787547,-0.003631626,0.018545203,0.01844993,0.03865997,-0.4451329,0.0053488584,-0.21521904
0.032527614,0.0804262,-0.0301101,-0.00015865144,-0.0011064236,-0.010807016,-0.09099387,-0.04570747,0.08769443,0.047875483,0.012796464,1.0821373,-0.02983677,-0.00010973089,0.025581794,0.007819569,0.0001388382,25.501875,-0.07894559,-0.051126633,-0.03375523,-0.004513139,-0.0033856127,0.038289517,0.029596934,-0.016562965,0.009837435,-0.02312038,-0.116437234,0.005931352,0.028238153,-0.023900416,0.011575948,0.12439111,-0.023039911,0.12907219,0.15910493,0.40274593,-0.18337144,-0.11984197,-0.052255023,-0.00281391,0.024733877,0.05736857,1.7661058,23.390665,-0.52135533,0.08276504,3.6285884,-0.026060686,0.02889537,0.09178621,0.001162914,-0.014813431,10.164811,-0.012531001,0.0007133093,0.030907553,-0.0076892553,0.070788465,0.0038715333,-0.01655094,-0.05606077,-0.22374906,-0.7320218,0.04561155,0.012622056,-0.30487874,0.0033905336,-0.03967227
0.0256491,-0.011180101,-0.068368025,-0.00016895827,0.00839215,-0.022984931,-0.07566136,0.013454895,-0.012853945,-0.09368018,0.045292594,-0.52165,-0.0126854405,-0.0055399626,-0.01616916,-8.7065906e-05,0.00015314721,12.029532,0.03559563,0.0076708747,-0.046921905,-0.0060535455,-0.012350213,-0.06807877,-0.02211046,-0.036539197,-0.17913973,-0.010902573,0.005509356,-0.03393339,0.026088864,-0.017300775,0.002047511,-0.0021700189,-0.01610327,-0.011379831,-0.04857815,0.06461248,0.08113025,-0.2288704,0.013665318,0.0066951155,-0.07206114,-0.019165592,-1.1882455,-1.9769073,0.6859387,-0.052409764,2.7289758,0.060066793,0.030302266,-0.046516094,-0.027132869,0.011744212,-11.11615,0.0029107817,-0.01663767,0.019326948,-0.0049808566,-0.004690203,0.014383759,0.07890422,-17.470884,-2.3257272,-0.12204896,-0.17423266,-0.0030060785,-0.49392176,-0.025262902,-0.14083092
0.009412213,-0.019380653,0.0048545967,-5.541161e-05,0.005465154,0.0057442174,-0.015366217,0.0020303805,-0.0021043327,0.013542705,0.0003975494,-0.025863426,0.0020460442,-0.0025629557,0.012464856,0.0004856542,2.9757484e-05,0.666624,-0.042600952,-0.00332367,0.010899706,-0.003909656,0.014705929,-0.0068770526,0.0030958476,0.0014928395,0.019026894,0.0007458455,0.002261848,0.0035140351,0.0015157373,0.004087471,0.0067480374,-0.00031166102,-0.032878183,-0.009285309,-0.025460547,0.026285049,-0.076578945,0.032466143,-0.0056522116,-0.0017070177,-0.000107839696,-0.0064775483,-0.26251328,-1.049987,-0.43185025,-0.023121636,1.8093159,-0.05617163,-0.01821475,-0.0008348321,0.002107361,0.0030832104,5.7924366,-0.0029244586,0.001490961,0.011711859,0.0037769242,0.002085453,-0.012500561,-0.0020962204,-0.68235373,-0.107690625,-0.02207357,0.0033429055,-0.031213421,-0.03446076,-0.015496695,0.012055865
-0.0039619906,-0.028547103,0.026370374,-0.00015597188,-0.059294015,0.056279004,-0.049772855,0.029959247,-0.046047427,-0.044577435,-0.022242077,-0.06471873,-0.01333756,0.009800179,0.016305506,0.0062908847,3.726618e-05,29.169792,0.027814444,-0.048883848,0.010491689,0.012139642,0.008269221,-0.015613945,-0.009409717,-0.026774751,0.019960301,-0.03399095,0.02868816,-0.008814412,0.005409655,0.01254323,-0.0033351663,0.009094928,-0.0009584981,-0.027798558,-0.0039341752,-0.06969004,0.10173934,-0.102387644,-0.010738826,0.0030770097,-0.023205023,0.011973911,-0.4557855,0.70347357,0.34902623,-0.07551294,2.3589735,-0.0030689966,0.005891029,-0.032038048,-0.008051813,-0.0074489904,-0.6525565,-0.00014045248,-0.0018923059,-0.0018557115,-0.001229078,-0.011967046,0.005842123,0.043482833,-4.3988028,0.012013979,0.58366126,-0.06688314,0.023040345,0.12591441,0.01302622,0.03193954
0.004911452,0.0047426964,0.021107871,-0.00019165999,0.00065449136,0.009874745,-0.011001097,-0.0087881945,-0.000905132,0.030620664,-0.011902637,-0.22723149,0.004370415,0.0076871198,0.019685172,0.0010530772,7.3958145e-05,-22.862871,-0.102880016,-0.0036690298,-0.022701185,-0.12976465,-0.030704467,-0.03551779,0.053365543,0.07358619,-0.061449632,0.028730445,-0.0070062648,-0.01218696,0.08778568,0.008152048,-0.0014790151,-0.0028415637,-0.014479736,-0.022826634,-0.010132588,0.0006877439,-0.07963495,0.023767767,0.00027653953,0.009095423,-0.00967502,0.0050776233,-0.33744514,-1.6194649,-0.53907055,-0.021415837,-3.377023,-0.026538754,-0.03259245,-0.054227084,-0.010853642,0.03672168,-18.626308,-0.031684633,0.09426819,-0.29148704,-0.0013228507,-0.010035945,-0.07413897,-0.014099595,-0.44948602,-0.0723025,-0.06850486,-0.0129129365,0.0043342565,-0.15007867,-0.0027372697,-0.032054074
0.0026263162,-0.0011692708,-0.001899001,1.5322823e-05,0.0062670335,-0.0061762473,-0.006989308,-0.0013711603,-0.0050842213,-0.017056504,-0.0029666298,-0.28627953,-0.002450502,-0.0015546641,0.0031310737,0.0009023521,8.4731306e-05,-19.103264,-0.10631039,-0.0043800278,-0.021474313,-0.025829554,-0.011222399,0.0015673874,-0.0014231654,0.0046902,0.021439381,0.011963519,0.0015465337,-0.0015755037,-0.0005844656,0.005485041,0.007445863,-0.0020948017,-0.015057879,-0.004788005,-0.03663492,0.013895373,-0.0805319,0.0061171832,0.00533634,-0.0013659378,0.0014464225,0.0018684015,-0.29528555,-1.1096051,-0.48107284,-0.03416042,-2.6288142,-0.007973136,-0.020671014,-0.061634008,-0.0050890185,0.008460971,-9.090804,-0.0004934237,-0.00065412355,0.008635729,-0.00033694902,0.0069103907,-0.035198726,-0.006946789,-0.29724708,-0.038507387,-0.081902966,-0.008572118,-0.011500794,0.24232168,-0.0018213126,0.030017365
0.021610027,-0.08258734,0.03480793,0.0014424263,-0.003153353,-0.044037674,0.0021541815,-0.019944599,0.015287375,-0.016627137,0.023981316,0.104000054,0.04821443,0.019208204,0.017200314,0.014215492,0.00078726944,13.804516,-0.04437924,0.010360562,-0.0045298818,0.21936864,0.37061974,-0.063803546,-0.02739785,-0.006511276,0.015743991,0.0057652686,0.0060323346,0.015928447,-0.0016181103,0.011025083,0.01368439,-0.007917672,0.04351595,0.035068758,-0.019374719,0.117044665,0.28237358,0.06629518,-0.012212373,0.03008304,-0.04271206,-0.030859835,1.5254867,4.2917604,1.4345958,0.046602793,1.8978858,-0.0660399,0.025437074,-0.008751696,0.019785693,-0.011673757,-1.5923613,0.01949747,0.011378771,0.02834446,-0.00813359,0.0019573,-0.040579833,0.014926624,14.981604,1.2381918,0.8620715,-0.018616445,0.012548261,-0.33239436,0.0043256474,-0.03409425
-0.00037707633,-0.014945403,-0.0020514177,-0.00039430786,-0.0047682077,-0.0044945767,0.0041828128,-0.0037094878,-0.004349492,-0.026087333,-0.007387109,-0.22010554,-0.002809455,-0.001545127,0.0018383838,-0.00054788747,4.1019623e-05,20.607075,0.017483305,0.0053381273,0.026418597,0.06924509,-0.019397097,-0.011816639,0.0019088368,0.0027715196,0.02413604,-0.01430505,-0.0064308364,0.003035063,0.0014093767,0.003761971,0.00023782793,-0.007612386,-0.0009968972,-0.012294179,-0.024785154,0.017654674,-0.06452878,0.0029834511,-0.0032967613,-0.003765813,0.00055620103,-0.0008566432,-0.24391569,-0.8381869,-0.3399215,-0.024685413,2.7979705,-0.076972574,0.031075178,0.09737352,0.0009838186,0.008949611,11.1423855,-0.00023556582,0.0011742137,0.024818052,0.00043920006,0.003748723,-0.0074787023,0.003821126,0.08476868,0.00582327,-0.038117237,-0.009412938,-0.0028789344,-0.4295418,0.007884815,-0.13322154
0.006357394,-0.015208791,-0.007116261,-0.0001916324,-0.001855276,-0.0036429912,-0.0062033683,0.00037051737,-0.0056012045,-0.01751303,-0.008200252,-0.3046489,-0.0010557094,-0.0072482694,0.0044796783,0.00016605461,-0.00013084375,-20.622412,-0.09583475,-0.0021307645,0.003443745,-0.023547407,-0.020317802,0.0009810004,0.0023004492,-0.004059274,0.013651452,0.013422218,-0.0011015827,-0.010229889,-0.00094985485,0.0067703445,-0.0018728976,-0.002591349,-0.0031148312,0.052768506,-0.03944933,0.01829226,-0.082841486,0.02480664,0.0038226265,0.005415797,0.008043576,0.00044057745,-0.29794532,-1.2954532,-0.5157439,-0.033331513,-2.8227148,-0.0036298798,-0.018094793,0.0060943463,-0.0022970536,-0.019452598,-12.4444475,0.0021108647,-0.0077452916,0.007853555,-0.004479221,-0.006265941,-0.0437474,-0.006623777,-0.33574137,-0.036975224,-0.06528646,-0.011221749,0.00012312323,0.15264252,0.0013635237,-0.025729127
0.013350821,-0.015481253,-0.014775906,-0.00022608688,-0.0059305313,0.0016151415,-0.0071395906,-0.0068495083,0.0012769402,0.02623349,-0.0046843626,0.11625399,-0.0029440618,-0.00018504407,-0.00068728457,-0.0019596943,8.138311e-05,-17.997435,-0.10031648,-0.0032078405,-0.0103739165,-0.024195852,0.013129929,0.0020088197,-0.010754708,-0.006628376,0.023027446,0.010790882,-7.800405e-06,0.001990989,0.00045737944,0.008483169,-0.0060351035,-0.008619675,0.02535504,0.0664529,-0.028383533,-0.016839165,-0.0878037,0.04893513,-0.00093932427,-0.020228107,0.0065781535,0.010450052,0.028542042,-1.1454571,-0.65569496,0.018976586,-2.7104275,0.009394171,-0.022902872,-0.04036002,-0.0069772815,-0.003483935,-4.9115605,0.009282758,0.003287471,0.0029513303,-6.96796e-05,-0.0019946154,-0.0059614815,0.008188721,-0.15800999,-0.047038384,-0.10980955,-0.008958016,-0.0033973677,0.5360996,0.01516998,0.21787664
-0.0031030218,-0.0057498636,0.008169056,-0.00021267908,0.006418001,0.0013193235,0.052148286,-0.007485839,-0.0043773637,-0.028746027,-0.005944356,-0.21617891,-0.00828722,0.0063627134,0.015498315,0.0009321831,3.6261918e-07,4.7193,-0.048298504,-0.002308995,0.020016424,-0.018471101,0.00416088,-0.0034188423,0.004403621,0.0018448565,0.020093372,-0.012650752,-0.010074422,0.0035178638,-0.005028122,0.0027169187,0.0035705308,0.004000142,-0.0019636923,-0.008592572,-0.027727708,0.035997063,-0.056339696,-0.053534556,-0.011036511,-0.002725872,0.0029671611,0.0051447186,-0.24882449,-0.99323887,-0.3721758,-0.05262392,2.017886,-0.02082576,0.0015739049,0.009875683,0.0026227306,0.0048481612,4.57816,-0.00510361,0.0030943546,0.020497622,0.0025157486,0.002087775,-0.004959251,-0.007564242,0.22109644,0.013760592,-0.039489724,0.004279255,-0.0051309834,0.029200867,-0.0006944339,0.0075435624
0.00777059,0.006557753,0.018867647,-0.00034504253,0.0010040569,-0.01886486,0.029150574,-0.009653795,-0.008976407,-0.07104117,0.0027584168,-0.5665601,-0.0075839707,-0.0017391753,-0.0065711723,0.00019244895,0.00016726372,-3.2916806,0.015914172,0.0038690488,0.18664359,-0.012211608,-0.03638799,-0.004901936,0.0026525392,-0.005106108,-0.06931891,-0.022057593,0.006182002,-0.019407969,-0.0068763085,-0.0040702643,-0.0096850535,-0.017588861,-0.005612211,-0.017662995,-0.044209804,0.028515745,0.12438028,-0.06076311,-0.0004622715,0.00014528829,0.00020256214,-0.016679082,-0.5566828,-1.846956,0.18797576,-0.06209302,1.6424338,-0.031743173,-0.003602959,0.0062430236,-0.0027868347,-0.09119748,-8.635715,-0.0041951532,-0.022856034,-0.0025568896,0.0041351896,0.010943367,-0.014064796,-0.0008365396,-7.446933,-1.2165602,0.004888261,0.054906283,0.016530845,-0.27191913,0.019220885,-0.10064557
0.14135872,0.006313691,0.0013231884,2.0662903e-05,0.0031180936,-0.016536262,-0.0022063276,0.009841184,0.018784834,-0.00693355,-0.014081862,-0.0035434952,-0.0035772761,0.01554819,-0.012852029,-0.00074908184,-1.4358215e-05,-21.50521,-0.08759032,0.004878529,-0.016099233,-0.14958043,-0.04241333,0.0016288094,0.014342257,0.018487133,-0.059139542,0.041076045,-0.012305026,-0.0051806625,0.0012691305,0.0023162526,-0.027796859,-0.005829787,0.023396015,0.106339745,0.37250704,0.03923544,-0.05738601,0.023659278,0.02092043,0.14199474,-0.021284768,0.0036527049,-0.010429676,-1.4288093,-0.90683323,0.03383665,-3.0032873,0.032243446,-0.012088314,-0.0956982,-0.010845883,0.14217287,-13.233209,0.008248119,-0.0013302581,-0.031872965,0.009163818,0.0009153237,-0.024558656,-0.0568078,-0.44021204,-0.04814099,-0.03195615,-0.038044084,0.01723212,-0.15873927,0.012727736,-0.037920766
0.029797219,0.046626214,-0.012355361,-0.0004954049,-0.029543726,0.012425968,0.035675213,0.0046473923,0.011229451,0.040319886,0.049873743,-0.1965215,0.0013907445,-0.013652574,0.010447056,-0.014959473,-0.00022002246,-8.192343,-0.07354977,-0.012112545,0.01624908,-0.014639907,0.013878089,0.09410046,0.04412299,0.0038631202,-0.013879223,0.013598268,-0.0021857563,0.007775609,0.013866979,-0.008155544,0.07707768,-0.03851819,0.036594555,0.026534047,0.14234474,0.18622062,0.19787623,0.03850289,0.0076606027,0.014464674,-0.010066045,-0.019381441,-0.042316083,-0.11910969,0.60383004,-0.151932,-1.2425941,-0.044708338,0.01058046,0.05551365,0.01131246,-0.009626098,-6.0267825,-0.0045354404,-0.0016548693,-0.0007907251,-0.01918881,0.003834368,0.013846274,-0.000367141,6.953473,-0.124294735,-0.18688534,0.0045042415,-0.025472814,-0.26894808,0.030327374,-0.0040008496
-0.036746223,-0.017490765,0.0014464674,-0.00039441584,0.00026670608,-0.011530769,0.0037988082,-0.002214202,-0.004399086,-0.01180089,0.0013027095,-0.16408299,-0.0019321177,-0.0014554012,0.002803981,-0.0005024457,4.797761e-06,19.184612,0.014399096,0.0038811567,-0.0011550544,0.06687156,-0.018034944,-0.012131735,0.0011434304,0.0026399214,0.019485593,-0.016611699,-0.005777796,0.002885669,0.0040256605,-0.00016835133,-9.416549e-05,-0.008161292,0.0002142847,-0.012108574,-0.025480192,0.019370735,-0.06181716,0.016997604,-0.0052203,-0.013427782,0.0034340587,-0.005616496,-0.26510313,-0.81152207,-0.3413695,-0.016465265,2.7678275,-0.07736581,0.03228888,0.04018406,0.0019388517,0.011510803,11.329703,-0.0003068878,0.0012646333,0.022108829,-0.0016257243,0.002743107,-0.0058969515,0.0042612194,0.035425045,1.2387947e-05,-0.039593846,-0.009470458,0.013241207,-0.26543283,0.0078103635,-0.11951791
-0.114012904,-0.0055703265,-0.025759976,-0.0016638397,0.10328241,0.011270233,-0.055280562,0.023453282,-0.003320955,-0.06596485,0.001300471,-0.07720285,-0.004640068,-0.006476849,-0.013710392,-0.0034798803,1.5986596e-05,25.126354,0.01701628,-0.01702309,0.005057009,-0.028669905,0.025143841,-0.011847797,-0.020612909,-0.01617938,0.018583963,0.014539146,-0.014595298,0.015539853,-0.003127491,-0.0050013377,-0.013997648,-0.04377298,0.041261863,0.21750747,-0.021755215,0.22029747,0.16082244,0.010588444,0.013255086,0.0069417167,0.014416696,-0.012466633,0.3748257,2.5568147,0.3198681,-0.05725931,3.2106247,0.026348256,-0.019125868,-0.046048257,-0.027525721,0.006930842,11.804915,0.005754385,-0.022204867,0.054696806,-0.04705525,-0.037503827,-0.009874771,0.0079334015,1.0596751,-0.0035238168,-0.24841633,0.025921315,-0.007338349,0.5356414,-0.0050755204,0.28566942
-0.031831846,-0.01871772,0.057533123,-0.00036196824,-0.0005632142,-0.098749615,0.037907433,-0.00051556155,-0.020465769,-0.026735092,-0.014233584,-0.26135108,-0.0069052037,-0.0018718799,-0.013634284,-0.0026410685,-0.00023503765,28.200125,-7.1439375e-05,0.026889004,0.05079891,0.06609482,0.014397842,0.048624508,0.006473846,0.00044097807,0.022843935,-0.018650351,-0.009016713,0.002536037,0.00091834913,-0.0031782778,0.008466147,0.009365906,-0.0066050114,-0.012732842,-0.036446027,0.004534338,-0.06818649,-0.04496346,0.0026539047,-0.006628237,-0.0016152672,0.009025744,-0.28317833,-0.95305115,-0.2482364,-0.04157781,4.107313,0.089757316,0.05477854,0.09018868,0.0041788486,0.0025727882,13.436438,0.0023078045,0.0054407837,0.04644155,0.011079918,0.0078034448,-0.0029493668,0.0006475664,0.34565875,-0.04242901,-0.10900778,0.009696848,-0.009588873,-1.267741,-0.007153164,-0.23022403
0.01485155,-0.026153127,-0.018460212,-0.0001262532,-0.000117543386,-0.0052038836,-0.018815326,0.006777844,0.0047458927,0.015997905,-0.017882168,0.60944414,-0.023492744,-0.0042581568,0.013670234,-0.0050244043,0.0015808794,-4.6703463,-0.04966188,-0.005394873,0.014899877,-0.064102896,0.019333921,-0.016904496,-0.0015904653,-0.0018339842,0.019728709,0.0014242665,0.007930602,0.004978106,-0.0014153451,0.0044589704,-0.0036898535,0.001260907,-0.031457715,-0.0053352946,0.0655805,-0.047673747,-0.2869924,-0.004374949,-0.015884493,-0.0006571944,0.006660903,0.012840139,0.6608288,-0.26504534,-0.68956715,0.045936164,-0.87911236,-0.069885686,-0.013525723,0.0058134585,-0.00062214496,-0.0030302466,3.5388541,0.005163927,-0.0014123399,0.00628552,-0.004162188,0.0047590383,-0.008902041,0.021077124,-0.33393177,0.07802673,-0.13294038,-0.019665815,-0.0010791651,0.63894385,-1.8944211e-06,0.16804546
0.0050610104,-0.015821613,-0.0045883614,-0.00092517136,-0.006377656,-0.00730921,0.026857806,-0.0005984274,0.010977572,0.0031650783,-0.0038436952,-0.17717195,0.0045176134,-0.00042417552,-0.00209077,0.0017147141,8.9680034e-05,20.433794,0.012771562,0.00093591615,0.019260867,0.01939345,-0.016067674,-0.010335603,0.0041782046,-0.0005708862,0.019626442,-0.014020072,-0.004954126,-0.0014896117,0.0048175543,-0.00011963355,0.03008027,-0.06687826,-0.012121401,-0.0042870645,-0.013972433,0.016022427,-0.06558946,6.656568e-05,0.0054591866,-0.0065480876,0.00030467648,0.0030549776,-0.20493424,-0.85068536,-0.3499819,-0.024689224,2.9654405,-0.08022265,0.012382982,0.051382966,0.0007290784,0.014213243,11.797397,0.0019617148,0.006278869,0.027764354,0.0019877527,-0.0155987,-0.013542133,0.0072496156,0.026193501,0.04341405,-0.034260195,0.001062617,-0.0027269307,0.11818423,0.035032153,0.08260932
-0.18488026,-0.006837635,0.04258792,-0.00057068444,-0.030341761,0.03505378,0.040905356,0.0050578224,-0.0003158266,-0.08198682,-0.0026968764,-0.46696717,0.013382965,-0.01008548,-0.034346633,0.0026119507,-1.357912e-06,29.253723,0.14232326,0.02314622,0.032516286,0.07354898,-0.016291307,0.014814959,0.002919738,-0.018402454,0.00048397842,-0.04652556,-0.04600261,-0.009757962,0.03595148,0.004324683,-0.0060518743,0.001476388,0.026685413,-0.02362186,-0.04298201,0.008094855,0.13899899,-0.09484865,0.014048782,-0.0077187642,-0.008575721,-0.0057229903,-0.48948073,-1.1280642,0.28891322,-0.055273715,4.620899,0.14247917,0.054255806,0.026603758,-0.008079721,-0.016737679,14.333905,0.00837631,-0.00083848846,0.04073028,0.021211838,-0.0029342675,-0.010672669,0.006595536,0.9425884,-0.6704368,-0.09188912,0.013263141,-0.0013658981,-0.5659415,0.03990552,-0.14900845
-0.00013356743,0.008147643,-0.0049154423,-0.00022504102,0.0008236336,-0.0038416812,-0.01927981,-0.0074657686,-0.004647804,0.0095195165,-0.009413535,-0.3282489,-0.01987371,-0.0030933039,0.021507695,0.0017046618,8.790625e-05,-23.217136,-0.1702178,0.08656103,0.012850731,-0.077825114,-0.038512062,-0.020354424,0.010761726,-0.0017961066,0.015988864,0.015107052,-0.014573878,0.010819334,-0.009681672,0.00840813,0.0006660328,-0.0055877464,0.00050407083,0.013195458,-0.026003193,0.010861526,-0.086047694,0.027523903,0.044700332,0.005023029,0.0061366986,0.003807128,-0.28836477,-1.6179676,-0.51029265,-0.038265746,-3.4259665,0.013562239,-0.037652746,-0.06865718,-0.016844003,-0.025186595,-19.75056,-0.0013855564,0.00046124356,-0.28915206,0.015230042,-0.0070723468,-0.08185978,0.009445155,-0.4894901,-0.07419736,-0.07832226,0.043908726,-0.0061331624,-0.1582042,-0.0023197988,-0.05672987
0.014355269,-0.011641738,-0.0015408144,-0.00051807746,-0.012493076,-0.0002797526,0.023297152,-0.0062874025,-0.0023157937,-0.01379263,-0.0012256633,-0.22070529,-0.0027860864,-0.0014460359,-0.015870882,0.0007447136,9.029166e-05,24.638433,0.006742061,0.003474918,0.04309215,0.05886493,0.018904513,-0.0006072539,0.005011409,0.0021148515,0.022528633,-0.017890567,-0.009120916,0.0005139269,0.004480634,-0.014489927,-0.0020384965,-0.009463825,-0.0023438113,-0.005031747,-0.028745553,0.029711992,-0.060838047,0.005779767,-0.0013450067,-0.0025388468,0.0037809955,-0.0039026167,-0.2306701,-0.87872386,-0.349481,-0.02621646,3.3348355,0.0046328595,0.018451214,0.03830998,0.0037130876,0.0083823865,12.17627,-0.0010873905,0.0026849867,0.060327597,0.011990114,0.0048491997,0.0054863757,0.000134552,0.8234174,0.048950627,-0.056834515,0.022746721,0.01914158,-0.15109906,0.0040829903,-0.06940604
-0.0057292366,-0.014537992,-0.016733471,1.8442597e-06,-0.030580826,-0.06390395,-0.0092454655,-0.0056980303,-0.005738327,-0.05245774,-0.008546029,-0.42406967,-0.0013091773,-0.001994997,-0.0017125222,0.00028778194,8.172855e-05,-16.240656,-0.085664645,0.0035015314,-0.01182956,-0.14041214,-0.017506361,-0.001939503,-0.00085092586,0.0041050534,0.017883217,-0.0015675415,-0.0033085733,0.0017105525,0.0029251173,0.0049037593,-0.0004331621,-0.0001532124,-0.003662266,-0.0153268725,-0.044398744,-0.001343542,-0.07080705,-0.07141995,-0.0027946313,0.0015080099,-0.0011872455,0.009208675,-0.36543524,-1.420497,0.027985694,-0.0651413,-2.231535,-0.061970703,-0.008535974,0.027152795,0.006049992,0.008463097,-4.185343,0.0015152532,0.0059919837,0.01670561,0.003476868,0.0011243297,-0.009162934,-0.008962025,-0.7869976,-0.20946465,-0.052018262,0.0020391173,-0.023437252,-0.6388731,-0.003672828,0.042716905
-0.015954833,0.015527582,-0.0044082683,-0.0001940149,-0.028946774,0.0080846315,-0.019879542,-0.0016676777,0.00045585335,-0.0842718,-0.0310758,-0.70176744,-0.045882344,-0.01576491,0.003916986,-0.0014018463,-0.0005418619,-5.3950768,-0.08719801,-0.018118026,-0.47086382,-0.0229143,-0.0044783135,-0.019303896,-0.019196799,2.7250982e-05,-0.08579722,-0.0040745744,0.010066518,-0.016599715,-0.00063974503,0.027731165,-0.0006769354,0.04049118,-0.044496316,-0.018787552,-0.055888627,0.07293611,0.095880166,-0.04561149,-0.012005111,0.013016231,-0.0013601547,-0.049146138,-0.6331662,-1.947041,0.08219918,-0.051478274,-1.4555651,-0.072059035,-0.040035438,-0.076694466,-0.00083905156,-0.06685586,-18.8893,-0.011242329,-0.012042645,-0.22547174,0.0026423782,-0.0018090128,-0.09860113,-0.005262284,-9.526607,-0.3964688,-0.33920822,-0.02121973,-0.018250164,-0.1223278,0.013600813,-0.039059706
0.03515218,-0.13534427,0.006370628,-0.0007877298,-0.029182374,0.0018167843,0.046854787,0.00978353,0.016614428,-0.026893934,-0.065814875,-0.54379064,-0.008119869,0.014362096,0.0034591735,-0.0021571666,0.0004242609,-6.642749,-0.11235754,0.0029060845,-0.021131251,-0.009181241,0.0131607205,0.10388426,0.008590312,-0.0035879747,0.0014486,0.0041372967,0.020317715,-0.008818402,-0.005176335,0.010460906,0.008463747,-0.08101203,0.025159884,0.0038714302,-0.06281575,-0.21428421,0.36979413,-0.14804983,0.009091186,0.002073869,0.00032206503,0.022577416,-0.5875181,1.0855932,1.3225237,-0.27910778,-2.4762003,-0.037594754,-0.023790997,-0.15294331,0.0021021552,0.009066913,-5.3681,-0.013889374,-0.0073091644,0.014618181,0.017511463,0.016294727,-0.054096583,0.036723543,15.93373,1.1472553,0.66553175,0.021710347,-0.045642093,-0.018253706,-0.009016317,0.027310781
-0.062391914,0.002441705,-0.0015135332,-0.00021617717,-0.0007462041,-0.006637874,-0.029478211,-0.013099734,0.0041702962,0.07597274,-0.006510969,0.53701365,-0.03936239,-0.008587533,-0.027061308,0.000332329,-0.00023340178,8.579683,-0.045650367,-0.013884046,0.0025831931,0.04800715,0.011851846,0.01580293,-0.0037043067,-0.0060666627,0.012739914,-0.027747225,-0.008409978,-0.0060740886,0.001180036,-0.018742662,-0.114907615,-0.0040252823,-0.030272095,0.047576793,0.09831314,-0.006026885,-0.3310983,0.057804476,-0.0022204383,-0.020938367,-0.00014767674,-0.002242635,0.7566786,-0.34172103,-1.0367252,0.032743596,2.0866632,-0.05754385,-0.028799439,0.032372043,-0.009210042,-0.013723417,3.4858754,0.007857336,-0.005794848,0.023040961,0.03780341,-0.003396628,0.012501895,0.035862856,-2.2532854,-0.15855946,-0.00024835436,-0.04693433,-0.006083944,-1.0506107,0.015494459,-0.18734504
0.073110744,0.07133227,0.016005814,0.00010247582,-0.0021403234,0.013398979,0.015605255,-0.015627624,0.010396431,0.0739722,-0.006131996,1.0498728,-0.058307085,-0.040661614,0.014180681,-0.015135694,0.00019555903,-2.2257826,0.017995486,0.06591286,-0.0055749156,0.12997675,0.037540663,0.003463029,-0.035055064,-0.021521501,0.05299877,0.014354374,0.008537865,0.03201411,0.008378624,0.0006102836,0.0027523781,-0.03776406,0.06368025,0.10520756,0.53088516,0.015811084,0.060390767,-0.09478257,-0.046303187,-0.024384031,0.06598155,0.027634988,0.6816642,14.606324,1.1917685,0.00065000355,-0.5752362,0.028451929,0.09477491,0.05845615,-0.03555409,-0.012993546,1.8449184,0.00853438,-0.008339996,0.02579594,-0.030856276,0.027677665,0.021908449,-0.012875394,12.228133,-0.40869826,-0.48997328,0.0012475251,-0.012917089,-0.36114645,-0.0030676953,0.033782654
0.027338533,-0.03927687,-0.021929782,-0.0004319225,0.0056464258,-0.012392062,0.11976726,0.036676694,-0.008225825,-0.05945219,0.00022145982,-0.63256437,-0.016685888,0.009533236,0.020873211,-0.004754488,9.245347e-05,-5.063165,-0.0069434587,-0.006071719,0.011914283,0.022973081,0.0076805213,-0.016316276,0.010991601,0.023211034,0.018884063,0.0067239744,-0.0095010195,0.031749297,0.0065147188,0.0006403547,-0.005456547,0.0019740502,0.006760428,-0.00982178,-0.10465639,0.037879676,-0.059700463,0.0057086535,0.004985565,-0.003033507,-0.0011744468,-0.0015949381,-0.52802104,-1.345972,0.035181854,-0.08785935,-0.2892683,-0.014298981,0.019219799,0.014557571,0.005852769,0.0070142224,2.1330643,-0.013689789,0.002833502,0.044612255,0.0036625548,-0.006225076,-0.00787584,0.020852625,3.8474264,-0.37486675,-0.07378118,0.0009020038,0.032884836,1.9788966,0.02921118,0.34586504
0.0069646486,-0.014713136,-0.003796498,-0.0002647172,-0.005747664,0.0025764296,0.0368142,0.0006047637,-0.0099174725,-0.031002365,-0.008396609,-0.29353377,-0.011478359,-0.0007728283,-0.017796813,0.001625378,7.4647396e-05,25.761732,-0.0053637647,0.0004226791,0.04968032,0.040135555,0.01798894,0.015460787,0.0019176882,0.010261003,0.028323172,-0.005029485,-0.0073204143,0.008448699,0.0037230453,-0.0028035059,-0.0010345478,-0.005299696,0.0023084972,-0.013497857,-0.028894557,0.022802742,-0.061872035,0.0039232303,-0.0053608627,-0.010652886,0.01620847,0.0011184317,-0.2332685,-0.9364139,-0.35555172,-0.029109366,3.3853376,0.043275855,0.033344105,0.035162102,0.011536782,0.010079918,13.064239,-0.0063367365,0.014132272,0.027972935,0.0010136332,0.003428313,-0.012423841,0.010264666,1.8648808,0.10385629,-0.04344591,0.010347593,-0.017868098,1.0772938,-0.0142400535,0.39707845
-0.08639436,0.02715949,0.027855292,-0.0006820941,0.01231725,-0.002872408,-0.00323794,-0.012148632,-0.061005276,0.009509687,0.004361875,-0.013890938,-0.03238339,-0.003657262,-0.00081874686,0.0024631163,0.00011411296,-19.370682,-0.121543415,0.0103305755,0.0013118124,-0.030675588,-0.029318111,0.0037952375,0.008014212,-0.00093098823,-0.06020545,0.0001697834,0.0039865915,-0.0065739616,-0.0077055497,-0.009519137,0.048479304,0.0023085857,0.039234713,0.10168607,0.17647237,-0.14777237,-0.042135857,-0.0028848671,0.030628279,-0.0048286924,-0.018016698,0.009887236,0.15586926,-1.531515,-0.8640324,0.037803456,-3.0134377,0.006026184,-0.0111268265,0.0014102957,-0.00872283,-0.022459123,-9.828456,-0.008215882,0.01561822,0.013389087,-0.06855689,-0.027105922,-0.061863717,0.00076623517,-1.0236635,-0.037835803,-0.035174802,-0.0075917775,0.019959006,-0.020343976,0.017481193,0.1608346
0.006773945,0.0018996389,0.0038508093,-2.5546116e-05,-0.002006558,0.005219389,-0.010714265,0.0031907475,0.0022963432,-0.03930044,-0.005097186,-0.43832242,-0.00970428,-0.009718981,0.013910466,1.4432244e-06,-0.00012277032,-17.382137,-0.09164352,-0.0054961755,-0.01781863,-0.099131435,-0.012094969,-0.0024033939,-0.00613128,0.0083747115,0.019869456,0.012801551,0.020040903,0.0067691975,-0.0005988405,0.007702558,0.0021392698,-0.0028510995,-0.0047146496,0.0022551257,-0.08915691,-0.010466318,-0.08548868,0.012622617,-0.0051978338,-0.0028493432,0.0066434103,0.0023242186,-0.2792865,-1.1261044,-0.45576176,-0.038612887,-2.215371,-0.004658727,-0.04985487,-0.045501024,-0.0030603788,0.011676816,-4.575652,0.0009570021,0.012293047,0.020122398,-0.005325233,0.00026739473,-0.04293705,-0.01587399,1.0954609,-0.02469609,-0.1574844,-0.002111902,-0.012236638,0.36826733,0.010343534,0.062652946
0.16475272,0.012601103,0.007963403,-0.00021775995,-0.016709264,-0.063297704,-0.0039199796,0.0036192348,-0.017371684,0.034896825,-0.01734571,0.07617155,-0.0050544045,-0.0030995002,-0.009057229,0.0012522852,7.133718e-05,-19.590324,-0.099114805,-0.0027295912,-0.0175649,-0.072117634,-0.029253656,0.013096924,0.0130609395,-0.00960784,-0.037473977,0.019376975,0.009711074,-0.013594142,-0.007317541,-0.0011439364,-0.020649264,0.001533039,0.023882765,0.08167009,-0.036247842,0.004920848,-0.11231681,0.011050762,-0.004188094,-0.006052256,-0.0019709982,0.00472011,0.023188695,-1.2571843,-0.7296293,0.0034706325,-2.8034608,0.011004303,-0.025479611,-0.007948096,-0.001117856,-0.01332919,-8.857211,-0.0077472413,-0.00530338,0.018424701,-0.0014851033,0.028080095,-0.055206195,-0.00617325,-0.14402981,-0.05642936,-0.07523082,-0.0060234996,0.010253678,0.38137007,-0.0009643791,0.22909436
-0.0363517,-0.011818082,0.047024965,-0.00015919836,0.014197002,0.001617452,-0.014878049,0.00027138926,-0.001895797,0.014207692,-0.009542074,0.38101217,-0.014298225,-0.0049906676,0.0054646567,-0.0059653106,2.395903e-05,4.0399303,-0.03845539,-0.00085826096,0.028812787,0.058489658,0.032410014,0.019960316,-0.00018774354,0.0003284125,0.019634787,-0.017636007,0.001428385,0.004333191,-0.01709578,0.0014341396,-0.0024031445,0.009306999,0.019857312,-0.0067171766,0.013082849,-0.010577925,-0.21495177,0.052310828,-0.0010160676,-0.014401508,0.00184362,-0.01312013,0.23140122,-1.3055688,-0.67151034,0.07201014,1.9215494,-0.03009806,-0.009028789,0.037738737,0.011432326,0.002193407,3.5092309,0.000950085,-0.0037732376,0.026243346,0.0057522613,-0.02337902,0.012413963,-0.008567139,-1.7028394,-0.18528767,-0.015294415,-0.028053597,0.029757971,-1.0075294,0.013839455,-0.22797652
-0.002631287,0.003788781,-0.008932366,2.931861e-05,-0.0061443103,-0.004653443,-0.011725836,0.013756182,-0.018685278,-0.07736179,-0.009384263,-0.58566505,-0.008315206,-0.0014499269,0.00086673803,-0.0008940802,-0.00010388129,-21.372086,-0.05649674,-0.018694913,-0.007069933,-0.02852064,5.8133897e-05,-0.005988545,0.0045263693,-0.015364035,-0.048934564,-0.018599974,0.005052382,-0.019117778,-0.011893087,0.004738182,0.0062265573,-0.0020461807,-0.009509755,-0.024956653,-0.05743571,0.014888592,0.123373024,-0.08408866,-0.008449545,-0.0066595613,-0.00243617,-0.043481268,-0.37472233,-1.9276297,0.1651384,-0.051764756,-2.638093,-0.04662203,-0.022055618,-0.06282768,-0.005643179,-0.03274535,-16.032717,0.0037412178,-0.0066238726,-0.05760572,0.0021520692,-0.004523288,-0.08575115,-0.0072757034,-0.37466037,-0.58141136,-0.028489314,-0.010974715,0.008608212,0.10739972,0.013051306,-0.03220874
0.01976143,0.009371304,-0.003998131,0.00044357067,0.033634737,0.00465147,-0.008897273,-0.0041642673,0.005824498,0.026977053,-0.012614194,-0.21857639,-0.0017234666,0.0042038504,0.0006897182,-0.0029500094,6.2134466e-05,-9.659126,-0.08601017,-0.0068764887,0.0069232304,0.04089743,-0.0038659822,0.0141257625,-0.012885354,-0.01122215,0.017339446,-0.007164756,0.0060463524,0.005782829,0.0076300157,0.0044687437,-0.0062518516,0.013119108,-0.0055982694,0.06177789,-0.014072092,-0.00014078108,-0.04585356,0.030772395,0.0013457454,-0.008726709,0.003272502,-0.0026667244,-0.28618115,-1.4978215,-0.23971353,-0.028941138,-1.2599089,-0.07360874,-0.017121263,-0.0006661067,-0.002045774,-0.009233633,-4.0231996,0.013300054,-0.0020392637,0.03184757,-0.027540699,-0.0588657,-0.012495018,0.006667675,-1.3881468,-0.05867851,-0.0616246,-0.03866791,0.020651946,-0.57277924,0.019135874,-0.09213247
-0.068731114,-0.007980393,0.0058731227,-0.00015653012,-0.006253905,0.015761608,-0.012408105,-0.0066196364,-0.0045012073,0.002479295,0.000795127,0.5988092,-0.025454076,0.002428452,-0.02933267,-0.0017592885,-0.0029813552,0.19998924,-0.03100824,-0.021159168,0.024645284,0.058022548,0.028380003,0.03220422,-0.018984318,-0.0066367527,0.002077409,-0.001452605,0.0061937193,-0.0069219037,-0.01104628,0.010715397,-0.015564646,-0.021665763,-0.051616058,-0.006572883,0.015153123,-0.010233926,-0.3417745,-0.0006951037,-0.007714319,-0.010302294,-0.035787698,-0.008220482,1.072629,-1.2336105,-1.2451811,0.029490592,1.5001307,-0.03228585,0.0060308427,0.007812177,1.8058954e-05,0.003245979,6.454685,0.00685464,0.0028653985,0.010074581,0.012550148,0.004089439,-0.0001716037,0.006709035,0.0105849225,-0.028822443,0.035781406,-0.018588021,-0.008080143,0.007893405,0.0024382414,-0.030628154
0.0020611172,-0.0070668207,-0.009580129,-0.00011822356,-0.0011782717,-0.003896659,-0.01207101,0.0012978662,-0.0032154864,-0.011399429,0.0008298871,-0.24318072,-0.004987332,-0.00088860205,-0.000957285,0.00074810174,7.684326e-05,-3.9987717,-0.064691566,0.0019458309,0.009697412,0.007986241,0.010473827,-0.0028876048,-0.0014370428,0.0040322677,0.012912017,-0.0002789725,0.002815752,0.0039273067,-0.00080516445,0.00070951023,-0.0018186657,0.0027478463,-0.004325477,-0.008496785,-0.041689638,0.014772803,-0.0646461,0.054319993,-0.0007541063,-0.0050368863,0.005451162,0.006279452,-0.2616884,-1.0620291,-0.19386755,-0.028310845,-0.78612375,-0.060597934,0.004830657,-0.0023662138,-3.2499145e-05,0.007227157,4.1080384,-0.0049374956,0.001353393,0.014435659,-0.0040150806,-0.0015136767,-0.031231515,0.0032139828,-0.107147776,0.022349957,-0.069722906,-0.0072583677,-0.047224797,0.19628756,0.018080374,-0.03452938
0.0054079704,-0.005326099,-0.006598348,-0.00020004628,0.0028435239,0.014910293,-0.0055253454,0.0017010252,0.0037814227,0.02576141,-0.01736376,-0.3239537,-0.0020285223,-0.0019778556,0.009445619,0.0038016401,8.790625e-05,-20.090515,-0.11232113,-0.0063254563,-0.0015109775,-0.103323676,-0.017368527,-0.011613625,0.005957748,-0.0029829366,-0.0052091223,0.010372705,0.0049697007,-0.010956576,-0.00052686705,0.00027844962,-0.023845965,0.020091277,0.034763657,0.007613508,-0.009468034,0.006737288,-0.07338972,0.033354543,0.030493338,0.01159234,-0.008305154,0.002489733,-0.31704023,-1.3320619,-0.5384649,-0.026815776,-2.8515735,-0.0072491886,-0.020609299,-0.10766212,0.0012906861,-0.015803557,-12.605243,0.0020698542,-0.005988768,0.026625218,-0.010407308,-0.01219341,-0.067166366,-0.006653226,-0.73265326,-0.0626424,-0.06892851,-0.010103139,0.018480448,-0.3084305,0.0009194071,-0.10464121
0.001981165,-0.0019960348,-0.0054637315,-0.0042727874,0.0027705214,0.003629547,-0.00975763,0.0053992113,-0.006618787,-0.0099173635,-0.0033796774,-0.25178707,-0.0025073423,-1.7124252e-06,0.0028104603,-0.0020216673,8.709528e-05,-10.952426,-0.08736625,0.0026691472,-0.0030659803,-0.068169124,-0.012085994,-0.01767973,-0.0068200207,-0.0001944259,0.014816779,0.003605266,0.008062619,0.0032208108,-0.0034972774,0.002439509,0.0015431282,-0.0046450617,-0.0048826984,-0.004668445,-0.028360866,0.0078105703,-0.076585025,0.0047733686,-0.0036967627,-0.0017941819,0.005228854,0.0049266513,-0.24893627,-1.1077027,-0.38913137,-0.034516007,-1.2558419,-0.05818259,0.0109062055,-0.009242157,-0.00023650874,0.009071305,-3.1846373,0.0046448857,0.003353338,0.032701794,-0.0042619864,0.0007272197,-0.013048218,-0.0009658139,-0.42183724,-0.007379234,-0.066867396,-0.0020240766,-0.020634837,0.09834095,-0.007378006,-0.0881295
-0.034133,-0.0004924494,-0.009289664,-0.0034571248,0.0009211242,0.029869188,-0.009141553,-0.008417716,-0.01013242,0.061951313,-0.012542414,0.7209593,-0.025228664,0.0077395923,0.017695049,-0.00031177246,0.0007212496,7.77871,-0.004859759,0.0004829016,0.010309344,0.012263361,0.014106774,0.012329762,-0.0048309383,-0.00804755,0.018232236,-0.010359278,0.003546145,-0.03165717,-0.0065378956,0.0023085077,-0.0017364854,0.018660499,-0.040361233,0.007341569,0.07512318,-0.054848604,-0.43974456,0.011300573,-0.029336678,-0.008646529,0.0030358452,-0.0024747346,0.94295216,2.0329823,-1.0212011,0.04188913,2.135632,-0.03011696,0.014239703,0.02103333,-0.0079479385,-0.027007952,3.0734882,0.012432028,-0.0016039213,0.04221878,-0.0033350852,0.002054867,-0.0038966823,0.007385886,-1.0178525,-0.07081196,-0.059594564,0.018048175,0.031278115,-0.30491474,-0.00086448464,-0.12000655
0.12378498,0.0038921183,0.04814571,-0.00014759468,-0.027772315,-0.0077561643,0.0009494338,0.0061586415,-0.06783627,0.02448589,-0.01536013,-0.0040986477,-0.0060679805,-0.005592333,-0.00010839966,-0.0014846502,2.5239873e-05,-16.913652,-0.097285174,-0.019636769,-0.0059594135,-0.07456012,-0.024256943,-0.0032955147,0.013974652,-0.0021654703,-0.04053895,0.011816104,-0.0057321717,-0.0037927614,-0.0150504,-0.002188395,-0.07678268,0.0029685649,0.0005216174,0.08240736,-0.0032219305,-0.024625404,-0.13639313,-0.002013504,-0.0054192594,-0.025618965,-0.009561303,-0.0017998677,-0.073124744,-1.0856628,-0.71719974,0.04094719,-2.336679,-0.035951342,-0.006288444,-0.015585473,-0.0061691254,-0.016716003,-3.3180633,0.010234121,-0.0065640025,-0.0039866227,-0.0022324033,-0.0010050831,-0.0655886,0.0022438508,-0.39301908,-0.04562428,-0.0698116,0.009817561,-0.06925766,-0.053789668,-0.090830445,0.037955854
-0.008793351,-0.0069795735,0.0030602023,-0.00016804232,-0.032597605,-0.021154197,-0.013161599,0.00798149,-0.0044711684,-0.05233292,-0.0072309524,-0.44079724,-0.0077845086,0.0033272344,0.0055670417,-0.0025777689,5.386555e-05,-7.6734576,-0.0009710119,-0.028668705,0.009919079,-0.005549297,0.008946859,-0.009121324,-0.0013058317,-0.03252341,-0.0546554,-0.0016720155,0.014201464,-0.021625567,-0.007184053,-0.009920839,-0.00542952,0.005542495,0.0064496184,-0.019633878,-0.046803884,0.011292731,0.007996382,-0.07706714,-0.0015637049,-0.0005952525,-0.004347633,-0.0069599696,-0.44375825,-1.5978297,0.16076201,-0.06105807,1.4254165,-0.013144014,0.0056349826,0.02108293,-0.0037815643,-0.011831067,-4.1903324,0.0031238478,-0.008574481,0.025721695,-0.0036055266,0.0013550643,-0.0022173042,0.011130888,-0.6929365,-0.809067,-0.088785976,-0.0075583826,0.018358931,-0.69314086,0.001711043,-0.17317319
-0.016389294,0.0028514285,-0.002402948,-0.00015778939,0.014559255,0.004063554,0.004462048,0.0024541533,-0.008349652,0.007682273,-0.0115572065,0.03360476,-0.017602125,0.0024165744,-0.005471049,0.0028217644,9.063568e-05,-6.838963,-0.06587194,-0.008037182,0.01673699,-0.031142743,0.017073093,-0.032640897,0.008959841,-0.0010507042,0.007746181,-0.0030224505,0.0034708872,-0.012463453,0.006038575,0.0055586705,-0.056825392,0.0027353188,-0.03161827,0.0058353874,0.118204266,-0.14836818,-0.083671026,-0.029059203,0.016667254,-0.008475824,-0.009552276,0.0021976398,0.38818592,-1.2075837,-0.6260706,0.015113928,-1.1669306,-0.06305886,0.014110997,0.013127833,-0.00060427113,-0.011150304,-1.3596294,0.0035702295,-0.0052873804,0.027910223,0.009564692,0.01966186,-0.04530716,0.0058176424,-1.026158,-0.07724571,-0.048070405,-0.016067049,-0.0065586977,-0.61522734,-0.03310193,-0.21185367
-0.056323685,-0.07352782,0.08069915,0.00047805713,0.030187063,-0.013039997,0.0053335833,-0.0010497923,0.012062517,-0.0307802,-0.021474408,-0.008972134,-0.03889798,0.010672847,0.05305228,0.04248771,0.003246922,19.908216,-0.1608253,0.00208604,0.0025099914,0.21220116,0.13871948,0.023726601,0.0113955205,-0.029042859,-0.0048375214,-0.030958347,0.009036978,-0.0021892583,0.0004642991,-0.019127622,-0.07173446,-0.008540999,0.10108906,-0.04101263,-0.049796533,-0.21990465,0.10078627,0.03342317,-0.024529083,0.002860916,0.0088569345,0.0023109915,-0.46831748,6.293068,0.68706024,-0.041314427,1.7412404,-0.09718501,0.037577253,0.06781591,-0.004000714,-0.015550357,0.89023936,0.005263022,-0.004145449,0.0021436668,-0.0011542197,-0.016408298,0.006766777,0.04207167,-1.8205814,0.07292963,0.02553134,-0.030112373,0.0079706,-0.08564548,0.027587712,-0.05323145
0.048553288,0.049745873,0.08204548,-0.00065810344,0.01228575,0.038140412,0.0672713,0.029947221,-0.011304989,-0.06068732,0.0016096114,0.49271756,-0.0257454,-0.051574033,-0.02178262,-0.007852479,-0.012235703,-1.9712456,-0.104412355,0.009405409,-0.027638657,-0.00041343734,-0.0071903793,0.06927743,0.0051758643,0.01737825,-0.019586008,0.022254981,0.0013423064,-0.018154358,-0.008911308,0.0012800682,-0.0030631009,-0.07249348,0.023333857,0.01873613,0.16294861,-0.2516417,0.32903257,0.048129477,0.009711156,0.024327138,0.009598707,0.015553688,1.1442363,0.8548304,0.742227,-0.03989027,-1.1193621,-0.087774545,-0.008708224,0.014403284,-0.0040163076,0.07013022,-8.87554,0.0053291097,-0.008751362,0.019676281,0.0119258,-0.008888361,-0.11042382,-0.0545735,-1.808625,0.057634432,0.506426,0.010361041,-0.02556852,-0.14953333,0.005347603,-0.033001307
0.00690632,-0.009050083,-0.0058353674,-0.00014553034,0.005984019,0.007219485,-0.0019953034,0.0045416104,-0.0015024222,-0.006327524,-0.009149051,-0.20077735,-0.0023337535,-0.002017506,0.0015155226,0.0010744418,8.695471e-05,-5.649382,-0.07570549,-0.0027533341,0.030014554,0.03721848,0.008605993,0.015750198,-0.006877026,-0.0023298946,0.015579622,-0.0021890118,0.006271283,-0.010288288,0.0011487114,-0.0016825091,-0.0008156722,-0.0030251457,-0.018149646,-0.0038193525,-0.027830511,0.013437649,-0.083282046,0.031880904,-0.0057677208,0.003005486,0.00094458915,-0.005305704,-0.28029066,-1.0136981,-0.4220832,-0.00905799,-1.0552524,-0.07182466,-0.0004672834,0.006132076,0.0035747436,0.0035055047,-0.39195886,0.002655596,-0.0020012646,0.02220814,0.0030386485,0.0020571067,-0.0065457392,-0.0077053,-1.8562856,-0.267343,-0.08455555,-0.027401855,-0.0061146915,-0.79326004,-0.0055980803,-0.20461603
0.005972123,-0.012205678,-0.0072610076,-7.1472576e-05,0.003926518,-0.00023938454,-0.007822439,0.0036597615,-0.004138415,-0.025218714,-0.004625767,-0.2871261,-0.0020956371,-0.007947337,-0.012955411,0.00033609924,-9.617588e-05,-17.06621,-0.09913265,-0.013696746,0.006841147,-0.019194365,-0.014084158,-0.009816848,-0.0041032066,0.0009792385,0.023198888,0.004173192,0.007181912,0.004232562,-0.0004463952,0.00216385,0.0027887707,0.001826574,-0.013159815,-0.005325247,-0.03681751,-0.0057148393,-0.08957534,0.0082371,0.0030994993,-0.0036113018,0.0011820861,0.0010051501,-0.27953133,-1.036414,-0.45150238,-0.03486237,-2.4168518,-0.053151615,0.008792101,-0.024695547,0.0016431536,0.010047019,-4.816065,0.0033846432,0.0021203004,0.011523001,0.002323986,0.0019954701,-0.03516982,0.004350885,-0.3266658,-0.03523527,-0.07211656,-0.008865494,-0.012262545,0.3517911,-0.0064452947,0.07359823
-0.0039299643,-0.0042675054,0.009697009,-0.00022777477,0.0012962357,0.0016942496,0.058596686,-0.004423865,-0.0048886905,-0.034487728,-0.0061772563,-0.21737947,-0.008254389,0.011028503,0.014785993,-0.0002893935,-1.24432045e-05,4.6449533,-0.046874523,-0.0031144836,0.0071069007,-0.01851606,-0.013251243,-0.0031548752,0.004313623,0.0014975258,0.010032986,-0.012883882,-0.010292065,0.002346202,-0.0007984102,-0.00024992376,-0.00094841694,0.0038412916,-0.00052957644,-0.008845457,-0.023100317,0.036178287,-0.05956636,-0.04979328,-0.0031916222,-0.008002081,0.00506207,0.0053134435,-0.25103155,-1.0066029,-0.35547262,-0.047296744,1.9990703,-0.02296687,0.0012079354,0.008035667,0.0021861917,0.012350018,4.567356,-0.003780431,0.0050516734,0.017979749,0.0025850807,0.0026715966,-0.00442615,-0.0075399755,-0.23309092,0.006135748,-0.028662052,0.004474792,-0.0025058629,0.14223008,-0.0022152688,0.03520803
-0.05636426,-0.0062545086,-0.0054322863,-0.0007345715,-0.0037301038,0.0043216995,0.034000013,0.00025636877,0.006896836,0.013702398,-0.0009998012,0.35431713,-0.009384227,0.0051523787,0.004564069,-3.543216e-05,1.26583145e-05,24.154133,-0.0061603813,-0.0076483646,0.0067084776,-0.02615833,0.023408612,-0.005350716,0.0031861472,-0.002553917,0.018183826,-0.009453772,-0.010453835,0.0029312398,0.0040313783,0.0007053244,0.0025207018,-0.009730997,-0.014180545,-0.017393747,-0.0033864095,-0.025417514,-0.247583,0.006616247,0.0009035254,-0.0051911115,-0.0023899083,-0.0010117701,0.44839248,-1.0166177,-0.80455095,0.038104676,3.335093,-0.017562484,-0.005665539,0.008688458,0.003589779,0.0072323293,11.876086,-0.0026251213,0.0016750786,0.04150961,0.0029039853,0.01143915,-0.011236511,0.0073375795,0.83398056,0.10121767,-0.05741634,0.105154164,0.0024787139,0.4044328,0.0060683144,0.17017007
0.003305651,0.0053429166,0.00822709,-0.0002118406,-0.04537569,-0.009464506,-0.007548884,-0.0050355983,0.014035265,0.030389775,-0.0037065062,-0.01905557,-0.0036537743,-0.0035052716,0.0012898323,0.00036613474,2.5239873e-05,-16.743004,-0.1025496,-0.01771098,0.0025086508,-0.07675204,-0.01782865,0.00012406363,-0.0054020337,0.004215535,-0.03748447,0.009554623,-0.014255129,-0.0074106134,-0.0056952788,-0.000727986,0.008095736,0.007583525,-0.001125509,0.017667813,-0.008100353,-0.029588403,-0.107974604,0.0143560115,-0.0029105241,-0.013629759,0.013336076,-0.00015222254,-0.22296283,-1.1197338,-0.608353,0.016752668,-2.219759,-0.035534568,-0.010049204,-0.014251747,-0.0040439772,-0.009265991,-3.3838887,0.008448012,0.002027246,-0.0017235983,-0.0023010562,-0.008498889,-0.04108013,-0.0012930399,-0.38434565,-0.051345896,-0.0677479,0.0058653075,-0.0827201,0.014273592,-0.04495299,0.15050362
-0.0035672472,0.0019669812,-0.010014781,-5.0673287e-05,-0.0002048479,4.2016094e-05,-0.0113072945,0.0034131939,-0.0043991944,-0.039723422,-0.008858223,-0.30228484,-0.002378634,-0.0011096117,0.0029826493,0.0035356055,8.709528e-05,-19.15908,-0.10846652,-0.01316945,-0.020898867,-0.020416789,-0.0108122565,0.000594376,-0.0027773844,0.0058536404,0.01848826,0.0011187328,0.011827483,0.0017340728,0.00059508963,0.004359056,0.009119267,-0.0024936877,-0.005607378,-0.005989021,-0.03973026,0.026020056,-0.07719966,-0.028098047,-0.004328342,-0.011578673,0.004776543,0.003115631,-0.2982719,-1.1843482,-0.41577834,-0.036098376,-2.7490494,-0.009786402,-0.01997305,-0.057394747,-0.0005662614,0.012373417,-10.034031,0.0042062835,-0.0012873656,0.008744241,0.00049662654,0.006128363,-0.03669266,-0.005537649,-0.30412534,-0.027578263,-0.07084716,-0.0076424587,-0.018942928,0.33152542,0.0034333682,0.047328077
-0.007042797,-0.007056405,-0.053412184,-0.00024032188,-0.028991222,-0.0035427408,0.02215169,0.006048916,0.04315013,0.2263469,-4.0365572e-05,0.06665731,0.063241504,0.0046850755,-0.020490889,0.004621651,-0.00021274106,22.74442,-0.13163069,-0.01715399,0.024964182,0.2162583,0.110679336,0.0387878,-0.01863133,-0.011510826,-0.029081581,-0.0029048333,0.0195413,0.009677747,-0.019731017,0.0058396836,0.00021236816,-0.030113013,0.028013721,0.098140694,0.040683843,-0.09889828,0.16247976,0.09303832,-0.011807846,3.9682855e-06,0.03769191,0.0015379908,0.3378474,5.773379,1.3918179,0.21569723,2.1227431,-0.009430518,-0.03532178,0.002050559,-0.020673372,0.009295631,-0.6937138,0.0024531514,-0.00023021812,0.022329569,-0.020736543,-0.005280142,0.014047998,-0.010393965,5.5101495,1.2645961,0.7370482,-0.08016453,-0.014605262,0.28506455,-0.04829267,0.07556957
0.0014012124,0.005751656,-0.012187333,-0.00013055428,-0.012600906,0.010080897,0.03537765,-0.0013808523,-0.011110141,-0.03859577,-0.011659657,-0.1442654,-0.008239138,-0.009517336,-0.02654469,-0.000837778,-0.00034784706,1.0449116,0.017362729,-0.018497506,-0.084351204,0.0058616716,0.026182158,-0.00043782988,-0.038342852,0.041566275,-0.04144081,-0.013845771,0.03181536,-0.0075176796,-0.00013480429,0.0007955398,-0.03340299,-0.03054471,0.0022985928,-0.02436334,-0.081641965,0.024162438,0.07787643,-0.11436158,-0.0073900097,-0.021734074,0.011466336,-0.00056489336,-0.8147993,-1.9727973,0.23428804,-0.07462406,1.8703445,-0.013621141,0.0026663803,-0.022676783,-0.007716052,-0.042210996,-10.48481,-0.0073441113,-0.03598912,-0.018784083,-0.00021270399,9.0612506e-05,-0.01469863,-0.0021619354,-10.758328,-1.6413608,0.01191824,-0.029213773,0.015642054,-0.7358638,-0.027308641,-0.1177553
-0.045567166,0.0011287761,-0.008189198,-0.00016904356,0.002837982,0.0029129777,-0.012529376,0.0002798528,-0.0024204005,0.024964996,0.0016461015,0.040318817,-0.00014267708,-0.0024108186,0.0047262837,-0.0009341529,8.286004e-05,-7.5588946,-0.074747376,-0.009175299,0.002373846,0.0076356675,0.046943862,0.00922205,-0.002401747,-0.00067593745,0.0094977375,0.0018800257,0.0021109546,0.0033865357,0.0055000247,0.0015598105,0.0049312296,-0.006402184,-0.006717523,-0.0041357675,-0.024764258,0.017739948,-0.09407802,0.045366533,-0.001931099,-0.0034892214,-0.006606137,-0.0053688907,-0.1602869,-0.9859849,-0.5105488,0.0106352735,-1.1991874,-0.06715554,-0.011145082,-0.00097137433,0.0033097921,0.0066294097,-2.0595343,0.0060099303,0.0013757459,0.02377215,-0.0019272931,-0.026108498,-0.015430953,0.004507411,-0.50994855,-0.06100498,-0.057542685,-0.011944547,-0.0014060616,0.33751377,0.008997264,-0.023940511
0.081526496,0.02620607,-0.023355387,0.00025767926,0.0057230326,0.0419764,0.04602017,-0.0053179716,0.021839164,0.21283183,0.018509325,0.5423115,0.089531966,-0.013863807,0.015435382,-0.0090006385,0.00036722253,0.19250874,-0.020125452,0.05009232,0.014929434,0.1294075,0.04988087,0.011256877,-0.040593784,-0.005637301,0.0146144945,0.025436657,0.017482799,0.0024538843,-0.0040927753,0.0025157074,0.0041285604,-0.02110214,-0.015585405,0.079611525,0.75895137,0.05266898,0.33439347,0.03307623,-0.025839964,0.009445902,0.053470578,0.0030128197,0.6880577,8.619518,1.6785281,0.30063054,-0.73153675,-0.033571854,0.04932679,0.011475917,-0.047258038,-0.016401997,0.31804973,0.0177192,-0.0021435355,0.023242947,-0.11568425,0.0623163,-0.024997331,0.0026721563,17.124752,0.7796845,-0.4490057,0.038698163,0.022298312,-0.34186792,-0.0045390725,0.09844733
0.0038861812,-0.011567237,-0.013893296,-0.0005841829,0.00401414,-0.0005035354,-0.015551318,0.002508078,-0.0033048787,-0.008237444,-0.0045833057,-0.25548428,-0.016403703,-0.008104729,-0.014720197,0.0021156394,0.0005885059,-7.752967,-0.08059534,-0.012024836,0.054689772,-0.009196591,0.0127887055,0.04038838,-0.0059489855,-0.0051576775,0.019564006,-0.008981163,0.009158969,-0.008666528,0.0025560902,0.0029425079,-0.0026866472,0.00881298,-0.0028622854,-0.009716921,-0.030861001,0.0056137703,-0.082089774,0.0005262716,0.0003784914,0.0052170833,-0.0006611503,0.0050655445,-0.29244944,-1.1056054,-0.41875634,-0.03844979,-1.1842998,-0.06166727,0.006270164,-0.0023403307,-0.0013823201,0.00019681657,-3.8652632,-0.00079338567,-0.0073241056,0.004795508,0.0023853565,0.0063921837,-0.014952524,0.0047421097,-1.4491589,-0.068651244,-0.0710835,-0.011836529,-0.02116996,-1.0901806,-0.0035667361,-0.18727909
-0.03712438,0.060879484,0.11295758,0.00018210468,-0.026534056,0.0048085074,0.009691628,0.0024454829,0.0043915487,0.08262059,0.0020064388,2.5804515,-0.10469147,0.0052124728,-0.11853442,-0.014359367,0.0016423975,-12.464882,-0.094289616,0.005076449,-0.06510782,0.0048896,0.030702965,-0.015283877,-0.013084057,-0.029958969,0.04386898,0.0064609116,0.014364248,-0.0035028234,-0.040025618,0.005134932,-0.008880278,0.04183278,0.012347319,-0.01204589,0.09660785,-0.076817065,-0.09455265,0.02512918,-0.024104347,-0.0058514536,0.05724144,0.029222699,3.8648863,29.333044,-0.09457924,0.16376027,-2.307072,-0.056870807,-0.0011787801,0.001376941,0.055461485,-0.014064012,-3.2793894,-0.006797197,-0.0069573196,0.0027193904,-0.065964684,-0.025509883,-0.026476627,-0.034864277,23.823313,2.3913574,1.227409,0.022752052,0.040946122,-0.03712629,0.090197526,-0.037847873
0.010746404,-0.004127052,0.009298603,-0.00033325062,-0.017274478,0.004538093,0.043276943,-0.0066117276,-0.008879187,-0.022736074,-0.011810828,-0.22419909,-0.007353634,-0.0019628913,-0.022048784,0.0024030195,0.00011783778,22.712217,0.04044796,0.0022201277,0.05995093,0.034698997,0.004609348,0.005613014,0.011270299,0.01609345,0.02504458,-0.02277383,-0.009718514,0.0008639089,-0.01292685,-0.021468643,-0.0019586794,0.010733486,0.0013480013,-0.01221605,-0.021713344,0.030571299,-0.064628415,-0.0021504192,-0.009225347,-0.008291619,0.00046600171,0.0048298165,-0.2499757,-0.92598593,-0.31289813,-0.024731789,3.140668,-0.030901926,0.06580015,0.0964962,0.016956924,0.025278017,11.037502,-0.0014846856,0.009085993,0.056951,0.007666766,-0.0022528127,-0.012864668,0.0121796215,-0.8923339,-0.019070467,-0.039777264,-0.011582549,-0.002983955,0.30473343,0.0015240262,-0.19741872
-0.003735393,-0.006539194,-0.0073880404,-0.00015329625,0.0017521373,0.0034580384,-0.0016962497,0.0011184108,-0.00096583035,-0.021795966,-0.005941204,-0.29439005,-0.001670701,-0.0021379965,0.016645068,0.0027641228,8.4731306e-05,-19.878664,-0.10126046,-0.0030235476,0.008218963,-0.047570106,-0.009094275,-0.003930829,-0.0034787643,-0.0036389178,0.019660143,0.006758621,0.0073358985,-0.0096358545,-0.0008284501,0.008086009,0.00063605123,0.0033803256,-0.012099975,-0.005421165,-0.03409745,0.015298842,-0.08982264,0.0138445655,0.011022589,0.02453619,0.0270797,-0.0010063796,-0.2914823,-1.2298242,-0.48774993,-0.03696377,-2.8613503,-0.00081137475,-0.013391903,-0.054688465,-0.0019673316,0.007918237,-11.666502,9.790695e-05,-0.003448035,-0.048407942,0.00035593286,-7.3059084e-05,-0.018602857,-0.0078116986,-0.3555855,-0.022596488,-0.07841987,-0.011854883,-0.015746713,0.108466506,-0.00578068,-0.033097904
0.2063043,0.0071014673,0.017776892,-0.00020263638,-0.00972617,0.0028820906,-0.008405387,0.010594601,-0.072646044,-0.017395804,-0.023529548,0.11584902,-0.013080876,-0.0022157207,-0.0052895267,-0.0010980914,5.70688e-05,-19.424927,-0.09931279,0.0026964825,-0.016790789,-0.05931849,-0.01969436,0.008999522,0.012527171,0.0032267214,-0.035066623,0.030871456,-0.0078558,-0.008514052,-0.003881613,0.0014927061,0.013088242,-0.004503103,0.00977032,0.10021882,0.02867226,0.012100168,-0.1474998,0.0085692275,0.0012757892,-0.010959913,-0.003908288,0.0063154735,0.2059698,-1.300212,-0.88573337,0.003200352,-2.7921717,0.00234344,-0.020359889,-0.008582078,-0.001928865,-0.01693551,-8.259688,0.0058901943,-0.0050641294,0.010581416,0.0014344149,-0.0014710393,-0.06341672,-0.003226813,-0.4980046,-0.05077201,-0.08494123,0.0017674014,0.025966454,0.46573234,0.0025540618,0.17157073
0.013071783,-0.0048863553,-0.013065263,0.010145822,-0.0068563097,-0.016736723,-0.010320343,-0.006732563,0.0062612398,-0.017501043,0.005083494,-0.27357835,-0.0043638316,-0.0004843134,0.0076627047,-0.0029865387,8.278201e-05,-18.973715,-0.10227527,-0.005967927,-0.009314794,-0.024178352,0.009942864,-0.0004041343,-0.0036813042,-0.006154981,0.023282936,0.009800012,-0.05040292,-0.006664082,0.0031625768,0.016403178,-0.009997304,-0.0054741446,-0.030623293,0.05432627,-0.06793341,-0.0150582325,-0.058660094,0.022440705,0.0002475532,-0.007771865,0.012610838,0.0071517564,-0.29071826,-1.1630617,-0.46994495,-0.026786901,-2.5418391,-0.007386499,-0.021932555,-0.040124718,-0.0023307812,-0.00503101,-8.557982,0.00010133956,0.0009197915,0.0062414063,-0.009764524,-0.006000953,-0.016071461,-0.0058128904,0.03958504,-0.026918815,-0.074841775,-0.011422638,0.013551373,0.8918839,0.013593401,0.15157054
-0.076497614,-0.004251063,0.017633552,-0.0053723566,-0.013641652,0.014787472,-0.02386516,-0.040167123,-0.021557586,-0.07202757,-0.013355141,-0.45981884,-0.0029107863,-0.0060934466,-0.0028783234,0.010011512,0.00038029274,8.71684,0.020073831,-0.0007448094,-0.03740652,0.06531113,-0.0056513287,-0.0018697232,-0.053160813,-0.013920547,0.03130841,0.019677779,0.022428755,0.0051555405,0.020310115,-0.0070180893,0.002099833,-0.047966488,-0.010895765,-0.02214742,-0.023228314,0.08181254,0.19581643,0.0104177045,-0.036447283,-0.038739853,-0.007713123,0.0030793436,-0.5507643,-1.2929151,0.30797514,-0.03703602,1.8255055,-0.016770877,-0.032796267,-0.055976402,-0.0029899443,0.020768192,3.4861493,-0.0051754913,-0.024199413,0.09744748,0.018356996,0.009018551,0.12474452,0.006330349,-10.273546,-1.0173011,-0.008532017,-0.0039659087,0.004811215,0.3978667,0.014781523,0.10221497
0.00086641643,-0.015832579,-0.017133519,-0.00016912346,-0.011489703,0.0021031343,0.008206598,-0.0038829658,-0.0023051403,-0.044081543,-0.0062337765,-0.35785732,-0.0014577755,-0.001043641,-0.015101941,-0.00087297644,4.2388678e-05,-4.476872,-0.05960611,-0.0043821447,0.006434329,0.05655754,0.018656682,0.033942513,0.004070596,-0.0035535651,0.01178537,-0.023365559,-0.008475505,0.005508833,-0.0005382043,0.008574525,-0.0010904499,8.893397e-05,-0.0026436157,-0.015270191,-0.04126964,0.018293701,-0.05099975,-0.033615366,-0.006116333,-0.0012848846,0.0007363084,0.0031619277,-0.32181954,-1.2184296,0.051784083,-0.05456532,-0.8361679,-0.035258368,0.012239541,0.012828648,0.0012073799,0.0016970129,2.7138095,-4.3405802e-05,0.0014988224,0.015447938,0.0034486253,7.374337e-05,-0.011441463,-1.4927617e-05,-0.41767326,0.0039454936,-0.060579166,0.013234842,-0.0084936125,-0.2705923,-0.0038310522,-0.09124071
0.008727054,-0.011413311,-0.024221243,-0.00016240515,0.004128336,0.003238567,-0.013579717,0.0036927727,-0.0010376573,-0.039479334,-0.008089316,-0.2839864,-0.001366611,-0.0022450981,0.002302232,-0.00038637465,7.4561656e-05,-14.881963,-0.08544079,0.003954237,0.0038950278,-0.065782964,-0.012144555,-0.0038745042,-0.0033233494,0.0041140555,0.008258896,-0.002998667,0.009749878,0.0051324014,-0.008791793,0.0006218548,0.0024648472,-0.002662441,0.009252905,-0.0039337706,-0.03436318,0.00095910334,-0.060970385,-0.0034906967,-0.0070457156,0.00038816474,-0.00057208794,0.0054523447,-0.295454,-1.2623985,-0.20088007,-0.03606128,-1.2509322,-0.059027944,0.010085836,-0.01762931,0.0024871586,0.007433035,-1.334824,0.004656025,-0.0048201284,0.012350886,-0.025076201,-0.0010064308,-0.0117867645,-0.0025976528,-0.3577242,-0.021221263,-0.057219192,0.001384687,-0.010595267,-0.06507786,-0.0021723974,-0.08045457
0.08401923,0.019690884,0.0383197,9.52179e-05,-0.009229554,-0.00373014,-0.0060842605,0.0050560622,0.03887012,0.039965745,0.0014892896,0.81234676,-0.065912426,0.0067505687,0.008127086,-0.0021250616,-0.01367585,-3.733398,0.06606328,-0.008683181,-0.035220504,0.14969668,0.045824945,0.0019226588,-0.007228315,-0.01976824,-0.023113722,0.04605267,-0.019658929,0.010729435,-0.014274271,0.023953767,-0.05439226,-0.062703826,-0.044628344,0.20047337,0.3438161,0.22293326,-0.58409,-0.038767908,-0.043519996,-0.031544346,0.019922376,0.016154649,1.1507623,13.336034,0.5189921,0.07578244,-0.8871467,-0.053026438,0.22388594,0.038859125,0.0029260116,-0.010918094,3.7477098,0.01321809,-0.0070095886,0.0047857417,0.03202003,-0.016061675,-0.015251647,-0.010666317,-1.0127214,-0.38782892,0.16192353,0.01852957,-0.011077352,-0.42355117,0.026615413,-0.072425544
0.012511368,-0.0037532907,-0.0021955378,-0.000112495705,0.0045818076,-0.00027011405,-0.0062778885,-0.0001892704,3.4768498e-05,0.022937898,-0.002743112,-0.24685135,-0.0010836475,-0.00048603187,0.0012841374,0.0007246575,8.441103e-05,-17.460577,-0.110878,-0.005062825,0.016493265,-0.010181883,0.01778235,-0.00044853188,-0.0015969613,-0.0083322935,0.021636866,0.004475963,0.0047344575,-0.006712195,-0.00046851175,0.0019179654,-0.0056582037,0.0019445567,0.00010727856,-0.006595078,-0.012493525,-0.0003906404,-0.0846561,0.031729463,0.0011232665,0.0069820215,-0.0044056573,0.0003548487,-0.29288542,-1.1236185,-0.4970238,-0.01902612,-2.5094924,-0.050980423,-0.013340527,-0.01289669,-0.0011876067,-0.008405283,-5.9012284,-0.0014551892,-0.004374494,0.0054701,0.00061849173,-0.001082049,-0.056214962,0.0056535034,-0.7441086,-0.05929846,-0.071097665,-0.025808413,0.004637784,-0.29307365,0.003292882,-0.08582235
0.036688916,-0.042769443,0.03265721,0.000103985934,-0.013700908,-0.008335937,0.051079404,-0.004267037,0.016712902,0.10931949,0.0017117409,0.14549302,0.0695757,0.0028011769,0.0067984792,-0.015130922,0.0001588821,2.680961,-0.07734917,-0.00967002,0.004164869,0.043677986,0.0208907,0.0212772,0.0026351174,0.0045711217,0.021088278,0.01927897,0.01684324,-0.00977196,-0.04054046,-0.008074988,0.024802944,-0.04043395,-0.01686246,-0.017633585,0.6006498,0.17087558,0.40164885,0.099290006,0.014658252,0.00026755212,0.014469531,0.00044764398,0.649891,0.5409117,0.97251743,-0.03551854,1.7358154,0.031569194,-0.0029533436,-0.021187734,0.015516636,-0.011589389,2.8324952,0.0036682067,-0.017296627,0.019151444,0.0026287923,0.070746675,-0.019661224,0.05102693,1.423612,0.034424122,0.049532637,0.10083824,-0.042573687,0.029113442,-0.016439648,-0.0063609383
-0.0006552772,-0.004919207,-0.004739486,-7.57871e-05,0.011683638,0.005513411,-0.031858586,-0.010740073,0.005385161,0.024584042,-0.008926779,-0.3358413,-0.0030061153,-0.016156778,-0.010663732,-0.0070090382,0.002557414,-18.119347,-0.11307941,-0.015539938,0.0038006473,-0.03783355,-0.026450302,-0.023109753,0.00042257225,0.0024446736,0.0054456526,-0.013516317,0.0012747606,-0.004605179,-0.0033776937,-0.0017835875,0.0003157065,0.00889449,0.013058863,-0.0088605145,-0.010339737,0.0054127937,-0.08307229,-0.0338249,0.0065242862,-0.0053118584,0.0006445674,0.0019625502,-0.32411313,-1.5158954,-0.39044666,-0.04212921,-2.7943532,-0.058841314,0.015160763,-0.009483892,-0.006493557,-0.036910757,-10.891938,0.0014778933,-0.016135653,-0.0018881912,-0.0021431942,-0.006744612,-0.033477668,0.010591492,-1.7077696,-0.23183237,-0.07118125,-0.016311985,0.008193408,-0.9992923,-0.0022492316,-0.13149911
-0.011194433,0.032377142,0.016911693,-0.00028429963,0.0073986836,-0.0070735947,0.029480625,0.03586896,-0.024087137,0.020302247,0.03324648,0.80186516,-0.07050492,-0.0026157687,0.011195,-0.0026993847,-0.005428549,-7.5228615,-0.08530055,0.055224743,-0.15800728,-0.14841832,-0.0383199,0.0011046228,-0.014819762,0.004727867,0.020259267,0.066081785,-0.0057968567,0.017207205,0.012327009,0.020724785,-0.040465847,-0.02750031,-0.022589963,0.016455617,-0.09031593,0.023030857,-0.25877193,0.060986973,0.026233654,-0.004891949,0.009265425,-0.0069645783,0.91191775,-1.4258664,-1.130862,0.051430177,-1.1776732,-0.041797932,-0.060041174,-0.046745345,-0.0015450176,-0.0156684,-0.8274452,0.016097354,0.011525828,0.058140304,0.0103003,0.012965919,-0.0024863698,0.021514282,5.4809256,0.09268075,-0.13152564,0.020582233,0.00026616117,1.4792455,0.011000455,0.3277393
-0.0064675435,-0.015275795,0.0074345646,-5.5789453e-05,-0.020506902,0.0010903549,-0.013738091,0.0028065816,-0.005622327,-0.035766404,-0.009475739,-0.2320325,-0.006472049,0.010624043,-0.016408598,0.0015337362,-0.00010865252,8.269523,-0.019701079,0.005612934,0.073121674,0.03889032,0.012101512,0.03817379,-0.0023945835,0.004513605,0.02649867,-0.012637563,0.001797357,0.0044077476,-0.0006114123,0.006062295,-0.002423744,-0.0008522105,-0.03140389,-0.010081859,-0.028537374,0.032386135,-0.071003795,-0.021996038,-0.0037339337,-0.0042132684,0.0006892755,0.007533614,-0.27438033,-1.0031133,-0.3644862,-0.04530544,1.9926076,-0.03023613,-0.0049839625,0.028270904,0.009533034,0.004848847,3.0901349,0.0036383986,0.002592602,0.03026149,-0.002488308,0.0052468693,-0.00843294,0.00033394707,-1.3702353,-0.06957423,-0.028042113,-0.014851026,0.0016653943,-0.6048183,0.010840385,-0.18530098
0.022841854,-0.051935107,-0.013143468,0.00014870071,-0.03980259,0.010020467,-0.11796051,0.016785873,-0.015755475,-0.20565082,-0.006396135,-0.5336567,-0.2507234,0.03058219,0.0023158106,0.026229594,0.010019551,13.335732,-0.15162537,-0.02192995,-0.102730475,-0.032919265,0.024138173,-0.018471178,-0.022813447,0.018608565,-0.037382536,0.033139184,0.017608676,-0.0015247947,-0.0148005765,-0.008724349,-0.010700038,-0.00983524,0.02627665,-0.03957257,-0.15137176,0.029583592,0.21816067,-0.24367635,-0.012709296,0.019606816,-9.161575e-05,-0.02039334,0.221828,0.18361379,0.5994365,-0.116927706,2.487659,-0.18249463,-0.010683514,-0.16720118,0.019352358,0.03229851,-9.370605,-0.0011696457,-0.013471034,0.018644966,0.012081915,0.0046819276,-0.042377148,-0.09651534,-1.862354,0.6001997,0.68466127,0.04209623,-0.06076758,0.33719477,0.017465925,0.03699768
-0.0071300035,0.02292671,-0.01488745,-0.0008572562,-0.0006240907,-0.024358373,-0.012998937,0.0006874173,-0.02972553,0.040051,-0.0013160278,-0.24746215,0.010151656,-0.003941492,-0.0042733294,-0.00037949404,7.179029e-05,-21.327108,-0.09324772,0.006861047,-0.01584935,-0.03964874,0.014607082,-0.0006744386,-0.0011237622,3.790781e-05,-0.048165012,-0.00215617,0.001697208,-0.0069152233,0.00468453,-0.01565051,0.025764598,-0.037931897,0.0107556,0.09866649,0.016703643,-0.12579378,-0.009002579,0.027085835,0.015755078,0.008852334,-0.030636458,-0.01075086,-0.27266142,-1.844174,-0.2576198,-0.012055865,-2.815236,0.01736092,0.0020218722,-0.056841563,-0.003784951,-0.01875843,-13.334905,-0.0026144257,0.014211038,0.011775913,-0.035415553,-0.008751761,-0.060101297,-0.009268395,-0.3273439,-0.0379351,-0.02661668,-0.010902743,0.04641636,0.19147046,0.0003486962,-0.05662322
0.29872042,0.033541676,0.021884073,-0.00081417995,0.14554699,0.017322823,0.08284611,0.08971218,-0.012813453,0.078930415,-0.047546223,0.46574503,0.09232646,-0.020110246,0.012629466,-0.0096850265,0.00028975037,-17.279518,-0.12427065,0.019867918,0.041330397,-0.07075708,-0.028997745,0.0035746,-9.7870216e-05,-0.004325875,-0.051140066,-0.0120389005,-0.014964221,0.012293024,0.04596433,-0.008375645,0.07751058,0.00578287,0.0026958315,0.108952336,1.5201572,0.17849351,0.20276102,0.034764666,0.100201,0.06683597,-0.047215715,-0.0058199987,-0.15194134,-0.15703198,0.6782693,-0.023541117,-2.3106678,-0.030035118,0.008394781,-0.19825748,-0.038717996,0.23288526,-5.7421966,0.015433397,0.04757018,0.033040777,-0.017439602,-0.017421234,-0.096871965,0.02063618,16.004328,1.3732407,-0.20386799,-0.036204297,0.097421914,-0.2826516,-0.0059818416,-0.03276447
-0.04754668,-0.014616182,-0.021788543,-0.00014144038,-0.02716274,-0.06427458,-0.032369122,0.007257995,0.0045257937,-0.08450385,-0.0135460785,-0.6980996,-0.015268316,0.002439172,-0.0032155071,-0.00073594955,0.00031013103,-4.911769,-0.06204882,-0.0016884106,-0.0019797245,-0.01694597,-0.0057862946,0.054406147,-0.027888907,-0.0016281656,-0.08122123,-0.002070449,0.023494568,-0.022546703,-0.010751141,0.014589184,-0.010312869,-0.080108956,0.008139764,-0.020015059,-0.17772377,-0.060690098,0.096796565,0.010352912,0.0005078233,-0.024777912,-0.026660997,0.00072648504,-0.6473601,-1.4883997,0.17901647,-0.03691851,-1.3645886,-0.072628826,-0.02117426,0.043489132,-0.009610285,-0.07592746,-12.353672,-0.007358187,-0.035735447,0.0007150692,0.0075451354,-0.008172524,-0.17162049,-0.0189784,-8.179463,-0.33459222,-0.2923433,-0.025884083,0.0014356836,0.4115596,0.005896539,0.08737878
0.081841946,0.023023818,0.12875041,-0.0001523522,0.009348358,0.0052571427,0.012095315,0.017987464,0.031520635,0.08733416,-0.016057013,0.8424365,-0.087351374,-0.010725607,0.017543748,0.0073769484,0.003044301,-16.594172,-0.16883324,-0.029827408,-0.016161868,-0.23695792,0.011576993,0.03523808,0.016174419,0.013632413,-0.03248619,0.10080628,0.027477391,-0.012265433,-0.030666199,0.005251117,0.0028904383,0.0075766672,-0.03591283,0.1078308,0.6114551,-0.104082584,-0.4547839,0.075299725,-0.0050089234,0.0069663147,-0.0060482267,0.031764183,1.039825,13.894261,-0.46136624,0.057044797,-2.5274348,0.01309937,-0.1538402,-0.12567833,-0.0012035832,0.013689355,-6.1976523,-0.004447318,-0.009346158,-0.02265136,0.005467453,-0.0399916,-0.046062686,-0.031415768,-0.303843,-0.5807527,-0.50487655,0.011161164,0.046157617,0.3247037,0.02692697,0.08867932
0.007738633,-0.012467362,-0.0027461424,-0.0001336862,0.009637725,0.0022547583,-0.013582015,0.0021167907,0.00076735555,-0.01146638,-0.0056517385,-0.24777448,-0.0024807919,-0.007236596,0.0040616114,8.903121e-05,-8.769256e-05,-10.95985,-0.08988074,-0.016348649,0.008760145,-0.005144613,0.013039931,-0.0031672851,-0.0021337285,0.0027005686,0.011742292,-0.0038049652,0.0070947255,-0.0028691618,0.00044700192,0.0025301743,-0.0006245506,-0.0054045925,-0.00640292,-0.008613488,-0.03044281,0.014471692,-0.0763754,-0.0010006423,-0.005063614,-0.00015546446,-0.00030328898,0.003091281,-0.2537502,-1.0750145,-0.4266766,-0.033532035,-1.2705599,-0.051300496,0.0068954285,-0.0011509196,0.0026811394,0.010015517,-3.223937,0.0027508398,0.0010803784,0.013141846,0.0023229134,-0.0015592509,-0.030374233,0.0012031704,-0.42606252,-0.0319656,-0.065983444,-0.011302411,0.0082373675,0.049362913,0.0062698117,-0.044105824
0.005409185,-0.017444408,-0.0072198496,-0.00012901943,-0.0021664058,-0.0077851284,-0.0087722335,-0.0009842076,-0.0018652363,0.025314664,-0.0009988992,0.006855089,-0.0018898679,-0.0011201843,0.003772073,-0.0011002554,7.1980445e-05,-16.080624,-0.09011887,0.006610686,0.008088488,-0.0310881,-0.012312457,-0.0030423643,-0.0056793587,0.0031024776,0.020506758,0.010540665,0.01249604,-0.003797923,-0.0023030096,0.006068414,-0.0015832549,0.006830664,-0.0016324287,-0.0052409945,-0.025586654,-0.013487564,-0.078815095,0.04399001,-0.0036524427,-0.0024943587,-0.00021857125,0.0008293287,-0.20329152,-1.0404104,-0.5238998,0.004766225,-2.3242698,-0.04271472,-0.02005563,-0.015428362,-0.0014509901,0.0055633956,-1.4361851,0.0004429805,-0.0011315605,0.013797865,0.003988398,-0.006981611,-0.037437733,0.008775304,0.01162429,-0.02517812,-0.10175392,0.008518955,-0.0031233,0.6229792,0.0030975158,0.092225224
0.07617471,0.021929719,0.032471098,-0.00022775824,-0.017945468,0.015422231,-0.0074185035,0.009586694,0.011838169,0.0119613595,-0.061768763,0.01705538,-0.017521901,-0.002163011,0.039851032,-0.0133202085,0.004463072,7.14301,-0.004117502,-0.013871253,0.00070722145,-0.6574004,0.075791895,0.011971302,0.016391668,-0.00022317277,0.106244646,-0.009926601,-0.008291476,0.0074058897,-0.008187715,-0.005103971,0.060241748,0.00097530655,-0.007151439,0.13086253,0.2582633,-0.13726006,-0.53659683,-0.007594465,-0.0213017,0.0023111878,-0.0051730736,0.034149576,0.61191964,10.189161,-2.7390308,-0.0049066343,1.9998823,-0.030640893,0.088277444,-0.004915677,-9.181893e-05,-0.006787183,3.9535396,-0.00094746926,-0.0073800576,0.03748397,-0.008932067,-0.003154469,0.023859063,-0.0032921543,-0.9958052,-0.12628451,-0.082117006,-0.037710086,-0.017790807,-0.09182776,-0.011016114,-0.06343092
0.008418517,-0.014855926,-0.01631413,-0.0003118357,0.032671273,-0.0007586548,-0.013244001,-0.0005077467,0.0019543222,-0.020971347,-0.0014026321,-0.27514789,-0.0004472711,-0.001953544,0.020852484,-9.9600016e-05,6.315586e-05,-15.599262,-0.098052055,-0.011867892,0.033567246,-0.02380402,-0.014628802,-0.000589386,-0.0036063392,-0.0020605267,0.015282739,-0.003557689,0.0051613655,0.0024197553,0.0003297585,-0.0007417876,0.0012474593,-0.002368632,-0.005707274,-0.0067483652,-0.03265531,0.00049054046,-0.07365271,-0.003398143,-0.0056730974,-0.00066400843,0.010013019,0.007289808,-0.26862562,-1.021905,-0.43703887,-0.030682776,-2.2571037,-0.052075975,0.011989323,-0.01563806,-0.0016804395,0.015537989,-1.5687867,0.003960337,0.0026258873,0.009055485,0.004213745,0.0064298525,-0.0032888018,0.014938014,-0.28923145,0.004240827,-0.08015863,0.007882147,0.005680511,0.36286953,0.0060297777,0.13840735
-0.030942006,0.009436556,-0.005341534,-0.00010758221,6.299452e-05,0.01201673,-0.06462656,-0.006735176,-0.05354474,0.06773216,-0.00225844,0.0071593625,-0.008894634,-0.009675861,0.0007345717,0.0027868387,-0.00012152099,-16.878035,-0.09492323,-0.007997996,-0.008265953,-0.11054497,-0.04871306,-0.000542634,0.022905853,0.015689181,-0.005682825,0.01641268,-0.0008718306,0.0031150114,0.0026193478,0.004703457,-0.04814268,-0.015143496,-0.0016760813,0.06965632,0.3780697,-0.07030933,-0.19297457,0.042216238,0.04947193,-0.012027432,0.0048855515,-0.0032514338,-0.03086508,-1.0605915,-0.84034175,-0.03846612,-2.389047,-0.045202747,-0.0113379285,-0.08551193,-0.008315983,-0.0065912646,-2.8076596,0.0069880066,0.0033386284,0.028409246,0.003521279,0.0094749555,-0.033258107,-0.021214554,-0.45047784,-0.04039588,-0.07048457,0.0035729383,0.06974386,-0.09879765,-0.06340716,0.03511339
-0.08622591,-0.0056764167,0.053305905,0.0015787404,-0.034639496,0.013202473,0.063134864,0.021719279,0.013503852,-0.14858466,-0.011014485,-0.0057132468,-0.027400544,-0.020563675,0.035694297,-0.0031312655,0.0080348905,33.330894,0.3001969,-0.0053004236,0.020308197,0.10847742,0.046942327,0.010862445,0.07724015,-0.035169464,0.03654342,-0.0025306996,0.041986533,0.016293995,0.010949324,0.015052557,0.02199406,-0.111776955,0.021244753,0.044013385,0.08011397,-0.13784625,0.20470119,-0.01316224,0.0064378176,-0.027882976,0.00489809,0.019187951,-0.3260249,4.0553594,1.1291242,-0.16778046,4.707835,0.20140707,0.09609116,0.042099614,-0.002210377,-0.120659076,8.223125,9.087258e-05,-0.0026528758,0.0233912,0.020532893,0.00027721768,0.0083725555,-0.06353084,-5.7822165,-0.0039816587,-0.24831119,-0.008305376,-0.07415032,-0.35286584,0.009783637,-0.0734655
-0.02650223,-0.00019094859,-0.05539662,-5.354688e-05,-0.037218522,-0.007463865,0.018245386,0.03142562,-0.024602475,0.06621106,-0.026961073,0.6528539,-0.07477279,-0.0017344035,0.0114906,0.0094405925,0.0067094793,-14.397491,-0.16989043,-3.807035e-05,-0.016608957,-0.059449848,-0.03240183,0.0121036265,0.0024137017,-0.02436253,0.027669156,0.020543594,0.012181898,-0.0033465936,-0.019019151,0.028682882,-0.01939362,0.0074126897,-0.012290178,0.17939943,0.27290928,0.34069425,-0.514359,0.0028497074,-0.01728184,-0.008990632,0.031179678,0.028480789,0.9475402,8.12963,-0.58062005,0.07664749,-2.2413738,-0.025292696,-0.09035108,0.0005119352,-0.001430008,-0.038959008,-1.4854424,0.006132516,-0.009478862,0.009352932,0.07848032,-0.0060096635,-0.052720454,0.006797117,-0.5015669,-0.51906747,-0.49922943,0.016536918,-0.0072058244,0.5712534,0.010418278,0.08098087
-0.04415496,-5.4074982e-05,-0.00234598,-0.00015848418,-0.0014576802,0.054476473,-0.0174145,0.0023205641,-0.0029459049,-0.16012135,0.0009152876,-0.46985736,-0.0136832865,-0.0012689853,-0.0033973674,0.009162945,0.00052976876,8.514666,0.03914167,0.053350396,0.22895156,0.027028421,0.007887128,0.031255078,-0.022913817,0.0005713556,-0.00065935054,0.00458712,0.027837541,-0.011363815,0.008439001,-0.012804285,-0.02800248,0.011026163,0.04213835,0.004290362,-0.035038523,0.044982854,0.13351923,0.011383048,-0.0023113778,-0.061446212,-0.017330976,-0.002974077,-0.724359,-1.2167014,0.34128258,-0.04305545,2.0581594,0.007648426,0.0006222148,-0.029971216,-0.012055755,-0.026467828,0.14923549,-0.001043188,-0.0369485,0.023564601,0.021467272,0.003979403,-0.10437519,0.0508038,-11.230513,-0.88554,-0.022248544,-0.004689833,0.022064434,-0.04987391,0.029259581,0.0049466137
0.003755224,-0.010647653,-0.010830475,-8.856645e-05,0.0031425068,-0.00039796744,-0.016087437,-0.0012931398,-0.0033781407,-0.048753604,-0.004626052,-0.30158538,-0.0020762393,-0.0021164375,-0.013231831,0.0012090198,7.047422e-05,-16.577843,-0.10340629,0.0037198982,0.008209125,-0.023553392,-0.016079405,-0.015236592,-0.00276749,0.0045298142,0.01597282,-0.0054969434,0.0022620603,0.0007654416,-0.0011011607,-0.0007454404,0.0060721715,-0.0040102913,-0.0050091646,-0.008895834,-0.0327097,-0.005948459,-0.081867464,-0.06415879,-0.004006286,-0.0040976736,0.0048867413,0.0028702037,-0.2986173,-1.1019424,-0.39261806,-0.038859043,-2.2611835,-0.059008136,0.011544091,-0.018870126,0.004277628,0.011053962,-3.643962,0.0032535593,0.0022806344,0.009032999,0.002603151,0.0022952075,-0.011736585,-0.0011834133,-0.36434108,-0.01877289,-0.074893184,-0.008448433,-0.012037591,-0.4478468,-0.006574778,-0.08671753
-0.08028982,-0.00792908,0.0008295399,-0.00028716482,0.008448716,-0.002471245,-0.013104823,-0.006102163,-0.011845081,0.031141642,-0.0014331974,0.41166085,-0.005014467,-0.0032891792,0.006499807,0.00020054656,-1.178576e-05,-7.46947,-0.08103648,-0.008975213,0.00056419265,-0.001986158,0.03082995,0.006774666,-0.003447855,-0.0013854362,-0.0061611505,-0.0002123043,0.005309774,-0.003199504,0.0057310835,0.006240686,-0.002769325,-0.005507943,-0.022748474,-0.007487174,-0.007902315,0.003252505,-0.17380746,0.035099618,-0.0004933018,-0.009558465,-0.008321531,-0.010646438,-0.018616296,-1.0292017,-0.7942222,0.024657043,-1.2815769,-0.05851101,-0.009371637,0.0019671016,0.0012903599,0.010056736,-1.6935095,0.0074049607,0.0019554575,0.011886716,0.019343823,-0.026383199,-0.023629466,0.0058055115,-0.25332478,-0.020894295,-0.026743803,-0.015196174,0.028697908,0.19612329,-0.009973087,-0.040404357
0.009495212,-0.0015830871,0.019959169,-0.00037386388,-0.013788672,-0.0059023504,-0.008789744,-0.001338472,0.010982394,0.00892864,-0.0072054835,-0.21829809,-0.0066706813,-0.0069385488,0.0013923688,0.00044633323,-2.5178007e-05,8.740014,-0.029386038,-0.0024570376,0.012952781,0.030209405,0.013631189,-0.009854025,0.0033429943,-7.655601e-05,0.019471869,-0.006512829,-0.00085409195,0.0034837627,0.00065723294,-0.00494292,-0.041598205,0.009979446,0.0145582,-0.0054227263,-0.020068388,0.025516657,-0.059806872,0.014214535,-0.0011783146,-0.003334796,0.0048662415,-0.0018028861,-0.24407154,-1.0284729,-0.35471073,-0.019302836,2.1708872,-0.024936652,0.0064632082,0.0024805253,0.0016669083,0.0062371185,3.9569669,0.0016457436,0.0040479642,0.01911461,-0.028747147,-0.01220744,-0.011360722,0.0059862346,-0.09981306,0.03519956,-0.05661687,-0.0103423335,0.0036547312,0.101567775,-1.3092404e-05,0.07637809
0.008790421,-0.013370467,-0.014921983,-0.00022696992,-0.010070375,-0.05775842,-0.01292728,-0.0005575148,0.00084366975,-0.014581883,-0.011143295,-0.24923867,-0.0015357258,-0.0011799613,0.019352874,5.182305e-05,9.0231784e-05,-15.591563,-0.09118157,-0.013315718,0.023483051,-0.023273146,-0.011524176,-0.0029277091,-0.002884634,0.0036736564,0.016661903,-0.004109289,0.0056001763,0.0031637058,-0.00019224234,0.002099253,0.00045878033,-0.0018231435,-0.005901368,-0.01420935,-0.043329597,-0.004121381,-0.075654946,0.0028342546,-0.0046132375,0.0011665619,0.0027412625,0.006713452,-0.2724198,-1.0256003,-0.4330642,-0.03002155,-2.2742712,-0.046577886,0.008647748,-0.005675488,-0.0016170345,0.01529184,-1.1500757,0.002209223,0.0015298856,0.010735143,0.002113897,-0.002886057,-0.004623704,0.032341257,0.0983603,0.0039199186,-0.08133176,0.006368411,0.0046120617,0.30153486,-0.0042304858,0.15043724
-0.014818259,-0.005472049,-0.0019724162,-0.0002445069,0.0047943075,-0.0039353073,-0.014069553,-0.00045176718,0.009308242,0.03660917,-0.009060433,-0.19015469,-0.0019633383,-0.0010109454,0.0069761835,-0.0015490723,3.0042278e-05,-14.910594,-0.08954182,-0.00847713,0.008310077,-0.03151072,-0.014364303,-0.0065136408,-0.01007412,-0.0021581862,-0.015826631,0.006111251,-0.009922123,0.0048904507,8.1434904e-05,0.0075960844,-0.04702968,0.016418606,0.04886265,-0.0055120885,-0.003577386,0.004787813,-0.064020835,0.017080607,-0.0046448144,0.0020996116,-0.013246136,0.0061618066,-0.26715252,-1.089,-0.45838374,-0.019940212,-1.2638432,-0.04707016,-0.006376288,-0.004956765,-0.0055202106,-0.020781325,-1.3207612,-0.011403301,0.0019109938,0.01913434,0.00080283306,0.011723651,-0.009953029,0.00754192,-0.38006562,-0.051694587,-0.06858277,0.011348008,0.016838001,0.11784077,0.021894917,0.23856921
0.09842968,-0.008852622,0.012029089,-0.0006171654,-0.012701131,-0.050309576,-0.006736749,0.0058961725,-0.007832952,-0.34093094,-0.064486474,-1.006777,-0.0099917445,0.00019068646,-0.010133194,0.021621052,0.0007091458,-6.2947326,-0.0944136,0.0052353004,-0.008407349,0.023209091,0.034715466,-0.015738921,0.01209932,-0.008070374,-0.031199992,0.043524913,0.013418445,0.004947205,-0.019749464,-0.022790125,-0.013593762,-0.10522686,-0.09341984,0.01323864,-0.23031066,-0.1567345,0.2085811,-0.23277241,-0.004248794,0.0024100784,-0.02455104,-0.03476454,0.5157647,1.1599331,0.30427364,-0.11416576,-1.515496,-0.03870625,-0.019200528,0.07097486,0.0011449201,-0.028480437,-8.750502,-0.009786617,-0.003471895,0.0012858785,-0.04161049,-0.015493506,-0.06863715,0.051086817,-1.5237617,0.23345795,0.1595663,-0.045053262,-0.09005331,-0.07742972,0.005055572,-0.11414663
0.017278858,-0.000816318,0.026137153,-0.00016295709,-0.022232767,-0.005607669,-0.0065941717,0.0033683863,-0.0017234257,0.01594376,-0.003150279,-0.021822875,-0.0019418071,-0.00047302988,0.01336179,0.00030736843,5.0104383e-05,-7.9113603,-0.08959921,-0.018542016,0.0025164883,0.008887959,0.013468273,-0.0055009387,-0.00022647562,-0.0027419385,0.01241868,0.0004401245,0.004664391,0.0061319186,0.0014753818,0.0021905464,0.009193533,-0.0058979997,-0.013570743,-0.0073026945,-0.028128298,0.015848137,-0.08132778,0.022509368,0.011040931,-0.01232197,-0.00015785635,-0.0057338327,-0.25288832,-1.0420969,-0.4598936,-0.009650349,-1.2080492,-0.07199509,0.0026604917,0.0070433123,0.0003078579,0.006528843,-3.0954988,0.0029189873,-0.0010367095,0.01070492,0.00036343923,0.0025429083,-0.005605723,0.0044755563,-0.9166945,-0.061996818,-0.0635961,-0.007422778,-0.033531856,-0.17340155,-0.041148216,-0.06109593
0.0010877582,-0.0009525525,-0.009623398,3.4305092e-05,0.0015866414,0.0040328666,-0.008350931,0.0065920595,-0.002889369,0.004074659,-0.006620562,-0.23658276,3.0074254e-05,-0.0021562844,-0.0024760137,0.00086599606,0.00018608538,-3.3322828,-0.07988239,-0.017226186,0.018864304,-0.0066285,0.017071005,-0.002196111,-0.00091263995,0.001566934,0.015013368,0.00049435685,0.0063240062,-0.0075377556,0.00091617834,-0.000811968,-0.0018853742,-0.00021794159,-0.00092786195,-0.010418332,-0.010563963,0.009867194,-0.07587116,0.013234924,0.0009667684,0.00419945,0.005007135,0.0037014252,-0.24722087,-0.94817126,-0.40722805,-0.03249504,-0.83045435,-0.05767939,0.0065303617,-0.008631527,-0.007647253,0.009043784,3.3327303,0.0027224156,0.0031067336,0.027166862,0.002069761,0.00056213513,-0.046750512,0.007655479,-1.241351,-0.04572048,-0.09860189,-0.008480637,0.0038597905,-0.49646232,0.0120414775,-0.08532362
-0.020602198,-0.011383372,0.01521807,-0.00074591016,-0.010362757,-0.0031093347,-0.009686601,-0.0007562705,0.00022316993,-0.011805725,-0.003966504,-0.22473438,-0.0008117714,0.011833758,0.005370426,-0.004608591,-7.961071e-05,8.937577,-0.012350584,0.003386018,0.04008052,0.04630105,0.00042823367,0.03508653,-0.0028509293,0.0010132014,0.022749182,-0.0027017237,0.0031930492,0.008035805,-0.00076932844,0.002153761,-0.010016784,0.014567704,0.015922684,-0.006534828,-0.025245974,0.03133449,-0.0665328,0.0071269893,-0.0067049973,-0.0047176317,0.0045477347,-0.0015559283,-0.2561047,-1.0651176,-0.39698264,-0.030423164,2.1963532,-0.011147962,-0.0027725904,0.019538647,0.0018494275,0.0061007654,4.032215,0.004050668,-0.002197153,0.026499465,-0.03461464,-0.01661849,-0.0053956155,0.0071811266,-0.6402641,-0.058120888,-0.0297757,-0.012617263,0.029108051,-0.41654262,0.0071468307,-0.11892785
0.1924815,0.051160716,-0.0013608325,-0.00011530155,0.018686702,0.038569517,-0.047056515,-0.015050083,0.031460475,0.073280275,0.0023201765,1.0498171,-0.07073445,-0.04153578,0.008685269,-0.00049761176,-0.0016612973,19.670061,-0.023391625,-0.040061086,0.012786703,0.042716682,0.020900393,0.008651179,0.018068116,0.00015026772,0.0014304135,-0.007105338,-0.008506854,-0.009389717,0.003503353,0.01038222,0.08345399,0.05976311,-0.004440715,-0.013279605,0.16200562,-0.0812687,-0.43625647,0.015956532,0.0052359607,0.008240416,0.02076307,0.021771386,1.2578912,9.77916,-1.6087661,0.056609884,2.6101055,-0.19721934,0.056854576,0.07275277,0.0016014179,-0.008379451,7.809005,-0.005213058,0.0023638858,0.01713728,0.009966398,0.003399947,-0.006988373,0.008490664,0.41603303,-0.029754834,-0.10152671,-0.038377564,-0.007837383,0.07439912,0.002946799,-0.043574624
-0.035164256,-0.022999037,-0.0007388552,-0.00095931056,0.15553324,-0.0032392452,0.03902452,-0.0017028677,0.013637633,0.1554915,0.010634634,0.2870629,-0.17458856,-0.0065226145,0.012317376,0.00953938,0.0032096615,20.393946,-0.26553813,-0.02755602,-0.042182267,0.08219592,-0.009005956,0.036011767,0.025487725,-0.0027805378,0.02344696,0.04325246,0.0037411037,-0.015520446,0.016097102,0.01552086,0.052085027,-0.15186375,0.017873937,0.15162821,-0.010187463,-0.12799028,0.1693166,0.059205998,-0.007897195,0.00039959364,-0.0005614146,0.02402743,0.0062391963,5.678082,0.7497361,-0.28682125,2.3817077,-0.17613278,-0.025755255,-0.08451105,-0.006339329,-0.0016177978,-4.9876204,0.0029393327,-0.00830468,-0.008070632,0.00061822636,0.007643883,-0.0024093303,0.00602548,-0.071607694,1.0700923,0.7429802,0.016236367,0.006387142,-0.12327546,0.016505761,-0.028861098
-0.0009450568,-0.009803893,0.00079349516,-0.0018255725,-0.0002845195,-0.00024580822,-0.018257907,-0.0076097897,-0.0008286093,0.03026124,-0.005412656,0.15151492,-0.006651823,0.0008071291,0.0044401754,-0.0012574256,0.00031308102,-18.473167,-0.09256594,-0.0028362768,0.008508075,-0.02782264,-0.03334279,-0.00727635,0.005536233,0.0038797425,0.0078501245,0.0054426775,-0.0009741825,-0.010338087,-0.0017330712,-0.0097886445,-0.019642426,0.004831073,0.031768497,-0.004168263,0.025716221,-0.020173486,-0.037679795,0.03987147,-0.004676482,0.004810213,-0.0024167146,-0.0008692296,0.09567412,-1.5832567,-0.47388965,0.034136027,-2.7697287,-0.045785747,-0.011182096,-0.0025049448,-0.005460545,-0.020002335,-7.4996524,0.0014082014,-0.008309005,0.0021237785,0.0036731234,-0.0974246,-0.03472636,0.0032298754,-1.2928884,-0.08568681,-0.0648164,-0.0051942086,0.0151218055,-0.6697856,-0.0013921144,-0.19105677
0.01615516,-0.01870093,-0.023913749,-0.000118445576,-0.01774395,-0.0072075524,-0.00838656,0.004446516,0.013038311,-0.0028916146,-0.0037134287,0.06616119,-0.0134868715,0.0028171225,0.022088865,-0.00036338737,0.00015957799,3.8054545,-0.047965206,0.013751444,0.020500213,-0.023744311,-0.017250473,-0.0031715508,0.0045170537,-0.007910542,0.03311139,-0.0007238875,0.008900852,-0.012795693,-0.013019891,0.012305908,-0.009430422,0.0025138638,-0.025221156,0.0035882953,0.0877784,-0.08257972,-0.29213825,0.02349633,-0.0027816682,0.004969536,0.0143136885,0.005833653,0.2942519,-0.065034896,-0.72522855,-0.005006407,1.8493236,-0.031863283,-0.00031782742,0.0042957603,-0.002321261,-0.023867995,3.221723,3.271454e-05,-0.008288845,0.0076796305,0.0016518197,0.009770815,-0.0109097585,-0.013813905,-0.4270028,-0.03067486,-0.049534194,-0.010209109,-0.0037876084,-0.26931357,-0.0025815133,-0.062145036
-0.000548993,-0.0028934483,-0.0045834426,-6.861623e-05,-0.0031486894,-0.0023725794,-0.023408474,-0.007575291,0.004993147,0.021182125,-0.00026485376,-0.30902633,-0.0030917935,-0.009975181,-0.0127349915,0.00021476514,0.002561332,-18.303455,-0.106623404,0.0077157877,0.00012954246,-0.045231782,-0.025557563,-0.014812627,0.009021722,-0.0018082275,0.008650553,-0.01138509,0.0040097623,-0.009457172,-0.0003665617,-0.0040283273,-0.016576502,0.00071581395,0.0023241823,-0.011610691,-0.010477282,0.0033615795,-0.08076483,-0.04973926,-0.0017755402,-0.0071590114,0.0015236017,0.0076793754,-0.3309315,-1.5490816,-0.28599292,-0.047597013,-2.6087284,-0.05676224,0.016737672,-0.010925985,-0.005078735,-0.038390636,-9.312552,0.0021614446,-0.014025333,-3.1830066e-05,0.0020872098,0.00042174826,-0.031763464,0.008610121,-1.3175747,-0.21919371,-0.07628549,-0.014959949,0.0056101945,-1.0667988,-0.0029830588,-0.12937753
0.016295236,-0.01509848,0.06791311,-0.00021270079,-0.026533615,-0.017547553,-0.0009049975,-0.01770288,-0.0067524714,-0.11401553,0.01264396,-0.6568003,-0.0031119068,0.00040510108,0.017153269,0.00021733485,0.00047822308,6.7784,-0.18550591,0.02369568,0.07075812,0.048057348,-0.0028662349,0.01489559,-0.05326097,-0.02639206,-0.0039262734,0.003934552,0.004079003,-0.047366004,-0.0034669533,0.024169777,-0.0130201895,0.008032568,0.0024038064,-0.013385627,-0.08189941,0.040910643,0.13556497,-0.08275714,0.00082557584,-0.005926563,-0.094288915,-0.005160821,-0.77026993,-1.4697051,0.24116306,-0.060595814,2.3697226,0.10194341,-0.015078667,-0.04414669,0.03850032,-0.019258376,-5.3473606,-0.014810235,-0.029909406,-0.17855771,0.008448573,0.015357552,0.046757493,0.015285917,-13.991485,-1.3506584,-0.065042675,0.012046088,0.045191072,0.346684,0.023331689,0.18102105
-0.026280217,-0.017777974,0.008629104,-0.000119654476,0.017465739,0.0023328823,-0.0017941976,0.0016816529,-0.011272621,0.014082466,-0.007928246,0.41372463,-0.013507342,-0.0017771795,0.017790167,-0.0014681272,2.4100387e-05,0.34953782,-0.033940822,-0.00077246537,0.0046746945,0.0136859575,0.019637004,-0.0067643886,-0.00094798586,-0.003731218,0.02017756,0.0053443504,0.0077800113,-0.006916652,-0.0025476334,0.004817192,0.0018364738,-0.00077141216,-0.0523508,-0.001032844,0.013043339,-0.0065442165,-0.30683193,0.022952711,-0.0052817045,-0.012663896,0.0011314942,0.0033071293,0.71188134,-1.1180397,-0.9577599,0.038559474,1.4928606,-0.03805034,-0.0044251075,0.0023493764,-0.002891916,0.0032716002,6.3676953,0.0008907346,0.0015895121,0.008322092,0.0048647034,-0.0005973114,-0.009008198,0.007639843,-0.34052584,0.01822943,0.012101943,-0.0008462766,-0.020819545,-0.11191451,-0.005917804,0.011627061
0.003509528,-0.000813383,0.08416891,-0.00011593371,-0.00077500416,-0.0049883667,-0.0033825221,0.0020921275,0.0021186827,-0.0133043965,-0.002783188,-0.2903792,-0.0012032993,-0.0007197963,-0.008811371,0.00095579564,8.4731306e-05,-19.186222,-0.109181635,0.001516188,0.0032694628,-0.07875309,-0.009612879,-0.0016420416,-0.0031753997,0.0021456499,0.019486256,0.0077153603,0.0065907566,-0.005526467,-0.00266292,0.004686681,0.0055801948,0.0047794445,-0.01743046,-0.0035479623,-0.03609301,0.012924979,-0.09252679,0.0028357315,0.0067337966,0.008152273,0.0014406345,-0.0006619424,-0.30062953,-1.198858,-0.4954111,-0.035191637,-2.578581,-0.008463389,-0.013803402,-0.017364306,-0.0029024833,0.003932978,-9.393869,-0.00026929492,-0.0032214073,-0.057937503,-0.0005722572,0.005262372,-0.035299465,0.004788373,-0.3675308,-0.052622095,-0.07899283,-0.010276293,-0.024863444,-0.3350111,-0.012039998,-0.062440664
-0.13275899,0.036470275,0.05038417,7.6015014e-05,-0.01142521,0.067682736,-0.03198213,0.01649572,0.037062205,-0.07489137,-0.04533157,-0.61150455,-0.013637132,-0.00095605705,-0.00468541,0.0068912054,0.0004791458,9.907703,0.26965374,0.076267295,0.22425263,0.043734785,0.036803022,0.022599388,0.008430502,0.030209327,-0.020871634,-0.015518424,0.0012314218,-0.002376599,-0.0075163767,-0.0071174256,-0.02565974,-0.03959273,0.019273214,-0.033598863,-0.037296984,0.05770124,0.21394743,-0.19972336,-0.016651403,-0.027185956,0.0076795607,8.864772e-05,-0.8843486,-1.6518042,0.3553619,-0.005984192,2.401974,0.11044776,-0.013889363,0.06989556,-0.01454489,-0.007275634,-5.8485107,0.0009878213,-0.011221447,-0.014959941,-0.00093618204,0.0022324154,-0.0075078444,0.05431268,-14.70836,-1.7942467,0.019195084,-0.011673033,0.03334239,-0.44393465,-0.013014142,-0.12930724
-0.01647514,-0.0015348123,-0.0031409985,-6.3435524e-05,0.005539418,0.0018409307,0.003152145,0.004236492,0.0057568126,0.026196823,-0.0061276746,0.34511727,-0.0116197,-0.0070396443,-0.01982889,0.0009121159,-0.00013375141,-17.003614,-0.09114771,0.006117889,0.0018608747,-0.038468964,-0.027679661,-0.014305966,0.0075797276,-0.0027330513,0.012524338,0.017702794,0.004802161,-0.007469042,-0.00090166647,0.0040864283,-0.00060086744,-0.002172428,-0.033737916,0.011581758,-0.002538999,-0.0035688118,-0.192132,0.02897519,-0.0060955007,-0.005757938,-0.0071601924,-0.0007120172,0.31286266,-1.0856704,-1.06695,0.019268885,-2.5415792,-0.044276245,-0.0069759022,-0.012431937,-0.0025589936,-0.020431329,-3.1683235,0.001410403,-0.001137903,0.0047032083,0.0042065047,-0.008426633,-0.012486838,0.006523982,-0.48915628,-0.015668528,-0.05643824,0.0022900123,-0.0057293726,0.062942006,0.008437795,0.049547534
0.011879745,-0.023898782,0.0017531853,-0.00021606834,-0.0042963307,0.002706069,-0.0030458109,-0.0066331457,-0.005743245,-0.024391882,-0.006698595,-0.20547304,-0.0018988242,-0.0061231954,-0.01673522,0.00018500756,1.6609585e-05,14.201982,-0.005376919,-0.003162182,0.007916142,0.048349895,0.008964316,-0.0021707902,0.006138041,0.0030240617,0.02510625,-0.020050185,-0.010803481,0.0060958364,-0.0011525122,-0.00015541908,0.008237316,0.008649756,-0.030187879,-0.0008245718,-0.034503628,0.037292805,-0.05665282,0.025676027,-0.003421701,-0.0018547502,0.0014645611,0.004353749,-0.22375509,-0.72503763,-0.35911122,-0.028801044,2.614785,-0.013588263,0.0033850856,0.0065890085,0.0003397198,0.011366697,9.372341,-0.0031238063,0.00398387,0.031843588,0.0033778958,0.011128803,0.015183472,-0.0062091,0.7558278,0.051256612,-0.16349292,-0.016929612,-0.0037017544,0.15588056,-0.006710461,0.0012305262
0.059898913,0.022670053,0.024512539,-0.00059630984,0.17365392,0.0034057538,0.022921499,0.061635513,0.0010119881,0.008360367,-0.0006395696,-0.26878232,0.009229414,-0.008602482,0.04667133,-0.009169767,0.00039620395,-6.3154116,-0.072210215,0.013050559,-0.021171145,-0.074795045,0.035624642,-0.04718113,-0.04279662,0.017140161,-0.02528403,-0.03143786,-0.014078128,0.054037023,0.03125674,-0.009599724,-0.04386484,-0.12342018,0.00870176,0.013396918,0.026076768,-0.16186848,0.40276474,0.012117007,0.11709692,0.015361523,-0.014839767,-0.03427114,-0.4057708,0.23659374,0.8190134,-0.11153596,-2.605221,-0.014916088,-0.016841026,-0.12707412,-0.027365493,0.22887562,-7.5486984,-0.0032984316,0.0805191,0.026160631,-0.00947145,0.0013471278,-0.10700313,-0.035921395,13.448251,1.2391583,0.37350598,-0.034266066,-0.026081491,-0.19733645,0.028906165,-0.019729497
0.24800505,0.037848905,0.014407733,-0.00073712907,-0.026574302,0.038127717,-0.007667941,0.007108988,0.0067853495,0.028349783,-0.0007368115,0.0575585,0.008127283,-0.001967035,0.0049139573,-0.0011928702,6.796951e-05,-23.190042,-0.13303585,0.09752556,0.047618464,-0.14116406,-0.015583349,0.015018831,0.03522367,-0.0072142864,-0.06293987,0.07114182,-0.0004135597,0.008064249,-0.00779339,-0.007354217,-0.043919716,-0.028893737,-0.025079679,0.17615658,0.18017316,-0.06505467,-0.27372146,0.041635893,0.0006814435,-0.0150333475,-0.007864392,0.011359109,0.4003428,1.7374636,-1.7628522,0.10863969,-3.194884,0.0047589615,0.0051010493,-0.10168075,-0.00991746,-0.00766025,-16.815317,-0.0004030065,-0.018236253,-0.18570408,-0.035770737,0.00579887,-0.069605306,-0.014057763,-0.55501544,-0.029796472,-0.070146814,-0.009906224,0.008809186,0.20265555,-0.014340277,0.03918344
0.010179582,-0.022116087,-0.005719741,-0.0009283748,-0.00783326,0.0032325091,-0.0023967724,-0.006601278,0.004807008,0.025551321,-0.009369182,0.12966195,-0.006556958,-0.0017159116,0.0024348355,0.0017911881,8.2923885e-05,-17.66945,-0.09172933,0.0035747844,-0.004509304,-0.037634566,0.018414648,-0.020130591,-0.011445732,-0.004632157,0.037165,0.011446261,-0.006012843,0.00023045651,0.0019337015,0.011711917,-0.01807717,-0.016768275,0.019399969,0.05954003,0.114135265,-0.046933703,-0.1258055,0.014837097,0.00137002,-0.00942782,0.00341777,0.003153751,0.26490742,-1.1668453,-0.7527788,0.018871235,-2.7164624,-0.038436536,-0.025240732,-0.04523476,-0.005898648,-0.0081323525,-4.4597588,-0.0009585351,0.003957732,0.0022843773,0.01356622,-0.0076753506,-0.0066922177,0.012978342,-0.14157496,-0.04691034,-0.10568937,-0.00022910997,-0.020558137,0.44034222,-0.051688317,0.17224756
-0.25089937,0.0033004011,0.046499524,-0.0054839384,-0.045669336,0.0047964146,0.01197534,-0.021696951,-0.003639866,-0.095812224,-0.0037185913,-0.5206154,-0.010756736,-0.0066551515,0.0060467487,-0.0025866826,0.0007344503,5.0991187,0.077378765,0.010612626,0.281667,0.01658979,-0.031170527,-0.002336566,0.008130251,-0.017945752,0.012076485,-0.06284788,0.008029148,-0.012949285,-0.0396868,-0.017954214,-0.025727522,-0.00065134803,-0.060786396,-0.02150245,-0.035592556,0.037943143,0.16368468,-0.15039551,-0.025021877,-0.0075607933,-0.00734981,-0.021025512,-0.6205937,-1.3545188,0.27869505,-0.08689366,2.06487,0.042889014,0.0048546013,0.028328877,0.04075319,0.009340479,-0.40771607,-0.026680188,-0.016604587,-0.07649665,0.002272118,-0.02245344,0.00025488058,0.009732128,-9.276108,-1.313076,0.003561084,0.047754217,0.025179917,-0.44960707,0.018695807,-0.075212926
-0.004417254,0.020883763,-0.0068612713,-0.0006931448,0.019085193,-0.025426647,0.009981498,0.014512911,-0.012743628,-0.035061605,0.03826263,-0.35520536,-0.011331357,-0.020898478,0.01306445,-0.0021298612,-0.009888294,-7.224498,-0.100184,-0.0072423224,-0.0041555623,-0.013202547,-0.028770518,0.017727653,0.022516778,-0.00059823005,-0.024189193,-0.016362786,0.0053643244,0.03285482,0.03961296,-0.029606154,0.011721013,-0.046817563,-0.027527736,-0.022527754,0.011100112,0.009747733,0.1986427,-0.25008887,0.07134701,0.06926691,-0.007700916,0.031219495,0.08237678,-1.3163477,0.23786883,-0.03071685,-1.7125435,-0.051084787,-0.0065373303,0.11603895,-0.008359455,-0.027718525,-9.053755,-0.015715163,-0.013465821,-0.0114323,-0.057309028,-0.0048754686,-0.024171723,-0.01474796,-1.4802526,-0.09848451,-0.25901332,0.010196792,0.03496571,-0.76054204,0.017276632,-0.23266718
0.0020529174,0.0001315542,0.00046520622,-0.0012356625,-0.008235514,0.0020061326,-0.005836348,0.0062142764,0.0019106237,0.025395889,0.002971807,-0.27169734,-0.0035082235,-6.6010696e-05,0.004575872,0.00043128958,8.285979e-05,-19.289473,-0.114691064,-0.014399071,-0.0108269835,-0.07718382,-0.015616282,-0.002507227,0.0016639257,-0.0061239307,0.021984905,0.011320084,0.00090648193,-0.0061184634,-0.00039665846,0.005337224,-0.020515444,-0.06218317,-0.010275676,-0.0064743184,-0.024692098,0.0006382,-0.07767597,0.0004172726,-0.006200176,-0.008124946,0.012849846,0.0019245434,-0.29023147,-1.2807585,-0.48936805,-0.024526717,-2.7754414,-0.00626597,-0.011295354,0.013853164,-0.003462492,-0.017413916,-10.587193,0.00530073,0.0018094013,0.0027141697,0.0005405172,0.00054687756,-0.010120158,0.008137811,-0.37301257,-0.055333823,-0.06999242,-0.016405478,0.0069379257,-0.089782946,-0.018133763,0.15530549
0.011324022,-0.015250316,0.018324047,5.894333e-05,-0.0076953145,-0.00043598577,0.00014562592,-0.0010799996,-0.0036715285,-0.026981886,-0.006130514,-0.22799343,-0.0018387217,-0.0032116119,0.0014919845,0.000504283,4.2859803e-05,-4.1301107,-0.07550436,-0.010035267,0.013365322,-0.0049018175,0.014084778,0.008582673,-0.0004782761,0.00080329017,0.017010497,-0.0043532704,0.001711962,0.0030188765,-0.00072669506,0.0030245862,-0.0015102143,0.0011599722,-0.0028939766,-0.0035117378,-0.028010724,0.02899908,-0.07293313,0.007841023,-0.0011838932,-0.0020676465,0.0010784004,0.0015845641,-0.25854552,-0.9970816,-0.38696018,-0.03358884,-0.8345028,-0.06267079,0.0033336992,0.0012641143,0.0017671897,0.008441284,2.7815099,0.0040600635,0.0019762826,0.027354032,-0.004969978,0.000996414,-0.013264779,0.00066289684,-0.74747264,-0.036280517,-0.073291555,-0.007424802,0.013183702,-0.101202965,0.020747593,-0.08389465
0.003484236,-0.010786687,0.0008971544,-0.00012934083,0.0042120605,0.0026011937,0.009403386,-0.009329852,-0.0095330225,-0.045092292,-0.0037453275,-0.51372844,-0.0045335153,-0.0067946524,0.010699506,-0.00015635825,-0.000104487044,-15.585584,-0.09364997,-0.007407313,-0.0041597085,-0.013897892,0.012588323,-0.0006255316,-0.0093559185,-0.011895581,0.018839333,0.010551015,-0.008715145,0.00685968,-0.0023049933,-0.00016071487,0.0015885057,-0.001726119,0.031313267,-0.0058198147,-0.061832655,-0.02389087,0.10169882,-0.0004550297,-0.00080893293,-0.0021842003,-0.025582753,0.006226369,-0.33659053,-1.3732885,0.08907788,-0.03984707,-2.2769892,-0.044293992,-0.014697569,-0.045758158,0.0052929013,0.0017251389,-1.2431303,-0.0032122824,-0.0073988554,0.009613206,-0.0022422015,-0.011000444,-0.05534224,0.001387351,0.13735536,0.033225756,-0.063370466,-0.011417939,-0.017837053,0.17563626,0.0085666105,0.15180229
0.0016828834,-0.01788203,-0.0040351343,-0.00025494656,0.0035112374,-0.009284619,0.010086539,0.002335028,-0.001621913,0.017509338,-0.005117769,-0.027652906,5.5989476e-05,-0.0021061753,0.00026785498,0.0002616178,7.839427e-05,-4.9699707,-0.07282607,-0.006536206,0.011247364,-0.004078186,0.018826531,-0.0045671053,-0.004425232,-0.0012600948,0.011645445,0.0036558614,0.007322227,-0.012142752,-0.00069609727,-0.0026128967,0.0018420932,-0.004970542,-0.0031842524,-0.0046709073,-0.011116791,-0.0006617409,-0.07605656,0.036283787,-0.005754464,0.001256407,-0.0010073395,0.004056037,-0.23251459,-1.0267713,-0.4358432,-0.0244285,-0.86219,-0.05958357,0.009141031,-0.00046065412,-0.0011089852,-0.00522731,1.8646275,-0.003227581,-0.00293593,0.022426838,0.001316871,-0.0012868543,-0.036181595,0.012870727,-0.7419298,-0.06212892,-0.08499547,-0.010208992,-0.011298024,-0.39905247,0.0043894993,-0.13383435
0.19428253,0.042443182,-0.032847404,-0.00015131399,-0.01676117,0.0072815283,-0.029897854,0.0064623035,0.05832582,0.037189394,-0.13339767,0.71467924,-0.033259153,0.0053051263,0.026224673,-0.014049815,0.00029165365,20.587896,-0.071560234,-0.05508729,-0.023260664,-0.04684576,0.004461834,-0.01741578,-0.095975526,-0.010120705,0.02785761,-0.014530632,-0.03619438,0.02041169,0.022386102,0.00031364418,-0.058060706,0.02697128,-0.031162007,0.22272396,0.22862296,0.14255336,-0.23851463,0.021337045,-0.019039081,-0.013060418,0.023013735,0.024817681,0.8931122,11.385811,-0.6294748,-0.0061870003,2.4987392,-0.24134828,0.026442867,0.053261146,0.0058841105,0.006814654,7.3797755,-0.008007165,-0.061403334,0.05836091,-0.010754728,-0.0030520707,-0.028448924,0.03361142,0.52455103,0.07151441,-0.42265898,-0.07413244,-0.017276946,-0.053653613,0.010771155,-0.0065982114
0.0066495924,-0.010113348,-0.018708836,-0.00010926279,0.002232945,0.0032101546,-0.013081138,0.006323688,0.0011643018,-0.03197399,-0.0036046146,-0.26873237,-0.0029290179,-0.0011272144,0.010094691,0.00065254956,6.778998e-05,-14.623431,-0.09485271,-0.015105403,0.008398584,-0.03409833,-0.005836019,-0.0018140655,-0.0036162038,-0.00058841624,0.01874796,-0.0024061706,0.0068869763,-0.0035274227,0.0011502362,-0.000814722,0.0008712902,-0.004834681,-0.004363257,0.00413086,-0.032437027,0.015398724,-0.078442015,-0.0063847024,-0.002977716,2.3589477e-05,0.0047968957,0.0033840195,-0.27386868,-0.995409,-0.43157342,-0.031152071,-1.3027068,-0.055576954,0.0072323196,-0.026333693,0.0026598165,0.014693357,-1.7635115,0.0018493455,0.000105457635,0.007921278,-0.0060229334,0.002943909,-0.01583532,0.00028998428,-0.7822796,-0.030390074,-0.06123731,0.008041121,-0.0040126005,0.31841564,0.016235162,0.05987068
-0.16078556,0.005490725,-0.01186149,-0.0007050572,0.018557565,0.025789313,-0.054110393,-0.015464387,-0.015886087,-0.18279117,-0.000872284,-0.8376669,-0.014042997,0.00010263744,0.015124488,-0.00067587115,0.0031306897,23.825489,0.20910004,0.01427182,0.0005069551,0.09103842,-0.018443098,0.01636852,-0.04448168,-0.0082247,0.14602844,-0.025547717,0.0043254546,0.01419675,0.01782458,0.009806283,0.0046122405,-0.08322875,-0.022979427,-0.018736789,-0.094796725,-0.3585913,0.12990312,0.014245182,0.00087037904,0.010218122,0.016314516,0.0046229847,-0.41100177,1.7698324,0.37869412,-0.11892269,3.8854914,0.24410047,0.1439389,0.054483615,0.003998758,0.0051967306,7.057054,-0.00703341,0.038245242,0.020000387,-0.007767747,0.0050207283,-0.0023748945,0.096977815,-12.348835,-0.80509216,-0.3139349,0.015337348,-0.0717069,0.116324514,0.036337916,-0.08620944
0.008339814,0.00030772298,0.0013067498,-0.000109520195,-0.0004886235,-0.010889101,-0.009823792,-0.002526232,-0.037918393,0.011915515,-0.0066620302,0.058360185,-0.010953353,-0.002280847,0.0025775612,0.019716907,4.638626e-05,-16.946701,-0.10255974,-0.0030542386,0.0066129463,-0.02996464,-0.016075654,-0.0034408693,0.004129124,0.00021891133,-0.048613347,0.009801039,0.031194637,-0.0031898932,-0.01881971,-0.023424797,-0.012080792,0.0045539606,-0.007607371,0.10022711,0.097571164,-0.02298976,-0.10568061,-0.035243608,0.0069612744,0.002960803,-0.01728942,0.013980047,0.16473842,-1.1214327,-0.81718034,0.022979034,-2.551247,-0.049272675,-0.01112768,-0.04146383,-0.0065727783,-0.012341911,-3.536056,0.008587028,-0.0036324367,0.016077112,0.0011207958,0.0072815795,-0.043542303,-0.020285511,-0.94708854,-0.04964611,-0.05901662,0.028796328,0.02692303,-0.2232737,0.01235767,-0.16641109
0.0020693794,-0.016844533,-0.009279079,-8.43578e-05,0.0010006757,-0.0015126974,-0.012444909,0.004532006,-0.0062864926,-0.050073035,-0.004228896,-0.31682944,-0.0030410194,-0.0011685287,-0.007122531,0.00093531434,0.00019226487,-16.912354,-0.09655383,0.005589808,0.031730432,-0.02617084,-0.0106185805,-0.01547285,-0.00838446,0.0031860368,0.022788253,-0.002798018,0.006784782,-0.002306991,-0.001821406,-0.0041692453,-0.0003224702,0.00097241206,-0.00572555,-0.01077131,-0.036225352,0.010447544,-0.080603905,-0.026233172,-0.0013265114,-0.00615436,0.0018799012,0.00070315955,-0.32431445,-1.4604826,-0.19938625,-0.045425378,-2.5018632,-0.05376683,0.018289715,0.014045255,0.003531776,0.0032855081,-6.542816,0.0019204656,-0.0018439804,0.006959454,0.0019330268,0.004765942,-0.016074741,0.015520427,-1.2489345,-0.21865666,-0.09346201,-0.01610302,-0.015987795,-0.7663662,-0.006760651,-0.1732757
0.0030065088,-0.012046676,-0.007965293,-0.00016940746,0.0047542234,0.0019115799,0.0025839885,-0.0020155963,-0.00932405,-0.061642393,0.0027110216,-0.3963693,-0.0040486767,-0.00150223,0.0142431315,0.0012714119,6.3560736e-05,-20.96786,-0.10459903,0.013693716,0.0005269938,-0.07439935,-0.0110120885,-0.003394266,0.0087911,-0.0061967843,0.0058466583,0.0072264792,0.0010681738,-0.011433699,0.011038573,0.0014226798,-0.0026465713,0.01997989,0.04503634,0.04625029,-0.059210267,0.016614549,0.03198223,-0.02115763,0.0033321,-0.0038230622,-0.022777185,0.002847501,-0.34852695,-1.5600561,-0.18812864,-0.042541843,-2.9064152,-0.009216985,-0.03830065,-0.05621908,0.00017087093,-0.020243097,-13.660614,0.0006121965,0.022440357,0.0069939494,-0.016906893,-0.0062142597,-0.05245162,-0.020887487,0.07537705,-0.02377223,-0.04144847,-0.009727233,0.019795306,0.9519053,0.020760687,0.21203195
-0.0027162246,-0.0033353171,-0.0028840485,-0.00020507928,-0.005010345,-0.0125288125,-0.00522569,0.0047316174,-0.011768652,-0.048361953,-0.0012218914,-0.44312397,-0.0023770416,-0.003062152,0.003925191,-0.0011437016,4.7544585e-05,-18.559237,-0.109415546,-0.012847927,0.0019525684,-0.031525366,-0.016202938,0.011324798,-0.0086525325,-0.00061016297,-0.015055219,0.0028512191,0.012910274,0.006622679,-0.010026341,0.0009955865,0.0063840775,-4.7656154e-05,-0.0053177327,-0.008137219,-0.054315493,0.016018637,-0.06627974,-0.0029121542,-0.003990451,-0.002621672,-0.007923928,0.004655003,-0.3857615,-1.5338991,0.044618495,-0.04902398,-2.5455515,-0.060625177,-0.011334297,-0.07143393,0.0071863565,0.0018432552,-8.57456,0.0051665874,-0.0044274903,0.020049809,-0.0020326301,0.0010582854,-0.03589737,0.001754447,-0.7580656,-0.053495277,-0.044407275,-0.006552229,-0.029339578,-0.16798754,0.0018206431,-0.07920213
-0.004645472,-0.0016253389,-0.0034778602,-0.0001494462,0.0080223605,-0.004645208,0.018632688,0.00233024,-0.0010274794,-0.0063939495,0.028759938,0.01624877,-0.0025438324,-0.0009969141,-0.015203293,9.572046e-06,8.9249705e-05,28.133877,0.00026620715,0.0099093,0.0055603036,0.0662386,0.015019317,0.035244305,0.00015634559,0.007073384,0.021524794,-0.021758607,-0.008714463,0.0060283174,0.004961975,-0.036744315,0.0037366292,-0.0009244104,-2.1450669e-05,-0.0023372988,-0.025807926,0.01349998,-0.079066515,0.021518413,0.0074157696,-0.007832839,-0.0032674458,-0.016327005,-0.22516465,-0.8457247,-0.4258808,0.0063918987,3.514028,0.017374372,0.021771654,0.027816765,0.0056238445,0.00706368,13.779402,-0.0023683181,-0.0068509155,0.0574026,0.0033758015,0.008568572,0.0044084406,-0.0069189174,0.7469751,0.029653115,-0.08397202,0.007329649,-0.02147456,-0.29550958,-0.0051588123,-0.1741878
0.0067025693,-0.0053930427,-0.012496964,-0.0011435101,-0.002834234,0.0037248717,0.057144362,-0.007199187,-0.0007701494,-0.018558506,0.00062840123,-0.2143604,-0.0021873917,0.010989215,0.016457412,0.00020928614,-6.9551366e-05,-1.0457566,-0.03597049,-0.001934848,0.016300783,-0.021952342,-0.012432659,-0.006423695,0.0012787736,0.0028010246,0.008109777,-0.00455887,-0.009135505,0.0029368594,-0.0020274068,-0.0031633405,0.0014256735,-0.0031805143,-0.012686855,-0.008260366,-0.040345307,0.019799612,-0.078569345,-0.001475836,0.0044054007,-0.0012338214,0.005139664,-0.0005207397,-0.23458686,-0.8492395,-0.39483133,-0.028086478,-0.38931844,-0.046827294,0.0010913452,0.0040098396,0.002380325,0.014468959,7.559363,-0.0042722714,-0.0036765763,0.011479969,0.0018560827,0.0064855646,-0.0033943162,-0.0013217006,0.88916016,0.028705886,-0.06391476,0.00610581,-0.020857086,0.59255636,-0.015749274,0.1521913
-0.00041696988,-0.019200126,-0.0066696885,-8.303765e-05,0.0019997377,0.0042461855,0.025991857,-0.0059822346,-0.014885132,-0.059904333,-0.0069797314,-0.7082009,-0.008172549,-0.004267457,0.00087285537,2.333365e-06,8.425642e-05,-16.473799,-0.048896603,-0.013632796,-0.012455009,-0.023620589,0.005187268,-0.0014313536,0.006733303,0.0152957635,-0.049734313,-0.015817171,-0.0074446867,-0.0049815048,-0.011198946,0.0013980573,-0.004789395,-0.0032019576,0.022841258,-0.016490646,-0.1019922,-0.0005673829,0.16181415,-0.06874123,-0.002026152,-0.001968538,-0.033449374,0.0118239755,-0.45669207,-1.5541035,0.17381676,-0.070260905,-1.6425979,-0.05519735,0.0008043765,-0.02214268,0.0023208044,0.015995376,-4.8249407,-0.0053230245,0.011633144,0.0022902687,0.0042323438,-0.0022669907,-0.06351114,-0.0027379117,0.9246019,-0.32729948,-0.037887573,0.024539735,-0.0023150928,0.7636654,-0.011104371,0.16840556
0.001931034,-0.016460352,-0.011387091,-0.0001319599,0.016558403,-0.0017619479,-0.006151805,0.0061013782,-0.0014158612,0.015253687,-0.0045730034,-0.2774155,-0.0031218359,-0.0012340073,0.0019605265,-0.00017422732,5.8110785e-05,-17.370054,-0.11715519,-0.0017346231,-0.008350243,-0.09364366,-0.0129485205,-0.0016654046,-0.0046626544,-0.0028237763,0.024503997,-0.0042863884,0.004224106,0.0006848987,-0.0003555973,0.0019468371,-0.011912877,0.002514169,-0.013476627,-0.007857424,-0.034610666,0.0010355483,-0.079276256,-0.0034868142,-0.0037156777,-0.0042111822,0.0112212375,0.0021184837,-0.30047962,-1.2423009,-0.3022648,-0.04537714,-2.4547703,-0.054577775,-0.010653218,-0.011199335,-0.006504483,0.001902286,-5.523847,0.005076509,0.0043597827,0.018660028,0.0013788041,-0.0010872335,-0.01017997,0.0028466827,-0.8367697,-0.073051035,-0.072051615,-0.000487313,-0.03247975,-0.63939834,-0.014750232,0.07498273
-0.0011119021,0.040159658,-0.03670525,-1.0006395e-05,-0.0070468397,-0.02055905,0.0020330604,-0.007981243,0.00934412,0.10903675,-0.036203776,0.5628157,-0.16088803,-0.0013152282,0.02430075,-0.013294485,0.0059580347,-3.877601,-0.029941823,-0.02641983,-0.03301939,-0.018511463,-0.03938099,0.06298615,-0.023548273,-0.022110052,-0.0019665142,0.037894614,-0.01598434,-0.001034699,0.00042677164,0.0073508234,-0.02347789,0.027174259,0.036476754,0.05786805,0.12520769,0.12751758,0.0023082455,-0.11339495,-0.04828741,-0.020989578,0.0148872575,0.0034035037,0.95493585,20.370642,0.5142324,0.07894084,-0.8528505,-0.05904057,-0.0153605025,0.06571702,0.00291535,-0.0026066604,0.16003285,-0.007934405,0.0021627557,0.019160444,-0.08612279,-0.07956276,-0.014136768,-0.015238001,21.120773,0.8557936,-0.22892703,-0.0114955325,-0.0045478707,0.023273256,-0.00013141417,0.03926581
0.0039120563,-0.008385215,-0.011675039,-5.721791e-05,0.0065061213,-0.002902597,-0.01597917,-0.012420478,-0.0075922254,-0.0714249,-0.0052274126,-0.45818794,-0.0019094654,-0.008482801,-0.011474752,-0.00052148674,-0.00010080305,-16.98844,-0.11193412,-0.0027520633,0.010635848,-0.009119053,0.017862491,0.04631067,0.0034624122,0.0020196212,-0.03680489,-0.002966397,0.0010097232,0.00078522554,-0.009293812,-0.001045519,0.0010175672,0.0011164491,0.023409665,-0.0103776725,-0.04563924,0.022244934,-0.052832294,-0.07293403,-0.004808439,-0.0023695705,-0.011152358,0.005209082,-0.3988217,-1.3906046,0.049550384,-0.06802385,-2.4859958,-0.06338538,-0.009825858,-0.027373375,0.0014106283,-0.0005260826,-5.274056,0.003363006,0.00047748198,-0.008832931,-0.002052096,0.0012103419,-0.06110035,-0.0057558455,-0.7470565,0.0076360893,-0.043358587,-0.009407544,-0.021746393,-0.11525455,-0.0016483522,-0.025050875
-0.04554095,-0.00543078,0.010801853,-0.00031858197,-0.014518887,0.003714392,-0.011053692,-0.0030761159,-0.001864337,0.02263568,0.02779148,0.86879164,-0.08243835,-0.0018180159,-0.04791733,-0.00065545115,0.0007239836,25.13828,-0.010704005,-0.017794449,0.015035101,0.03995367,0.041479133,0.02857524,0.0027001167,-0.00086698117,0.021456484,-0.04394723,-0.030685535,-0.0019857755,-0.0069820583,-0.046878897,-0.051685367,-0.038455382,-0.02124954,0.057384465,0.028618231,-0.33365142,-0.53928435,-0.0045712776,0.016848046,0.0005152851,0.01847502,-0.013715423,1.1953977,5.5155034,-2.4172883,0.054960992,3.1236715,0.061849676,0.06974916,0.07374055,0.0001646808,0.023149308,10.713777,-0.01463869,0.0054787076,0.041947715,0.009582668,0.009229138,0.007893816,0.010371295,-0.070101745,-0.2304554,-0.21613382,0.008564056,0.014621491,-0.5121927,0.016418137,-0.10843706
0.018182121,-0.059026126,-0.01504387,-0.00031055306,-0.00924421,-0.009197331,-0.005060027,-0.008057832,0.029515084,0.032936744,-0.021145875,1.196522,-0.04924299,-0.011742186,-0.021760132,0.00058476283,-0.00202872,21.585302,-0.0067219213,-0.059808344,-0.0008943945,-0.09892946,0.016414948,0.0073948344,-0.029273955,-0.012929294,0.003122402,0.065552704,0.017103825,-0.011023272,-0.0023569604,0.008352882,-0.018795593,0.023855787,-0.0061667394,-0.027728368,0.22684066,0.069718875,-0.37118012,-0.026168428,-0.03368592,-0.0030509701,0.010060438,0.0160463,1.2843007,9.606529,-0.6044015,0.04192941,2.7766652,-0.2333955,0.02380863,0.013979123,-0.004034453,0.0010781586,7.588624,0.004977823,-0.002384682,0.015892291,0.0024822531,0.03276125,-0.01211852,0.0070203235,0.52322763,0.088382795,-0.1299752,-0.0789541,-0.059722718,0.17089204,0.009417735,0.0210051
0.19657332,0.08779741,-0.033714596,-0.0006716443,0.002475963,-0.0060519036,-0.005284101,0.0014078851,-0.10004874,0.044174213,0.017879976,-0.09340428,-0.011396919,0.0040351744,0.002969746,0.002682652,7.211573e-05,-16.305107,-0.08526685,-0.018565036,-0.006087103,-0.090209916,-0.03238948,-0.032617394,0.017543184,0.0025621084,-0.048826393,0.012069453,-0.0013074736,0.008136482,-0.0059103994,0.011219302,0.03281545,-0.040747903,-0.009815199,0.12887187,0.3819009,0.19034316,-0.35265964,0.020284342,0.01468816,0.003804061,-0.021950953,0.017649239,0.074850425,0.17955336,-1.1508152,0.072851,-2.3572965,-0.043863814,0.023123031,0.011815369,0.011021936,-0.024663147,-2.6716058,0.026057277,0.0011969237,-0.0037607802,-0.016210051,-0.0092990445,-0.05017711,-0.038258,0.017830541,-0.04574444,-0.065126196,-0.006505435,0.009727966,0.13725048,0.003980887,0.105074406
0.0065227323,-0.008875327,-0.004232042,-0.0001856969,0.0032553002,0.0008537615,-0.0047382037,0.0019071482,-0.0037881217,0.020784767,-0.004530749,-0.18698458,0.000108616725,0.0002476053,0.001540942,0.0009501481,8.822652e-05,-18.31249,-0.11104024,-0.0048121447,-0.018775206,-0.07485375,-0.016652394,0.0006684911,0.010014194,-0.00088717387,0.0030361067,0.019920781,0.00093844935,-0.002554256,-0.013255676,0.0059089963,0.007387413,-0.004041399,-0.016239032,-0.0053785695,-0.018963542,-0.0015137878,-0.085004605,0.0302648,-0.005053948,-0.0032756224,-0.010343865,0.00016118819,-0.28051203,-1.0920179,-0.5217741,-0.019553976,-2.5205412,-0.0040291995,-0.019346697,-0.056489594,-0.0018675249,-0.01266659,-7.4042773,0.004109251,-0.009802231,0.005080872,1.5127313e-05,0.016145324,-0.035009887,-0.006767044,-0.29659244,-0.035960805,-0.0919327,-0.0040321187,-0.013628089,0.109148994,0.0039130906,0.035182826
-0.00026902577,0.005164895,-0.009766644,-0.00010233327,0.004391338,-0.015194953,-0.00010649506,0.020357281,-0.008801742,-0.05932202,0.0058107777,-0.539619,-0.016868288,-0.0036833936,0.01903411,0.0013277171,5.9252852e-05,-22.396412,-0.10586632,-0.06364783,-0.022018276,-0.055157587,-0.03605008,-0.012900536,0.0034661745,-0.030319108,-0.06301056,-0.0037981686,-0.0017136749,-0.04693487,0.08088138,-0.0017480787,-0.005733691,-0.006374917,0.00042009636,-0.049215563,-0.052103944,0.0083887195,-0.076821476,-0.010748199,-0.003226809,-0.006441708,-0.013964597,0.007817873,-0.38272825,-2.0571206,0.08171817,-0.057393715,-3.2887564,-0.057941183,-0.03292252,-0.09615217,-0.010006228,-0.027039094,-19.993465,0.0060105594,-0.01925375,-0.3489498,-0.007613038,-0.011353658,-0.09474773,0.0114748,-0.7865891,-0.36994326,-0.11265437,0.048889395,-0.028089201,-0.17347747,-0.0004245462,-0.077040575
-0.022619992,-0.036997702,-0.0021555221,0.0003789477,0.0006229273,0.032665838,0.025946382,0.004920148,-0.004245002,-0.012968668,-0.012258248,0.2223553,-0.03585698,-0.0010002445,-0.019680772,0.032069128,0.003347885,20.148203,-0.1564687,-0.021401744,0.013391374,0.08128101,0.04681183,0.03640127,-0.017802691,0.0016905923,0.006008599,-0.02407532,0.0063069426,-0.017739218,0.0035819863,0.0222531,-0.0004070181,-0.022846457,0.02065549,-0.029198395,-0.03022924,-0.18470532,0.18207394,-0.40030193,-0.019487256,0.004381906,0.008614062,-0.001075094,0.16815795,3.7157984,0.6334069,-0.08277699,1.932359,-0.0798389,0.05790646,0.04219008,-0.008832823,-0.018632475,-1.2573949,0.0060085803,-0.0032466024,0.0073635764,0.0021811973,0.014319749,-0.016429275,-0.037169173,-2.9179642,-0.3773984,-0.7110573,-0.03667887,-0.014174121,-0.22111401,0.0012736769,-0.06624437
0.012026489,0.006868767,-0.010877499,-0.00011644656,-0.0011814263,0.007950913,-0.017548293,-0.0033797834,0.012665611,0.01150311,-0.009090138,0.10822855,-0.0048952717,-0.007070914,0.0017554858,-0.00012811586,-6.592405e-05,-20.679272,-0.10295006,0.00014062588,0.0068899994,-0.031427704,-0.009763061,-0.0023066516,0.027822264,-0.0009826053,-0.08237955,0.0039272658,-0.03306855,-0.006408983,0.0097551765,0.0023642278,0.0005157146,-0.0057143103,0.0030598515,0.007910183,0.016357414,-0.00803814,-0.09168432,0.029821271,0.0007134476,0.011354719,-0.010794571,0.0035667743,-0.02082406,-1.4816139,-0.66168255,0.03059247,-3.0367434,-0.001750056,-0.029137079,0.0134033095,-0.008163096,-0.0147906905,-12.352422,0.005682233,0.0095824795,0.0086949365,0.0027753855,-0.005681004,-0.044754658,-0.007230498,-0.9068348,-0.082837135,-0.07466121,-0.021589525,-0.0014048228,-0.404755,0.008276832,-0.063637756
0.0039383406,-0.01322316,-0.008261211,-1.8744835e-05,0.00012432502,0.0058957036,-0.007041202,0.0024037596,0.0019114666,-0.011946518,-0.0037004466,-0.27833563,-0.0018185797,0.01673082,0.0061903037,-0.00022492596,-0.00012446662,-18.09498,-0.10601079,0.00039520484,-0.023623914,-0.092458144,-0.012540772,0.0023945328,-0.007933801,0.0045487215,0.02113717,0.008508824,0.0076347883,0.004085938,0.0004039289,0.0065687723,-0.0029983968,-0.0029032556,0.00077347236,-0.007740818,-0.034454282,0.0123744,-0.07651145,0.0064711054,-0.003827355,-0.0024396756,0.0037001423,0.00355137,-0.2826652,-1.0765567,-0.46643767,-0.037337948,-2.5417058,-0.0069817947,-0.020006303,-0.050223198,-0.0023478419,0.0072479867,-7.278404,0.002375009,0.0014358175,0.0054017953,-0.0047777565,-0.0015763742,-0.05365353,-0.0036924353,-0.28363553,-0.022795387,-0.121386655,0.0047652456,-0.013724727,0.3430325,-0.0073737293,0.06809515
0.0024151339,-0.01908453,0.0071348287,-0.00029552,-0.0034157918,0.008179645,-0.012033669,0.0044141556,-0.0018062136,-0.014345506,-0.002840172,-0.22966251,-0.014803451,0.014247019,0.015162349,0.0024154822,0.0018812914,3.2539947,-0.032576002,0.004357322,0.073855735,0.04442893,0.013973102,-0.025460577,-0.0065567824,0.0012185464,0.03295594,-0.025941879,0.0027788342,-0.0046416377,0.0009910904,0.0035733785,-0.0012663982,0.0035585281,-0.0018276036,-0.011774739,-0.024527684,0.02659607,-0.07184784,-0.0015919206,0.00089082017,-0.0068130475,-0.00059556664,0.0061075385,-0.3123527,-1.1343863,-0.40902418,-0.040395074,1.8338553,-0.025306098,-0.011619499,0.030694662,0.008174445,0.006618686,3.5996654,0.00054033205,-0.003972049,0.025064483,0.0028290171,0.004598712,0.0056037754,0.010454411,-2.7360504,-0.2068465,-0.04131884,-0.036406126,0.014570177,-1.4181879,0.007004587,-0.43570578
0.13263251,-0.007272407,0.0026771496,-0.0008390678,0.05118798,-0.01783065,-0.01862898,0.017782379,-0.08851226,0.041386575,0.031113835,0.05197573,0.0021631669,0.005522153,0.03208647,-0.0035213847,7.30357e-06,-20.484156,-0.10268433,-0.0008005822,-0.0011573504,-0.051030364,-0.03661787,-0.013386166,0.02593387,0.08719634,-0.048213363,0.0023244254,-0.02669302,0.02984226,0.004997396,0.041219287,-0.012140027,0.035006277,0.081297755,0.13830943,0.048013654,0.18349595,-0.12775123,0.015385478,0.026926866,0.15986729,0.030453434,0.012668348,0.66556317,-0.43027732,-1.4871014,0.03830414,-2.8819454,-0.05511895,0.022651078,-0.0015231678,-0.0011110798,0.3677185,-11.428782,0.00022089867,-0.012058966,-0.022167223,-0.024759442,-0.009771681,-0.057636093,-0.03472265,-1.0992653,-0.073493764,0.009832723,0.0068902215,0.0054824413,-0.5252021,0.024948457,-0.12255591
0.004119772,-0.0028828694,-0.004590399,-0.00012871895,0.009125344,-0.006927081,-0.0063863155,0.0014422557,0.00066681096,0.026643163,-0.0028613473,0.03628052,-0.004954665,-0.0032283638,0.0017221621,2.7790482e-05,8.668574e-05,-18.876862,-0.10550427,0.0028455092,-0.00068295683,-0.020364225,0.01737111,0.002400382,0.013233702,-0.0031713324,0.003924354,0.017320164,0.008828107,-0.003065144,-0.012925684,0.0056683305,0.00463304,-0.002013732,-0.0019274796,0.005072774,-0.007119599,-0.0001689652,-0.09294987,0.029066056,-0.005447332,0.0045305677,-0.0073856195,0.0015143561,-0.25243694,-1.1720788,-0.6324634,0.010977102,-2.5224137,0.006097627,-0.01800655,-0.022860778,-0.0011745555,-0.007974435,-7.796545,0.0013280326,-0.006889748,0.0032139644,0.003734955,0.006334477,-0.05119995,-0.002101527,-0.450112,-0.054088287,-0.07890197,-0.014517229,0.0061047236,0.3465916,0.0048464728,0.15128699
-0.023182843,-0.005282128,0.0008520643,-0.00089714106,-0.00066947396,0.019642511,-0.010967585,-0.013956955,-0.009906138,-0.26278105,-0.011894626,-0.0048094285,-0.0017569903,0.004143917,-0.012592299,0.018119833,-0.0005329141,32.065834,0.053628433,-0.0004730788,0.035068277,0.09245268,0.022333484,0.030707885,-0.061292678,-0.007181032,0.024257276,0.011488637,-0.0018145181,0.012270561,0.0060499334,0.019466396,0.054008543,-0.062434338,0.043257274,0.015280434,-0.044445753,-0.15830706,0.18304878,0.02525196,-0.0098473625,-0.00057015225,0.015343071,0.046254523,-0.37975428,1.879285,0.5617635,-0.055171143,4.148028,-0.016839795,0.027298916,0.05397853,-0.0045281006,0.0018172334,5.5084944,0.015809473,0.006378891,0.023316758,0.0027091138,-0.0014296805,0.0055827433,0.068976715,-3.0684195,0.43200618,0.11134472,0.028778443,-0.041183926,-0.019152658,0.045030884,-0.035588376
-0.013007336,-0.0049105603,-0.0024138882,-0.0008700215,0.003377177,0.012811487,0.002366449,0.009627089,0.005297612,0.015957676,0.00012193598,0.03494105,-0.003222538,0.008667046,0.014210375,-0.0011460447,-0.00018216931,28.36485,0.0069732713,0.004184031,-0.009757934,-0.041699126,-0.022505816,0.0008836122,-0.0020190086,0.0016162386,0.025039501,0.012576987,-0.0023444416,0.0074058278,-0.00052297366,-0.0022836672,0.010135922,0.0015777925,0.009360989,-0.015345442,-0.008329686,-0.016960962,-0.07444948,0.005879402,-0.003089337,-0.007294618,-0.0010592402,-0.005102145,-0.16109076,-0.8958833,-0.44606066,0.019671833,3.5205147,0.06474817,0.008674362,0.018739093,0.0039787735,-0.015096906,13.658785,-0.0012248086,-0.0025784902,0.055456366,0.0051199826,0.0076820897,0.012421139,-0.0017593289,0.7424371,0.117950216,-0.070589684,0.08222572,-0.02411295,-0.8684084,-0.02043408,-0.24047996
0.21484321,-0.0008295214,-0.04777722,-0.0005852581,0.008685076,0.017880948,0.027885102,0.007969987,0.017413968,-0.009158616,-0.06745513,0.17344482,-0.021282073,-0.0137365125,-0.015114678,0.0043295324,0.0007547206,32.774445,0.0033269643,0.013440182,-0.0065948027,0.097855166,0.03190368,0.07521815,0.016067024,-0.019795608,0.017308312,0.02675851,0.028900119,0.0066710897,0.009693145,0.0024367855,6.149172e-05,-0.05499374,-0.005468654,0.0060026525,0.047624603,0.007763681,0.25099117,0.045379892,-0.007390986,0.0031611738,0.02144916,0.021815931,0.65446955,4.923549,2.1712074,-0.07946958,4.2063236,-0.07327163,0.037272457,0.04646789,0.02486312,-0.04010945,5.6621594,0.024676718,0.013049235,0.013693793,-0.0072689652,0.020175142,-0.013962756,0.01391556,1.177367,0.7113102,0.27705598,-0.003775271,-0.011002571,-0.045605246,-0.015980598,-0.056176383
0.009828513,0.048066545,0.060982324,7.3806776e-05,0.06786089,0.028757636,0.0026379135,0.04557038,0.02428822,0.13402206,-0.03836706,2.3025262,-0.055843543,0.008532242,-0.044477172,-0.0766694,0.0011677545,12.506764,-0.12119869,0.019368619,-0.0045982804,-0.019775642,0.020742474,-0.03997054,0.056702424,0.021122629,-0.02341544,0.019210625,-0.0052959537,-0.02053092,-0.04925059,-0.027930874,-0.022721117,0.022917092,-0.0036540132,0.06537457,0.20449339,-0.0042216456,0.052382424,-0.21273841,-0.07328969,0.00026660223,0.010157553,-0.06423204,3.8495789,27.23169,0.756527,0.29465982,-0.88499945,-0.10276795,-0.06388594,-0.010928534,-0.011124002,0.026480455,-5.44639,0.0031220228,-0.002632308,-0.00024404282,0.028566768,0.07164733,-0.095767595,-0.025842318,27.659813,1.8381568,1.1143467,-0.07190178,0.02387872,0.10240789,-0.033009302,0.035888128
0.118540525,0.041426335,-0.07238271,0.00040928987,0.03599796,-0.025054242,0.09683112,0.14358346,0.12817523,0.15005837,0.050438065,1.8202434,0.03846079,0.0106611755,-0.05443994,0.007130059,0.0039828815,29.868654,-0.10773317,0.0036450285,0.011408517,0.16261959,0.12185786,0.042570617,-0.038645916,-0.0041114767,0.030221708,0.0058968845,0.08850582,0.013766341,0.018886395,0.042607605,0.02658223,0.03217681,0.044831365,0.18070954,0.08553335,0.1284416,-0.072743796,0.037946045,0.084007666,0.07212399,0.06328713,0.03741122,5.8407407,29.294683,0.46538374,0.09471045,1.9895247,-0.017872237,-0.00012627756,0.0030330336,0.01494278,0.01644814,-0.8880153,0.03529992,6.383996e-05,0.044804677,-0.009441972,0.063055255,-0.12988506,0.11990961,13.172385,1.7283378,1.0954747,-0.01589294,0.022832291,0.2383378,0.043255795,0.04225689
-1.5305333e-05,0.005045449,-0.0071480284,-0.00021244075,-0.003973794,0.017000893,-0.01261218,0.0006961968,0.00949615,0.028676337,-0.0039536785,0.07150705,-0.008014397,0.01860542,0.000119035256,0.001966036,-9.16977e-05,-21.675713,-0.090941675,0.001962755,-0.025793362,-0.1096039,-0.022590239,0.005244358,0.025469203,-0.0010766612,-0.076487735,0.039923027,0.0059297523,-0.006862674,0.0029406464,0.0067623984,-0.004533145,0.0035041443,-0.004735047,0.08271998,0.12974457,-0.023964817,-0.10012916,0.038564853,0.023651058,-0.006347725,-0.0026230663,0.0077818865,0.025469296,-1.5021299,-0.810497,0.034625195,-3.0886354,0.017514199,-0.023435809,-0.06293198,-0.004035847,-0.0068668826,-13.440315,0.0043680496,-0.0068184906,-0.017257476,0.0012918002,-0.0028684668,-0.059197146,-0.014371137,-0.48563603,-0.051055923,-0.069899805,-0.020045934,0.009079858,-0.06683238,0.0017241483,-0.06421893
-0.04269976,0.022680217,0.0055643814,-0.0005728222,-0.006693796,0.017350513,0.037644546,-0.004427344,0.010769675,0.034770917,-0.009947178,0.32145745,-0.08249631,-0.0014259723,-0.002856571,0.0029464685,0.00015256376,20.354626,0.0017917948,0.03237133,-0.0077423668,-0.0151477605,0.0002291596,-0.042474687,-0.009974953,0.015749164,-0.023757735,0.026217543,-0.010920875,0.01536798,-0.008122638,0.015433456,0.09294157,-0.008527611,-0.009750044,0.112258136,0.024578264,-0.0097994115,-0.117030196,-0.08339967,-0.0061476007,-0.013985658,0.014026171,0.021307733,0.05428912,-0.9490583,-0.59147006,0.012167555,2.9736178,-0.029058626,0.0072170356,-0.056972947,0.0064698085,-0.0062159062,12.178968,0.02757109,0.0034484146,0.0153127145,-0.029258039,0.0109406905,-0.016165437,0.041535325,4.3105035,0.06525128,0.3522384,0.04618531,-0.03267473,1.359196,-0.0023491944,0.39228588
-0.0033964217,0.00934416,0.016751757,-4.739034e-05,0.0082352655,-0.0073418105,-0.014259077,0.016396392,-0.023646204,-0.083168626,-0.018406134,-0.66615874,-0.0050648334,-0.003260053,0.008796868,-0.007394495,0.00029571255,-12.658817,-0.076162204,-0.00820087,-0.018600393,-0.018682027,-0.034487937,0.016503964,-0.0074420925,-0.0059795515,0.008669708,-0.021685738,0.025588216,-0.006376605,0.0059931222,-0.011723946,-0.0010229354,0.020614503,-0.067130364,-0.021615334,-0.0611531,0.01805766,0.0718665,-0.08875694,-0.004627513,-0.009319812,0.00088680454,-0.006496076,-0.5408384,-1.7225271,0.20773254,-0.03993655,-1.4407545,-0.051313143,-0.011517531,0.0065022516,-0.005373206,-0.03299779,-8.212173,0.0006955547,-0.0030892882,0.044544235,-0.019112337,-0.008839287,-0.040452223,-0.0005115905,-4.3673368,-0.45055225,-0.020339552,-0.0002596743,0.03158618,-0.49265724,0.008296354,-0.1590073
0.0024073054,-0.009535201,-0.012460568,-0.00018949044,0.0023073673,0.00078775815,-0.009329445,0.0060249157,-0.0011819612,0.028229125,-0.004285897,-0.22240616,-0.0050469507,-0.0034445652,0.0061292783,-0.000817173,6.870628e-05,-16.51935,-0.10911241,-0.009830097,0.0051444937,-0.07558235,-0.016100451,-0.0014655235,0.00087838667,0.008369559,0.014481835,-0.016357537,0.009191143,-0.0051059593,0.0006685344,-0.0062137,0.0027346716,-0.0025719486,0.000117485135,0.009347845,-0.020135999,-0.030693777,-0.07816586,0.0044823703,-0.0033119798,0.008849484,0.0033478169,-0.0073222895,-0.31054708,-1.4330261,-0.21394819,-0.032422908,-2.2623687,-0.053256836,-0.016673714,-0.010752573,-0.0045521758,-0.02317646,-3.7397106,0.00093164464,-0.0066481843,0.013372773,-0.032087386,-0.0015123563,-0.008140734,0.009596926,-0.7837949,-0.06442704,-0.06381201,0.007005924,0.0229559,-0.64141434,0.013297899,-0.1147947
0.17610544,0.0297672,-0.017228976,-0.000740385,0.01691371,0.0012266423,0.01694141,0.09038909,0.0093886,0.05285506,-0.010885729,0.059810534,0.06806416,-0.0014973612,-0.009465603,-0.009614568,-0.000509219,-19.480087,-0.14254017,-0.020576818,-0.08149003,-0.04566226,-0.0132530695,-0.040748764,0.09236893,0.024097903,-0.06546072,0.033550423,0.0013568047,0.012680247,-0.0037804444,0.008904111,0.028371913,0.012016468,-0.0029246043,0.029020816,0.90104175,-0.0034396276,0.31263107,0.02208049,0.061834604,0.022304459,-0.0039506024,-0.0038392507,-1.1202989,-2.2980168,0.3518805,0.08098257,-2.5474315,0.02574286,-0.059683446,-0.20678611,-0.0015375603,0.36626354,-9.537021,0.03532218,0.001166255,-0.064565614,0.006820679,0.0050602043,-0.06929156,0.008187573,15.100639,1.3272679,-0.24327177,0.037957314,0.030060226,-0.31578413,0.22580895,-0.02794401
0.009411248,-0.005215768,0.014524446,-0.00089428644,0.010976552,-0.021189988,0.098412424,0.00051800144,-0.01628748,-0.032464482,-0.012032104,-0.27382532,-0.008908267,-0.0040851706,0.011118328,0.0017505846,-0.00013931695,21.98667,0.019843953,-0.00081725634,0.005436346,-0.15210032,0.0031731091,-0.0008434108,-0.008691344,0.010787188,0.016476251,-0.0047846907,-0.0028111432,0.004539878,0.00030099996,-0.007927768,-0.01231078,-0.01263363,0.0039827316,-0.014621996,-0.010042112,0.018010505,-0.049108416,-0.12992913,-0.0030422313,-0.010016065,0.015036406,0.0038621165,-0.21589912,-0.9409569,-0.08986663,-0.030960439,3.114972,0.11017237,0.0045147594,-0.014618974,0.015946181,-0.0005985084,12.244059,0.0046524117,0.0058439025,0.049331717,-0.005112703,0.0025148091,-0.015210819,0.010198107,1.7970223,-0.012893894,-0.04894243,0.08642692,-0.0037036906,1.2934273,-0.00022490634,0.5271232
-0.02046298,-0.008934307,0.024326332,-0.00015987898,0.010434462,-0.018574461,-0.0050364975,0.0040507093,0.0018098856,0.029163392,0.000756693,0.49577186,-0.007827225,0.010816133,0.015025954,0.0013451618,-2.6377253e-05,-3.6598206,-0.043693863,-0.0023774584,0.0034272582,0.05205459,0.019581873,-0.008064618,-0.01221346,-0.0029613546,0.0058241235,0.005534261,0.007857948,-0.0077506267,-0.00818952,0.0046288795,0.0042752465,-0.002787273,-0.011769964,-0.0075147944,0.0015949827,0.016869094,-0.28031293,0.037120607,-0.004264673,-0.0039892774,0.00027494182,-0.013919465,0.119804874,-1.1050063,-0.90480494,0.034126632,-0.9354524,-0.055562157,0.005635988,0.014165365,-0.007604698,-0.0019257261,3.243162,0.008154519,-0.004388308,0.01913876,0.003345748,-0.008710523,0.016395697,0.01401832,-1.3078572,-0.19744302,-0.059058983,0.011414248,0.010442134,-0.807933,0.0033233403,-0.2630053
0.0040375483,-0.015918488,-0.0023063873,-0.00019418489,-0.00912613,-0.016159175,-0.017314034,-0.0065838266,-0.009023532,-0.05175309,-0.0070708385,-0.6594548,0.0016001629,0.01814429,-0.013683278,0.0010072291,1.5672442e-05,-21.380116,-0.08592565,0.0031384623,-0.01874117,-0.041542444,-0.006004214,-0.0038267889,-0.0033293439,0.0010267831,-0.04718588,0.007896099,0.0038170023,0.00458137,-0.008113105,0.013188576,-0.0032820238,-0.0028105127,-0.0026095612,-0.014565144,-0.06929061,0.011621484,-0.065152615,0.019695979,-0.007830403,-8.457646e-05,-0.00390671,-0.0012675134,-0.38202402,-1.9035625,0.12483103,-0.04495422,-2.8258328,-0.054421913,-0.0019199514,-0.04627059,0.006118603,-0.003389358,-14.201422,0.0014228689,0.007218419,0.013096456,-0.0018915083,-0.011325204,-0.08475389,0.010808606,0.92476,-0.23038317,-0.041753538,-0.012694899,-0.027458472,0.5286409,-0.01211203,0.12549219
-0.052312367,-0.0075782873,-0.0025672186,-0.0011871591,-0.018059162,0.00895691,-0.012245876,-0.0047882353,-0.0065925997,0.028385235,-0.010185355,0.34337074,-0.019062659,-0.00020960678,0.018955158,-0.00033604167,-4.6290905e-05,10.952459,-0.009426073,-0.0018971495,0.015792044,-0.056584075,-0.019777603,0.0025350729,-0.0018272585,-0.00025583518,0.025440477,-0.007863523,-0.0026434513,0.0041972557,0.0031804836,0.0026858433,-0.0040211496,-0.012660608,-0.015226835,0.00056423515,0.0021568153,-0.032349326,-0.21618827,0.02307089,-0.00018004385,-0.008892002,0.0013179837,-0.0006499328,0.49842584,-1.0461185,-0.7470812,0.041386016,2.4510908,-0.02888283,0.003877933,0.009640904,0.0007790423,0.014133818,6.122331,0.0025098422,0.005241245,0.017516168,0.0027063244,0.0007143404,-0.0033555694,0.0020889714,-0.15286455,0.055895306,-0.053642653,-0.0074002,0.008189807,-0.16093558,0.00474442,-0.112732485
-0.04045697,-0.1778328,-0.03934006,-0.00022102639,-0.019128539,0.0056994227,0.015158847,0.0026266144,-0.0068054916,0.17369793,-0.02208249,2.1238372,0.07155633,0.0031018392,0.030074164,-0.009213618,0.001898362,-5.0080853,-0.0713468,0.006356079,0.033820227,0.08367279,0.002657818,0.05695613,-0.014074014,-0.0064615263,0.04706949,-0.008629919,-0.0038172503,-0.00011015444,-0.04225111,0.0130081475,-0.008872997,0.03994143,-0.011687906,0.033426646,0.18453294,-0.21630135,0.09606418,-0.048312895,-0.019670073,0.02067339,0.019770201,0.00420755,2.2878025,12.0772085,0.30008158,0.23124567,-0.97382975,-0.046026412,0.010791792,-0.0019566198,-0.0073322305,-0.013420983,-2.5178246,-0.0012811304,-0.013436205,0.0037918491,-0.019043172,-0.11351366,0.0022921637,0.011730934,18.830463,0.9065477,-0.29899576,-0.0051579284,-0.01279876,-0.2668792,-0.007205846,-0.02204249
0.00783092,-0.018230267,-0.005161196,7.9233025e-05,-0.00084043725,0.0013544776,-0.014116558,0.0025615564,-0.0025582518,-0.032724008,0.001134078,-0.26113743,-0.0011337374,-0.0005537319,-0.013625977,0.0004000359,7.625106e-05,-12.652016,-0.08617413,-0.003445065,0.0065278313,-0.13006435,-0.015606216,-0.010026824,-0.0035194205,0.0016028137,0.020657279,-0.004714961,0.004266086,0.00076042156,-0.0012487281,0.00407458,0.0017961549,-0.0030306424,-0.013647456,-0.004551165,-0.03247743,0.012518227,-0.07140191,-0.008033663,-0.0047062812,-0.0135797355,0.00076650106,-0.0015603174,-0.2672376,-1.1012304,-0.30877626,-0.03477929,-1.2360145,-0.049508624,0.012892675,-0.01866654,0.00030560454,0.012746335,-2.221603,0.0040145568,0.004117522,0.024730349,0.0022878228,0.0013890386,-0.0066374256,0.015480127,-0.3893822,0.009479083,-0.059219696,-0.002070819,-0.018489394,0.3094005,-0.002991847,0.15419419
-0.015699644,-0.025156146,-0.013080266,-0.0010065957,0.08215601,0.0040741414,-0.12781408,-0.024809968,-0.010662365,-0.056184903,-0.080799036,-0.46868008,-0.020041343,-0.009262219,-0.0069347867,0.00087662233,-8.075869e-05,29.026255,-0.379305,-0.025612809,0.14063337,-0.028890142,-0.016739452,0.035071634,-0.0309851,-0.06763713,0.006773538,-0.022459954,0.024415355,0.010032446,-0.0011117253,0.00034975333,-0.01353046,0.026703347,0.013374658,-0.0011249484,-0.10206554,0.008180903,0.058412928,-0.1815998,-0.007236293,0.0004111624,-0.036440104,-0.012098026,-0.55374175,0.29913634,0.69822925,-0.08233806,3.4766662,0.12834357,0.007057456,0.031701304,-0.05749675,-0.16307281,6.537315,0.014453051,-0.015344643,-0.013247349,0.0021780855,-0.0074631223,0.008538787,-0.0067495448,-12.913458,-1.6584628,0.039473012,-0.013218398,0.014581502,-0.45411757,-0.0012767914,-0.08548341
-0.043165114,-0.01424445,0.12458436,-0.00091839297,-0.019279955,0.0067533045,0.04454617,-0.010497135,0.014222887,-0.12840614,-0.012301293,-0.62421745,-0.00919426,-0.005678863,-1.61946e-05,-0.0007117307,4.8616093e-06,-16.108658,-0.12388204,-0.010946515,0.00298331,-0.0048433463,-0.011532138,0.020327078,-0.0053453567,0.027907923,-0.025503721,-0.010675006,-0.042209014,-0.012955761,0.0027878296,0.015992116,0.01644573,-0.1766559,0.068454176,0.00025763072,-0.10409375,0.13478267,0.1306816,-0.085421,-0.010506302,0.025824202,0.04202538,-0.01029675,-0.3976025,-1.4881632,0.19501589,-0.0038446828,-2.2881584,-0.040207513,-0.017773887,0.02646404,-0.00927967,-0.005031471,-3.658256,0.016069995,0.002714792,0.012717783,0.008324446,-0.030139128,-0.07984684,-0.0050667757,-0.71918947,0.033903174,2.0692452e-05,-0.034302983,-0.024484916,-0.025328273,0.019757705,0.052790314
-0.0011424795,-0.0030311244,-0.006088935,-0.00019385328,-0.0043033245,-0.003920639,-0.0067329896,0.0051501812,-0.0017048657,0.028050726,-0.00424635,-0.24817204,-0.0014559074,0.0141863525,0.0068625086,-0.00049677433,-0.00012943646,-20.843746,-0.09568353,-0.0016575045,0.0065025794,-0.030342244,-0.01241702,0.00034099212,0.006266596,-0.0029427754,-0.019577645,0.005819182,0.0019450317,-0.0044249394,-0.012033375,0.003478227,-0.0015663155,-0.005690677,0.001184042,-0.001864611,-0.008080703,0.0056256354,-0.08289365,0.025374088,0.0005278954,0.041283164,-0.014862305,0.0019738853,-0.2955704,-1.3338367,-0.52022815,-0.021777276,-2.8566496,0.017003542,-0.025144726,-0.048217557,-0.0034402916,-0.014758331,-12.524951,0.0053910394,-0.01467966,0.005513993,0.0029244418,-0.006043865,-0.052311428,-0.007845895,-0.34730566,-0.05718638,-0.074834764,-0.01754201,0.014660111,-0.093779996,-0.007662518,-0.05719956
-0.073718905,-0.1610475,-0.04241376,-0.00025769157,0.0015380625,-0.053483315,0.047217894,0.027283514,0.022125218,0.041862544,0.012401496,2.180071,-0.05484581,0.008053504,0.044304624,-0.006749326,0.0015279609,-4.8408756,-0.08127222,0.001263207,0.001706761,0.025773095,0.03319315,-0.025655998,0.029251583,-0.02591031,-0.018544255,0.013160873,-0.032337535,-0.008161582,-0.015266445,-0.010164621,-0.08487531,-0.07198187,0.040638532,0.14061378,0.17756501,-0.022625405,-0.10297849,0.04973945,-0.043557797,0.021157581,-0.019184982,-0.0001898058,3.0302982,24.699919,-0.53607893,0.06288447,-0.81842756,-0.012375656,0.008856609,0.05889036,-0.0050219474,-0.03295692,-1.2033831,0.00811295,-0.021498382,-0.03693272,0.055584684,0.028105497,-0.01436877,-0.00068275817,22.163872,0.64017564,-0.87264705,0.07294314,0.0010206618,-0.01630032,-0.00057390035,0.008182632
-0.0039940556,-0.02112767,0.023284663,-0.00024955854,0.009469652,-0.002809421,-0.007596104,-0.0012351107,-7.8688805e-05,0.018963398,-0.0078984825,0.051881216,0.0019087862,-0.00068009074,0.01870448,-0.0010268245,5.0201306e-05,7.15241,-0.053952705,-0.0019778798,0.008480506,-0.027721284,-0.019384502,-0.0045545544,-0.0039046882,-0.00057581294,0.019693162,-0.00400181,0.002788146,0.003710621,0.001771906,-0.002596452,-0.003017189,0.01043254,-0.010286306,-0.0037121526,0.0025033315,0.005435705,-0.07547149,0.046251673,-0.0055113155,-0.007919665,0.0035135604,0.0007422332,-0.07082367,-1.1092408,-0.46535134,0.022711845,1.9924675,-0.031626165,-0.004844489,0.019390393,0.0019097708,0.008727974,2.626007,0.007442848,0.0033935755,0.032162525,0.0051586386,-0.0061847535,-0.006833548,0.006464214,-0.66884685,-0.015196394,-0.048008557,0.01171775,0.0006471052,-0.30694687,-0.002358368,0.047717962
-0.0030556347,-0.02270853,0.006721189,-0.00039551614,0.002599406,0.0026384627,0.005742693,-0.0017999046,-0.011926618,0.008513125,-0.011219427,-0.16398072,-0.0071381642,-0.0015013581,-0.016046885,0.0015478792,8.112799e-05,22.215046,0.008443781,-0.0012044046,0.0056462404,0.011908354,-0.014932561,-0.0087720305,-0.0011798735,0.004370084,0.021606378,-0.014742215,-0.0026458902,0.0024297624,-0.0005940238,0.0022033239,-0.036275137,-0.010431437,-0.0027347389,0.005041868,-0.024896083,0.017608913,-0.057301052,-0.02583421,-0.002267785,-0.007148651,0.0035671615,-0.0010597362,-0.21555066,-0.90758395,-0.2250294,-0.028525412,3.0573967,-0.059876826,0.013979746,0.012983837,0.0026560163,0.008075175,11.043604,-0.004546076,0.0036374687,0.022239897,-0.0023042276,-0.0008925923,-0.014956929,0.00787578,0.59791857,0.067935,-0.05310647,-0.0029700778,-0.024339342,-0.38282317,0.011227276,-0.12419997
-0.008497053,-0.00592696,0.0013717886,-0.00023709061,0.001852343,-0.028247628,-0.006085859,0.008416356,-0.0060491757,0.015427287,-0.00128889,-0.316286,-0.0032148059,-0.002085439,0.020165136,0.00028264764,8.1319005e-05,-22.81783,-0.10879738,-0.0058036987,0.018338969,-0.09811201,-0.027103394,-0.011461912,-0.02304494,0.018657425,-0.032516006,0.017190263,-0.021926932,-0.012086973,-0.008768789,0.010887964,-0.005105159,-0.0076001417,-0.01947834,-0.015031376,-0.009244142,-0.0011336503,-0.09525461,0.02497143,-0.0065457234,0.048799295,-0.0016733888,0.0007745112,-0.3368179,-1.5650573,-0.518393,-0.018164277,-3.3830593,-0.02073451,-0.024083756,-0.05552274,-0.0008693361,0.043423634,-18.634495,-0.028627014,0.028722499,-0.25532913,-0.0012447742,-0.0026328925,-0.07333511,-0.0060248096,-0.48441324,-0.07280344,-0.07408934,-0.010917114,0.011005217,-0.13210943,0.003494577,-0.03245686
-0.081505746,-0.008623635,-0.004184468,-0.00043947878,0.006985485,-0.031002717,0.016233634,-0.0032030395,-0.0022345325,0.020105826,0.0046014506,0.37152007,-0.017310731,-0.0022547792,-0.02739898,-0.002164366,-3.165395e-05,20.580025,0.010076371,0.0015255729,0.0061249416,0.055749163,0.022721406,0.02067991,0.0018325523,0.0011606804,0.013239325,-0.020018725,-0.01982515,0.0067376625,0.0035508452,0.00046880485,0.0023145406,-0.0071207853,-0.019019535,-0.004957732,-0.015246063,0.028533885,-0.1732356,0.02587278,0.0019525371,-0.0075232293,-0.0034219595,-0.013947049,0.16378267,-0.9373981,-0.67265487,0.031583674,2.8329036,-0.08933495,0.01959623,0.059945423,0.00036908296,0.0064492123,10.995668,-0.00027134962,0.0070103146,0.00010537068,-0.008600832,0.0013653135,0.0046124323,-0.019661346,-0.15685323,-0.029127546,-0.025467161,0.008436795,0.017108608,-0.21492957,0.0012555912,0.08611228
0.025193682,0.0018156007,0.013871254,-0.0002664723,-0.0113145225,0.0019344918,-0.018772824,0.0051747607,-0.0060667624,0.059439264,-0.051166207,0.5215134,-0.018117314,-0.00914598,-0.016127748,-0.0018240762,-0.00014015968,8.395637,-0.038778618,-0.005205338,0.03643503,0.050961193,0.027515661,-0.012771557,0.03063587,-0.008780014,0.00012541423,-0.027340587,0.008650248,-0.013639215,-0.018841675,0.0005972742,-0.0060088746,0.0014972645,-0.018046934,-0.00011089799,0.037818003,-0.0007990445,-0.30862477,-0.0062797293,-0.005519114,-0.011297387,-0.007655856,0.005378193,0.9325957,-1.2303159,-0.8114321,0.02435749,2.0696938,-0.04717018,-0.013583663,0.026179036,-0.006976994,-0.013824998,3.177139,-0.0029059795,-0.0091074295,0.03065256,0.0063268156,0.006100319,0.0048815664,0.0090463925,-2.3328912,-0.17860669,-0.011594312,-0.053328004,-0.033161227,-1.4416691,0.0021445705,-0.25111774
-0.008967655,0.002989829,0.051503778,0.0020312911,0.10360124,0.001567915,0.01731512,-0.019635163,0.028361458,0.10856424,-0.075849675,-0.12099206,0.0025538555,-0.017911753,-0.028077325,0.013319286,0.00080545084,33.679142,0.051864438,0.007126751,-0.022146117,0.13355643,0.041055027,0.0127966385,0.08229883,-0.022571007,0.014215701,0.032625135,0.009709912,0.013585592,-0.0027924823,0.038649946,0.06805431,0.039948035,0.016013177,0.100232884,0.055921637,-0.07882713,0.23984358,0.024103254,-0.017953236,-0.034836616,-0.0034411373,0.033447474,0.07036545,6.5116553,1.9882065,-0.026708957,4.794241,0.15947494,0.05229007,0.09100757,-0.0015087499,-0.027934464,7.03069,0.011023757,-0.0016898959,-0.002119428,0.0028520208,0.014699838,-0.017225837,0.0062226146,0.0024092463,0.37023476,0.25022423,0.030316096,0.03565836,-0.34906778,0.012120043,-0.04806183
-0.00045834034,0.004440013,-0.017152142,-0.0001113926,-0.015695216,-0.035254452,-0.027467076,0.0021841465,-0.003035462,-0.06714002,-0.012785254,-0.49897197,-0.0005675083,-0.0014518155,0.004147648,-0.0019548223,4.694525e-05,-12.236494,-0.016976392,0.005397303,0.007331567,-0.06441115,-0.013081914,-0.001430089,-0.012444728,-0.008955294,-0.0498317,-0.010212216,0.026732644,-0.003032309,-0.014115344,-0.0037829103,-0.0031696276,0.0045550545,0.020251298,-0.016758518,-0.0476233,0.00036407623,0.07160972,-0.04537395,-0.004045045,-0.0058121276,-0.0034038064,-0.0067164907,-0.39475563,-1.4782078,0.22511272,-0.04611933,-0.96784604,-0.025566228,0.008683965,-0.012918442,-0.005418934,-0.021818377,-2.6238985,0.005763487,-0.008674013,0.008497838,-0.021074153,0.0011553552,-0.013203161,0.0038089927,-0.8532919,-0.56588113,-0.02240362,0.009149634,0.029399218,0.009542099,0.008808003,-0.089128934
0.00095459743,-0.0043835724,-0.00017884915,-0.00012526926,-0.003966057,0.0015582851,-0.003991382,0.00082900637,-0.0014171433,0.0048581655,-0.004252542,-0.2876225,-0.0010965869,-0.001631129,-0.011213687,0.0010243526,8.058509e-05,-19.200829,-0.10698802,0.0016343774,0.009875954,-0.040424958,-0.009321701,0.0010313736,-0.0013293483,0.0013195903,0.018539712,0.00567367,0.005516321,-0.008141309,-0.0018974994,0.0050019915,0.0029819,0.004081136,0.00047440175,-0.005391825,-0.03612966,0.014503802,-0.08826721,0.0058447197,0.013079517,0.004994096,0.0037358962,-8.887969e-05,-0.30473542,-1.2046579,-0.47811332,-0.03598281,-2.6494386,-0.007846974,-0.0056091887,0.021253651,-0.002596664,0.0049779536,-8.939237,0.00045932893,-0.0011308433,0.006619535,-0.0044089067,0.0007931587,-0.046806708,0.0060069393,-0.3935881,-0.05339209,-0.0802867,-0.011118337,-0.01775445,-0.35030392,-0.003343569,-0.08778565
0.0022348291,-0.016594756,-0.0076613147,-0.00011210168,0.010004412,-0.00087336014,-0.00784344,-0.0037993116,-0.009706601,-0.075514354,-0.0055242684,-0.46393943,-0.002241733,-0.0024780533,0.001963938,0.0018787247,7.303544e-05,-19.378029,-0.10222795,-0.01573744,-0.011013679,-0.027280327,-0.015725981,-0.003692761,0.0030405123,0.008500543,-0.051452838,-0.00432188,-0.008802613,-0.0019356174,-0.009789776,-0.00046464519,0.009328743,0.006224305,0.010430496,-0.011459416,-0.07440675,0.028642844,-0.056849785,-0.06280286,0.0016239575,-0.017497534,-0.017116133,0.0036498327,-0.35970724,-1.5856072,0.054307565,-0.05374247,-2.7350955,-0.040622845,-0.026517583,-0.07842525,0.0032159581,0.022022322,-10.506964,-0.012275759,0.00097644184,0.004715803,0.001243354,0.001797125,-0.038933244,-0.0067289714,0.011343875,-0.033482768,-0.03999283,-0.0062872567,-0.019060334,0.09078078,-0.009028969,0.044918012
-0.052407537,0.023237271,0.015896915,0.00015661746,-0.0015049033,0.067910425,0.020919014,0.0031340744,-0.014362294,-0.27442503,-0.020523742,-0.9565602,-0.01403253,-0.0043964507,-0.038791962,-0.0032172555,0.0031688255,30.74029,0.056185942,-0.037004136,0.030845538,0.08215119,0.14103876,0.037888512,0.015639795,0.0058913506,0.028512971,0.025470173,-0.0048017716,-0.013023365,-0.024798242,0.0068971277,-0.0011254925,-0.015082581,0.019973975,-0.0033503505,-0.054908894,-0.02256639,0.2033041,-0.009228156,-0.002580298,0.0060593137,-0.04415108,0.028946482,-0.29491034,3.124107,0.89152604,0.023781197,2.7882144,-0.101019815,0.086981356,0.01370341,-0.019074721,0.04480655,-2.7659009,-0.0008034408,-0.00043900823,-0.01193296,-0.0028048072,-0.018631011,-0.008340279,-0.033515,-4.2214746,0.06439671,1.04039,0.06566958,-0.06450974,-0.06324509,0.034281038,-0.084556445
-0.05188466,-0.012552582,-0.0010041896,-0.00041430816,-0.014168635,0.00092575373,0.022995984,0.0025794816,-0.0025896232,-0.033525668,-0.005431325,-0.22048517,-0.007790415,-0.0012221553,0.0044938903,-0.00019748123,5.2304888e-05,14.208035,0.0013940291,0.0036864253,0.009244258,0.031284526,0.010429627,-0.00066577137,0.0049196607,0.0012264113,0.02177105,-0.0037592005,-0.009645993,0.0045514847,-0.00067373185,0.00078833586,-0.00364056,-0.00025694794,-0.0025624747,-0.010943017,-0.0334839,0.048768234,-0.057234462,-0.001770954,-0.00444746,-0.0039029561,0.0018212391,0.0073945266,-0.22055615,-0.7927343,-0.3437885,-0.03207708,2.5765698,-0.014282322,0.0058154054,0.019551355,0.0017667332,0.009243325,9.448496,-0.0024131928,0.0055435575,0.030108694,-0.0008960571,-0.012230435,-0.0022887916,0.0046588816,0.7203089,0.08021206,-0.04204605,-0.019636309,-0.00056658447,0.4279288,0.0014734856,0.19755241
-0.15736443,0.0076286276,0.0053108134,-0.000119772376,-0.01077662,0.0037912289,-0.006367738,0.0076748696,0.0013719319,0.023159647,-0.0039401078,-0.19568603,0.009115782,-0.0025234437,0.0010879856,-0.0005109438,6.230774e-05,-16.660557,-0.103200644,-0.005837441,0.0086963335,-0.08086288,-0.007505494,-0.0061713024,0.0025069395,-0.006729407,0.010712158,0.0054759034,0.008001893,-0.0039133015,-0.033148486,0.0011410408,-0.002088458,0.009120359,-0.0023620992,-0.007153389,-0.016345346,-0.016247123,-0.08070734,0.012340172,-0.007526412,0.011673417,-0.005286814,-0.000495765,-0.27873704,-1.0206809,-0.4957236,-0.022083195,-2.268554,-0.044572473,-0.010420923,-0.0082984865,0.00022571346,-0.0028513987,-3.6850884,-0.0022306035,-0.0089146765,-0.009543514,0.0057349293,-0.0073420177,-0.04364485,-0.002939025,-0.28021055,-0.02659614,-0.072736114,0.01915891,0.008201391,0.14301161,0.040641252,0.17545632
-0.012638206,0.028806932,0.026990302,-0.00015681282,-0.019647289,-0.0074779885,-0.0024045398,-2.9396497e-05,0.028605176,-0.058431644,-0.034485918,-0.6701798,-0.014331965,-0.0063437023,0.026332421,-0.015532442,0.00025637203,-16.525932,-0.06710006,-0.085744195,-0.07873945,-0.039805,-0.048318848,-0.037664726,0.0046604443,0.021362687,-0.09057882,-0.025186123,-0.005205037,-0.0010257675,0.040575475,0.010198797,-0.002156757,0.0099673895,0.014111976,-0.06537856,-0.055594757,0.01392761,0.13939013,-0.12813732,0.003338237,-0.02055274,-0.057115253,-0.08412754,-0.52330106,-2.1494405,0.18981718,-0.07675416,-1.2732702,-0.07931172,-0.04705705,-0.05657834,0.01707172,-0.084706396,-21.025845,-0.0055670994,0.13315399,-0.3461276,-0.03015269,-0.019137686,-0.11082422,-0.043377798,-6.0591607,-1.0189592,-0.005300071,0.058992945,0.024219066,-0.37364435,0.0002843496,-0.12338602
-0.048313387,-0.013848196,0.0045446474,-0.0018511041,0.076463714,-0.006205846,-0.005558799,-0.0012605418,-0.02067238,-0.041997544,-0.014925064,-0.24789281,-0.032862306,-0.0018286131,-0.01206148,0.0019343777,-0.00023957276,26.400082,0.020236135,0.0056023165,0.048368458,0.06913308,0.02315659,-0.02776536,-0.0031776424,0.004924635,0.02765865,-0.042260773,0.016691888,0.007522986,0.0035899153,-0.012354499,0.010773772,0.0042586867,-0.010119524,0.041565098,-0.034031555,-0.003586699,-0.08465823,-0.0150322,0.0004175729,-0.0055238823,0.021280514,0.052783933,-0.27968735,-0.88542193,-0.36634126,-0.03488415,3.3062382,0.057962712,0.07732465,0.07241704,0.0018336374,0.0028673077,12.215151,-0.0002266985,0.0071851383,0.040959258,0.00032945006,0.003651916,-0.006159399,-0.009779658,0.3155571,-0.020318763,-0.081848554,-0.008446478,-0.024461795,-1.8818238,-0.015281575,-0.19317852
0.0069723674,-0.011972065,-0.010261988,-0.00014278115,0.0027933556,0.0031081662,-0.015160997,0.0020364362,0.0020328593,-0.012298712,-0.0020801367,-0.23667233,-0.0014683384,-0.001619903,0.018764395,0.00021951785,9.386285e-05,-15.533144,-0.092061184,-0.010764577,0.025820995,-0.02460633,-0.0122389505,-0.0035085725,-0.0036999285,0.0006441093,0.012129382,0.0025979944,0.007928346,0.0026677286,0.00076268916,-0.0012353851,-0.00029742633,-0.006804434,-0.0043725087,-0.008022712,-0.031876493,0.003256608,-0.075273484,0.0055103805,-0.0035467173,0.0005600641,0.004719415,0.00053022295,-0.26195887,-1.019448,-0.43197143,-0.021309264,-2.3130667,-0.051567618,0.011175151,-0.0051533044,0.00425899,0.010212369,-0.9713691,0.0032494245,0.0019143866,0.009214176,-0.0022052357,-0.0020134363,-0.0027138474,0.014497494,-0.29161605,0.0010967478,-0.08270502,0.009184723,-0.007187945,0.45029286,0.008006215,0.16914596
0.034130048,0.066621885,-0.06587469,-0.0008212991,-0.037534464,0.01936125,0.06023668,-0.0021399206,0.02219532,0.25514886,0.0036135486,0.5050677,0.084771045,0.019905517,0.020670868,-0.005719147,-4.750346e-05,6.9331236,-0.09123674,-0.020389136,-0.013412903,0.114045665,0.025580324,0.042128425,-0.0055054096,0.0008310674,0.058591712,0.03500419,0.013579805,-0.009002579,0.014266876,-0.0019864212,0.11741702,0.055334646,0.0543277,0.07780896,0.6989933,0.11133461,0.29688612,0.03598799,-0.008360786,0.0059554866,0.02991227,-0.010640793,0.5991906,7.446437,1.4903021,0.09607945,-0.7368612,0.028386064,-0.019147266,-0.021705864,-0.00061811943,-0.008066029,-2.6655207,-0.0012463471,-0.017008312,-0.010049087,-0.08712169,0.014848359,-0.029346995,0.028964322,19.459642,1.4199696,0.6048068,0.02630449,-0.021957802,0.038470972,0.029901972,-0.062408123
-0.031064756,-0.007883086,-0.0062534763,-0.00033212607,0.010715282,-0.00040322094,0.0024216191,0.001276987,-0.0012984269,0.024761988,-0.014315194,0.39916214,-0.017962892,0.005008666,0.006087802,-0.0046256,-2.8151757e-05,17.021439,0.014707257,0.0002751982,0.009795695,0.0568882,-0.021908116,-0.012230974,0.0004154416,-0.001655876,0.011725244,-0.028639184,-0.013695701,0.009610634,0.0033433675,-0.020255337,0.004363422,-0.0105841225,-0.024427408,-0.0116657475,-0.0039112475,-0.039486103,-0.25256628,0.0117347175,-0.0023643423,-0.012143986,-0.0015504608,-4.2298516e-06,0.68146145,-0.9751751,-0.91501784,0.025792519,2.7240968,-0.13509312,-0.0036309725,0.028567683,0.0022232577,0.0155400885,10.971635,-0.00025355205,0.0069126417,0.02545445,0.0024578886,-0.0008255876,0.006218659,0.0057045086,-0.5428628,0.071749315,-0.019768663,-0.01971807,-0.044570405,-0.90165544,0.0019467635,-0.13180864
-0.024154834,-0.01056486,-0.0037794332,-0.00024810326,-0.0023084965,0.0020106202,0.0034248056,-0.0024243551,-0.0045415754,-0.025509967,-0.0071654795,-0.2321638,-0.009396314,-0.0006398615,0.0030766483,0.0024865402,7.062022e-05,22.954367,0.043212768,-0.00061367126,0.014518476,0.061876517,-0.02189058,-0.010734133,-0.0014273358,0.00053834275,0.020745154,-0.017829042,-0.0065396694,0.0026281162,0.0042695613,0.0015198622,-0.0018402465,-0.016567435,0.0014091767,-0.009527749,-0.027542109,0.02066747,-0.0576104,-0.023622364,-0.0024423264,-0.0048558977,0.0013902645,0.015817521,-0.24149844,-0.9423069,-0.3188591,-0.02813421,3.1106498,-0.041253168,0.05526972,0.0957153,0.008380792,0.012579351,10.893209,0.0008784927,0.010620314,0.044629008,0.0020385303,0.0016300771,-0.014152231,0.0060462486,-0.90776736,-0.008287583,-0.056713298,0.005118129,-0.0011984728,-0.42111406,-0.00046052464,-0.24007517
-0.024122115,-0.0031019445,-0.01668531,7.8473386e-05,-0.019090926,0.002929181,-0.001522861,0.028706996,0.02007432,0.09614014,-0.015668524,0.4495139,-0.11251672,-0.009123893,0.0018082004,-0.003589486,0.00491228,13.617425,0.004568094,-0.008484449,0.016917314,0.092849165,0.0031411203,0.008111836,0.004906462,-0.00042179626,-0.013055315,-0.054880384,-0.030502643,0.001178059,0.0023054217,-0.007176471,-0.050399102,-0.038569715,-0.027086983,0.15891536,0.15967645,-0.034129877,-0.18406309,-0.006579274,-0.027474076,-0.000289932,0.030210435,0.019048259,0.8069875,3.942832,-0.70297414,-0.0008348946,2.3052266,-0.15343519,0.07228677,0.03494357,0.004172954,-0.003931656,8.225484,-0.010683612,-0.0047349753,0.061861176,-0.013855777,-0.015441667,0.004695116,0.021299165,-1.243741,-0.05727155,-0.031809263,-0.002005015,-0.04102689,-1.0821321,0.016903084,-0.27462777
0.00040035645,-0.013932294,0.0026169058,-0.00022188613,0.0065050176,-0.005723539,-0.006855216,-1.1608345e-05,0.002939563,0.008099895,-0.009644421,-0.19902396,-0.0025649613,-0.0020784028,0.01567385,0.00057282794,8.668574e-05,-19.962345,-0.095482625,-0.0042974,0.008557724,-0.08231619,-0.012475351,0.004318208,-0.0063644913,-0.0013374094,0.021809686,0.006291491,0.0074829,-0.005953821,-0.0026671,0.0072469898,-0.0036055616,-0.011473698,-0.004652249,-0.0008709897,-0.0451829,0.009473347,-0.08646424,0.01972383,-0.007744024,-0.0017413811,0.0015496556,0.0005875453,-0.28469554,-1.2154294,-0.49330297,-0.02864952,-2.8832934,0.0014912284,-0.023466153,-0.040512484,-0.0033088403,0.003942339,-11.428553,-0.0015804555,-0.0018017966,0.009597104,-0.0035283875,0.0045546377,-0.04370126,-0.004622163,-0.079314336,-0.03275425,-0.076744676,-0.008542776,-0.0006136972,0.43728745,0.005788714,0.07125978
0.0058803842,0.0026381738,0.044907223,0.00032313433,-0.017044902,0.03268745,0.019164713,0.0109417,0.0031602564,0.02643393,0.0043529705,1.2096577,-0.07944908,-0.018628139,0.0039788545,-0.020298505,-0.0045266496,-1.9622426,0.004954983,0.070246994,0.01623391,0.1476766,0.02056697,0.04011634,-0.045627147,-0.015409604,0.049469396,0.014200635,0.0150523735,0.018980775,-0.024877623,0.0406452,0.0025294046,-0.024211904,0.18593968,0.061390884,0.45244268,-0.0809661,0.22121744,0.14470978,-0.044493023,-0.008062413,-0.012117475,0.01756313,1.5396552,11.068756,1.322981,0.2222265,-0.5145965,-0.010509347,0.10016798,0.06470727,-0.032681223,-0.018909603,2.32275,0.006419763,-0.0049007116,0.00024757234,0.0013993656,-0.09547735,-0.012910777,0.019818665,15.12132,-0.41807795,-0.7895396,0.031159401,-0.006109784,-0.36223277,0.009622359,-0.007134513
-0.016425265,-0.022782525,-0.019358704,-0.00019266544,0.00011394295,-0.009005393,-0.06341085,0.0106478045,1.1854881e-05,-0.058293257,-0.003261844,-0.5160275,0.0064837136,0.0012410312,-0.004576028,6.70622e-05,-0.0006350422,-5.7163177,-0.048505936,-0.019499604,0.048098605,0.006408875,0.00038059213,0.051948898,-0.01913748,0.009017931,-0.124998994,-0.018873306,0.0019579157,-0.014050024,-0.0072916145,0.0045826826,0.008894502,0.023499668,-0.0029560365,-0.016041858,-0.049497668,0.021880165,0.10273814,-0.10111268,0.00738269,-0.024565144,-0.00760808,-0.0031974355,-0.47018975,-1.5515879,0.19579348,-0.04145478,-1.0875002,-0.0747385,0.009093657,-0.03744704,-0.005282558,-0.029996963,-5.346972,-0.0037085204,-0.013013515,0.0231278,0.0054438766,-0.009930652,-0.12063967,-0.0019212081,-5.7379794,-0.43625447,-0.018747011,-0.026716363,0.018607922,-1.1256269,0.0038314157,-0.23824826
-0.008813737,-0.004142868,-0.0103226295,-0.00011575865,0.010505244,-0.0026616496,-0.008501466,-0.0021597429,-0.008671823,-0.048302643,-0.0013181021,-0.45338836,-0.0026008978,0.023803942,0.015441669,0.0010777934,-0.00013626211,-21.890545,-0.10262197,5.880153e-05,-0.0053412523,-0.04653448,-0.009072175,-0.009184437,-0.007913822,0.00036041287,-0.08228886,-0.014152781,0.0027990155,-0.0018850318,0.008417512,-0.0027481345,0.007867971,0.0007185135,-0.007163645,-0.018855393,-0.04090231,0.03816858,-0.07421544,-0.0750919,-0.008366638,0.0108632855,-0.006952141,-0.013969322,-0.34485233,-1.8699499,0.02767127,-0.06555686,-3.0349576,-0.04224878,-0.01931587,-0.10650528,-0.008179613,0.008146041,-16.27174,0.0010976362,-0.0046823337,-0.19121306,0.0019270586,-0.0037058403,-0.0678862,-0.006878371,-0.37261125,-0.03483511,-0.05450616,-0.0051686233,-0.011358792,-0.36132112,-0.0016357161,-0.07785136
0.15700631,0.033443943,0.020412596,0.00010653152,0.007146794,-0.0118136555,0.075966954,0.041407444,0.029636683,0.1311497,-0.110153385,1.5101708,0.0027959268,-0.0010535828,-0.025536777,0.009554043,-0.009023847,24.316921,-0.11407927,0.01461361,0.010500207,0.016496092,0.023408135,0.044903897,-0.007844539,0.0002764962,0.0069317827,-0.017273623,0.07333462,-0.004998807,-0.013108086,-0.009564292,-0.0091480035,0.015286798,0.028585391,0.21352941,0.31389415,0.22582932,-0.02621229,-0.13922055,-0.05570456,0.02562742,0.017378945,0.031132044,3.6667604,28.229141,0.7385494,0.047645688,2.2741048,-0.021155056,0.041862417,0.013948313,0.009416114,-0.026232682,-1.5581596,0.0019858272,-0.0029413376,-0.014600998,-0.013162967,0.067378744,-0.1452604,-0.062928475,17.191397,1.6887051,0.7511491,-0.020665057,0.037341975,-0.25707722,0.024571856,-0.031570554
-0.00452414,0.0026026624,-0.011742643,-0.0002466003,-0.0011319838,0.00788479,-0.0075125815,0.0045294887,-0.0046332125,0.028869519,-0.0021643604,-0.28952256,-0.0015100263,0.00063884404,0.0062861443,0.0016037327,8.485885e-05,-21.109955,-0.0949926,0.0004761441,-0.01674331,-0.08795517,-0.013690546,-0.00022573321,0.006672342,-0.006552638,-0.03909538,0.006304081,0.0053960728,-0.009942842,-0.016635604,-0.006218866,-0.0015065208,0.0018866835,0.030840421,-0.017655939,-0.020120436,0.00063850405,-0.057340514,0.038941335,-0.0008164649,0.042913925,-0.01047901,0.0044016684,-0.30545515,-1.3596188,-0.5391502,-0.020122781,-2.8222706,0.007813718,-0.020383038,-0.053853713,-0.001601827,-0.019821635,-13.141642,0.0009034307,-0.008214021,0.021537889,-0.022760108,-0.0056093433,-0.04827521,-0.004402678,-0.34969416,-0.05989235,-0.073344834,-0.009394774,0.0064331586,-0.1528095,0.019974252,-0.06351088
0.056269318,-0.52876115,0.0009877104,0.00055140693,-0.0046579707,-0.012133841,-0.12568536,-0.021820685,0.029109808,0.13021408,0.123471096,0.82262075,0.101437695,0.016790714,0.054052345,0.011132847,-6.3352956e-05,32.7676,0.0013860406,0.0034538677,0.009027662,0.31178832,-0.026919978,-0.40736476,0.016525587,-0.00649101,0.008746267,0.04532843,-0.088165715,-0.00913824,0.0370339,0.06310163,-0.09953969,-0.0080275405,-0.011216533,0.18478456,-0.006263159,0.007860835,0.17666082,0.08461711,0.06744013,-0.018133568,0.03129929,0.024791276,3.3148303,17.099508,4.909128,0.1083705,3.1278672,-0.02198309,0.025971914,0.028723488,-0.013438969,0.009357061,2.8328345,-0.023223959,0.0006150387,0.03046961,-0.0035866029,-0.005523825,0.03997293,0.021956675,6.9971194,1.1315674,0.49609756,-0.14762206,-0.009383856,0.25317514,0.025264518,-0.012234015
-0.0019790602,-0.01807147,-0.002321906,-0.00021055361,0.0010659316,0.0008260319,-0.007006137,0.0054827104,-0.00408557,-0.0155507885,-0.0068821535,-0.26954105,-0.0042619435,-0.0023875744,0.01750104,0.0003571893,8.668574e-05,-19.837332,-0.09714107,-0.0076602385,0.010053588,-0.083320566,-0.017231373,0.0036554858,-0.007021889,0.0045199147,0.018486174,0.008603003,0.011121536,-0.005115603,-0.0018039665,0.008260239,-0.0023873434,-0.012009161,-0.0047677406,-0.0032267137,-0.037248317,0.022046274,-0.087645456,0.012838576,-0.0033391188,0.0105366325,0.0025769314,-5.357435e-05,-0.28787237,-1.2181115,-0.48158616,-0.03168165,-2.8750186,-0.006768547,-0.02193479,-0.04795133,-0.0029655455,0.001958633,-11.84073,0.0010960314,-0.0015211069,0.0104415985,-0.002274029,0.0031516755,-0.04796858,-0.0053312425,-0.32593977,-0.037470683,-0.07577367,-0.008207926,0.009527133,0.49509585,0.010428097,0.08528405
-0.00060374726,0.0041374816,-0.012465489,-0.0006142955,-0.01702021,-0.012398011,9.2852715e-06,-0.038010642,0.01735862,0.014333326,0.011942706,-0.07168295,-0.022026194,0.005602943,0.00058694487,0.002461595,-0.00020613376,-18.108395,-0.101788655,-0.008896944,0.01686591,-0.04827571,-0.036649395,-0.009043883,0.009055596,0.01116957,-0.035529554,-0.0025462736,-0.015272253,-0.004118215,-0.0035102237,-0.024973098,-0.020768818,-0.07518449,-0.010217937,0.01882141,0.14266245,0.12605949,-0.13545075,0.030396478,0.018054832,0.028581813,-0.0130551085,-0.0021948775,0.011710147,-1.2610941,-0.8180278,0.0324678,-2.6906004,-0.04559038,-0.017318657,0.01220975,0.00067041744,-0.019954994,-6.309308,-0.011204345,-0.0042407885,0.019620428,-0.00512911,-0.010399874,-0.036431085,-0.008764923,-0.99685216,-0.04811297,-0.068970315,-0.025107235,0.024720918,-0.30028802,0.021670496,-0.07785789
-0.046722986,-0.0066570845,0.0056408453,-0.00072098133,-0.020526875,-0.0008546142,0.031023894,-0.025443254,-0.04126533,0.043124516,-0.010545979,-0.0055481237,0.002532595,-0.0038225902,0.008558356,-0.004721965,0.00017734381,14.513587,0.033364408,0.019952798,0.00433108,-0.016242618,0.020797227,-0.058241438,-0.0037861217,0.018845372,-0.051719263,0.011975955,-0.014402006,0.02157939,-0.026979767,0.009918593,-0.06845206,-0.004312704,-0.0039723767,0.10692943,-0.012136085,-0.019541802,-0.05518815,-0.008559724,0.0007129754,0.008489717,0.005826315,0.004109848,-0.30678728,-0.8465646,-0.46394607,-0.029781083,2.6745808,-0.136687,0.00020873916,-0.053714782,0.008461173,0.015872994,10.853649,0.028665861,0.0030955211,-0.03197264,-0.04387764,0.0031387506,-0.048363123,-0.014142579,5.4819393,0.46081075,0.4481381,0.026177343,-0.042470973,1.9507953,-0.015437925,0.4008851
0.07554183,0.018008748,0.08070697,-0.00065680133,0.039754402,0.01924423,-0.012301303,0.018995626,-0.02676996,-0.37351334,-0.021104144,0.4745886,-0.016715365,0.034854513,-0.025884856,-0.013484076,0.00037969905,12.212085,-0.09425294,0.007062575,-0.08714944,0.04716949,-0.026212594,-0.035032947,0.023453735,0.026785376,-0.05105965,0.025027875,-0.03559635,-0.00016068529,-0.06521435,0.058577046,0.020086823,-0.20496938,-0.05772794,-0.042154755,-0.071964696,-0.39033258,0.32577723,-0.24090055,-0.016782897,0.011408234,0.021291204,0.011289002,0.59387773,3.334632,0.64846563,0.02044981,2.2482285,-0.18744016,-0.033886038,-0.05510757,0.02471328,0.1567506,-9.066846,-0.04748788,0.03709527,0.013172709,-0.0060781864,-0.023063837,-0.06420966,0.034741748,-2.6212206,-0.027496278,0.5678225,-0.036260303,-0.12410595,0.064353436,0.0042955847,-0.004814035
-0.03767965,-0.0013602326,-0.0077019897,-0.00091772876,-0.018935496,-0.007985913,-0.0018880178,0.0011063231,0.002342021,0.0030403174,0.0018865871,-0.058145,0.0006261914,-0.00034341062,0.0037273953,0.00091779476,6.3880034e-05,22.257914,0.015256563,-0.0023376378,-0.0016307505,-0.027664643,0.016284566,-0.001152904,0.005542732,0.0051415516,0.024706759,-0.0076307086,-0.00772624,0.0024790154,-0.005478965,-0.0038071387,0.00093986356,-0.010142744,-0.00034105312,-0.012740612,-0.027883513,0.038940977,-0.059426144,0.021396592,0.0068226303,-0.00773687,0.0040735295,-0.004984298,-0.19853996,-0.831522,-0.33395502,-0.0150607815,3.204744,-0.006007753,-0.005177235,0.023459524,-0.0006234177,0.0055431616,12.249553,-0.004272446,0.0024036504,0.036714926,-0.0012433244,0.00862861,-0.015068913,0.00520127,0.98727894,0.08812202,-0.14810812,0.12200198,-0.0049535846,0.7646541,0.010181226,0.3791024
-0.020113515,0.00061388407,-0.0018661836,-0.0002191078,-0.00309777,-0.038404383,0.037609216,0.0065688323,0.0032134193,-0.08398118,-0.008025147,-0.62089604,-0.010455969,0.060360696,0.013669055,-0.001163308,-0.00032849872,-16.161644,-0.08976841,-0.00883821,-0.08057395,-0.029160356,0.014454554,0.0017018883,-0.00038220815,-0.012689505,-0.07131976,0.016226968,-0.00068685936,-0.012516052,-0.0049552754,-0.0027012015,0.0014220169,0.033783544,-0.04706573,-0.023144182,-0.04872984,0.022177488,0.20769301,-0.014433055,-0.00406187,-0.0064010355,0.0069311317,0.008082754,-0.4208876,-1.7300656,0.15695581,-0.031144511,-2.739252,-0.055911515,-0.033086494,-0.03415257,-0.0018598359,-0.02152726,-13.336257,0.0076981694,-0.004310414,-0.009172975,0.0034375319,-0.012880117,-0.05545363,-0.0124040805,-3.2852664,-0.355779,-0.05561345,-0.01751465,0.01564785,0.8971464,0.0138549525,0.13455057
-0.15455587,0.04502865,-0.0023470551,-0.0015372204,-0.17347755,0.027476728,-0.06262285,-0.010829109,-0.00795726,-0.22243588,-0.003946823,-0.112016946,-0.015490642,-0.020347882,-0.02687345,0.028861316,-0.0005705074,34.819378,0.26291397,-0.034246016,-0.021808932,-0.074144505,0.003951521,-0.009273291,-0.047868803,-0.017615123,0.022344185,0.03798806,-0.06504442,0.03263883,-0.056411497,-0.013875486,0.027481757,-0.1129108,0.04331504,-0.11916095,-0.082009904,-0.34661078,0.092149734,-0.22045314,-0.012203904,-0.022950154,0.0773459,0.009086993,-0.1793116,11.670381,2.6873417,-0.054632794,4.5740566,0.14250073,0.056286838,-0.101429604,-0.10177447,0.0054431395,4.6959186,-0.024674099,0.006643431,0.07495556,0.036200423,-0.0023403598,-0.016039582,-0.07469114,-3.0676198,-0.031974107,0.5332928,0.17544392,-0.17182383,0.56724817,-0.011655751,0.14891344
0.06623997,0.024903659,-0.015694825,0.00012724457,-0.03058435,0.0054161586,0.003119041,-0.015706252,-0.12038665,0.0018230561,0.0028752452,-0.034901544,-0.020622307,-0.0055810576,-0.00073760806,0.0016501846,6.760092e-06,-16.29813,-0.08571751,-0.010411988,-0.0007606204,-0.12618884,-0.047244087,-0.009813752,0.010894254,-0.000708809,-0.05534082,0.0068179467,0.0034587902,0.0014060059,-0.00055999204,-0.026822925,-0.045920372,-0.013583227,-0.0050899913,0.02258785,0.1634239,0.28380486,0.019273642,-0.004855988,-0.005777801,0.107210815,-0.029057315,0.0039040607,0.1654157,-1.4139433,-0.84632075,0.030236803,-2.4294207,-0.04860219,-0.009637329,0.0012680084,0.012052623,-0.024734192,-1.9771403,0.019042155,0.006495829,0.022318369,-0.013892229,0.0035168075,-0.021390786,-0.019934984,-0.50062174,-0.030078227,-0.027189154,-0.011116385,0.039222963,-0.3360685,0.009122403,-0.14898787
0.0007417589,-0.0018172717,-0.0027691596,0.000101016616,-0.007451244,0.0026270025,-0.009250805,0.001233381,0.012066814,0.023308586,-0.0007567921,-0.22727634,-0.003423991,-0.0015838433,0.0025257315,0.0013450644,8.018777e-05,-18.268496,-0.11676915,-0.011604762,0.0015326174,-0.054716084,-0.013222886,-0.0064308303,0.004077115,0.0037891855,0.019740522,0.008473245,0.00715026,0.0055268235,0.0005651687,0.0032922258,0.0020195763,-0.0023390853,-0.01682154,-0.006042646,-0.032512076,0.004782489,-0.07681382,-0.028993038,-0.0027193232,-0.0020383173,0.004918477,0.0051369206,-0.29658628,-1.1439409,-0.48948774,-0.039579123,-2.5039167,-0.06197806,-0.010068304,0.012184207,-0.0027128542,0.0053558047,-7.8638687,0.004488207,0.0026959192,0.0014163164,0.0011047608,0.000876967,-0.036165066,-0.007689935,-0.76213235,-0.07395772,-0.0759392,-0.011384814,0.009232265,-0.48897663,-0.0024663634,-0.021846516
-0.0018444995,-0.0070093237,-0.0064672274,-0.0011002978,0.0055751125,-0.00036505586,-0.015970953,0.0019743058,-0.008612307,-0.04408861,-0.009050484,-0.47107732,-0.0019511001,-0.0022280207,0.0049806368,-0.0005959047,6.715527e-05,-18.231977,-0.07870829,0.003896869,-0.011452436,-0.023897132,-0.011474713,0.00011208567,-0.0009601408,0.0022587809,0.015221003,0.0017961231,0.011212004,-0.007070906,-0.0023346113,0.00058045017,-0.0032055867,-0.0005135944,-0.006905275,-0.00584265,-0.051258128,0.015096275,-0.05832646,0.01797107,-0.01163532,-0.0024492932,-0.0036147775,0.008156879,-0.3734799,-1.5721321,0.10372491,-0.029216742,-2.4645936,-0.061929926,-0.013652242,-0.0048701097,0.0076183546,0.002364857,-7.866662,0.0028597405,-0.00052856223,0.012723081,-0.0026133205,-0.012699189,-0.038642485,0.0009305622,-0.32193527,-0.3336062,-0.038364377,-0.01261316,0.017623223,0.4453296,0.0030930468,0.07324088
0.07419451,0.027984109,-0.025224939,0.00028296682,0.048767783,-0.009297317,0.1338278,0.10808049,0.046481755,0.0981216,-0.03498779,0.87705475,0.13054512,0.008874057,-0.1469783,0.0023171897,0.0029471014,40.820374,0.0629644,-0.047348857,-0.006829325,0.11748031,-0.027366001,-0.059559003,-0.029338166,-0.03238306,0.020700233,0.105677396,0.12980507,0.036823884,0.0078032203,0.0032087062,0.08790054,0.015703868,0.02078252,0.3113411,0.34205392,0.06369184,0.12500578,0.018050224,-0.049326446,-0.007729949,0.065143466,0.0065043136,4.7169337,27.934404,4.9741416,0.18508963,4.304677,-0.07010761,0.023976658,-0.009605444,-0.0012418185,0.008404802,0.20044789,0.029733958,-0.0043571163,-0.017576173,-0.016217997,-0.024038218,-0.006699158,0.13577494,3.6944194,0.87226284,1.2699722,0.03491839,-0.002729429,0.25971344,-0.023031648,0.068240955
0.016816929,-0.023217611,-0.008421605,0.00016559394,-0.033076867,0.0140261315,0.02605388,-0.0100551285,0.021125225,0.05685236,-0.024511324,-0.13498627,-0.018741883,0.0023913113,0.0039675413,-0.00047350064,2.6758433e-05,-15.734782,-0.08840794,0.0096120145,-0.0021807326,-0.10024412,0.035418667,-0.009284415,0.0175469,-0.008104342,0.011033455,0.051677793,0.017546372,0.0029469712,-0.017175198,0.023219235,-0.037585158,0.032318052,0.06432217,0.23894896,0.117088616,0.41295156,0.18553008,0.06535869,0.006703889,-0.0031792987,0.00031165447,0.0151789645,0.33845457,4.2688236,0.9823577,-0.013345032,-2.286841,-0.029863287,0.0048759556,-0.093462884,-0.000757743,-0.016522234,-2.594455,-0.0034460197,-0.005440597,0.02129247,0.016455214,-0.018926084,-0.020929066,0.051316172,-0.5736009,0.00030133338,-0.062183835,-0.0068321647,0.0044460217,0.08834936,0.002049065,0.021470405
0.0010386572,-0.0029812616,-0.014073901,-0.00024968883,-0.009117532,0.0015482486,-0.014620931,-0.0122224735,-0.0075822226,0.030930933,-0.002093414,0.12414141,-0.0009995415,-0.0007187433,-0.011684584,-0.00038162273,-0.00090090703,11.93823,0.0066009327,-0.00058215816,0.03060465,0.042128466,0.023683123,0.049545944,-0.0037399982,-0.0015432637,0.024809139,-0.008457814,0.0055181193,-0.002863714,-0.00027594873,0.00096164667,-0.006879315,-0.000350604,-0.009013219,-0.011932218,0.010146465,0.019079538,-0.07766723,0.04824768,-0.0055148853,-0.0025069315,-0.004822162,-0.015262435,-0.0342469,-1.0219492,-0.4547096,0.057203054,2.4196076,-0.03231971,0.01492858,0.050852314,-0.0027937538,0.00062076363,6.468984,0.0056575267,-0.0016657342,0.02980492,0.001550071,0.009903117,0.0015245879,0.00521228,-1.9129015,-0.21995112,-0.03032198,-0.01769105,-0.0032856155,-1.335557,0.003261246,-0.30176052
-0.17558083,0.0012167946,-0.004569684,-0.0003064074,0.013377707,0.0004888963,-0.0040303073,-0.021246227,-0.0015549483,-0.055619173,-0.0053787576,-0.29886016,-0.013839712,-0.007475955,0.015986737,0.0019426667,0.0030465228,11.673219,0.0049460726,0.0052386057,0.043904066,0.05634157,0.01282471,-0.009206668,0.0008044315,0.002956181,0.012161639,-0.020173177,-0.0035241472,0.0015541995,-0.061952885,0.004403057,0.00072174397,0.0032584367,0.01536833,-0.0105495015,-0.038194817,0.028980069,-0.05415305,-0.10242574,-0.01339295,0.0034390695,0.0011261397,-0.0013702767,-0.2883648,-1.0189427,-0.19895074,-0.038155545,2.4034839,-0.018437644,0.04739634,0.048633955,0.0072865714,0.005500554,6.726663,0.00587857,-0.0030704748,-0.0047218553,-0.00211445,-0.008081477,0.009388169,0.010595921,-1.8807074,-0.14749043,-0.023583766,-0.009240707,-0.009260152,-1.2593442,-0.012848466,-0.26884976
-0.02728791,-0.010224836,0.027423732,-0.0008270442,0.020588517,-0.0024544592,-0.0069304993,-0.009730872,-0.04801004,0.04352476,0.0019713135,-0.36441326,0.01661489,0.005861358,-0.0010191553,0.0013333851,7.517866e-05,-23.164507,-0.15127482,0.07506242,0.0034991654,-0.12141828,-0.027849678,-0.0061097206,0.06445212,0.046792235,-0.05467838,0.05019711,0.0011212251,0.011080773,0.01892454,0.010594492,0.14204794,-0.023861578,0.004338799,-0.031827644,-0.0076512885,-0.014504719,-0.114718996,0.026252158,0.0045835027,0.08764678,-0.0171595,0.0017458362,-0.31099418,-1.7785487,-0.44876033,-0.013711821,-3.408959,0.0042121084,-0.010065269,-0.0594302,0.0033710995,0.18650523,-19.90717,-0.0024311084,0.02679096,-0.24890353,-0.010213293,-0.016827026,-0.055428892,-0.00764047,-0.42989403,-0.07377066,-0.07320861,-0.025529018,-0.0023756674,0.083143495,0.0014502929,0.07621774
-0.101062685,0.00022172759,0.014749066,-0.000651637,-0.02335905,0.014864955,0.08072786,0.025286375,-0.0005284367,-0.1614636,0.0054800934,-0.30285573,-0.05374285,-0.059534475,-0.025422178,-0.006141926,-7.609371e-05,4.9884086,-0.05838581,0.009342358,0.011460994,0.039183803,0.0062074442,0.07516506,0.04571996,-0.005551142,-0.04699718,0.023234481,0.008057518,-0.007863284,-0.021261076,0.025212312,0.024080262,-0.10556,0.0011951758,-0.019041244,0.24018475,-0.2838182,0.17543736,-0.15064041,-0.005863315,0.05971014,-0.06908736,0.009352677,1.2319549,0.5392738,0.56937325,-0.07642822,1.6573205,-0.09423217,-0.010794185,-0.09174928,0.0021813419,-0.014695913,-9.366101,-0.015316206,-0.004930711,-0.074068554,-0.042676315,-0.03497867,-0.1739356,-0.049900077,-8.254082,0.1687592,0.12784083,0.002926913,-0.07064544,-0.10998397,0.016625479,-0.021152174
0.0040197913,0.0034209029,0.013438491,0.029314935,0.034269918,-0.008826116,-0.014352793,-0.006871169,-0.00011473129,-0.017544223,-0.006662906,-0.43773523,-0.003102859,0.0002781477,0.004620467,-0.0039879335,4.4685574e-05,-6.61325,-0.054865498,-0.015198876,-0.00016909528,0.041882083,0.0075473995,0.028708283,-0.0119774565,-0.008148681,0.011182686,-0.012317498,0.0123924175,-0.00087751955,0.0010772762,0.0055376138,-0.0057091117,-0.017520431,0.0058138133,-0.0141536,-0.04058304,-0.0063337903,0.10666539,0.06762695,-0.01866455,-0.0025921413,0.001126361,0.017125815,-0.44528824,-1.4713852,0.15665206,-0.059963994,-1.1306808,-0.06411946,0.001145805,-0.003077477,-0.0053823907,-0.018124906,-2.5990238,0.0058604344,-0.002292871,0.031749096,-0.13259163,-0.0728544,-0.034370672,-0.0074924924,-1.3502445,-0.3454258,-0.016875168,-0.019966433,0.05589887,-0.6965851,0.013441538,-0.16000247
0.030726591,0.043571357,-0.004979575,0.0001990859,0.010968082,-0.021160256,0.017919453,0.036312386,0.10130094,0.18521431,-0.03268402,2.1165285,0.21228556,0.03160343,-0.16362914,0.026961785,0.0011567228,30.84248,-0.1028236,-0.028753677,0.025870094,0.000717029,-0.008204469,0.008095076,0.062277358,0.029588372,-0.0990685,0.041760717,0.028120324,-0.010185077,-0.017353082,0.0029771307,0.006164875,-0.005843239,0.11845287,0.18456803,0.8322334,0.14580444,0.3205649,0.08248105,0.024660448,0.017392756,0.029368078,0.008853663,4.745626,21.429604,3.7037513,0.0785638,2.566411,-0.060143333,0.04630174,-0.035610214,-0.009842971,0.12927526,-1.3998533,0.012828297,-0.009202264,-0.013612617,0.00039781467,0.027910316,-0.060717333,-0.030720765,10.089774,1.7296685,0.90472907,-0.016449545,0.065222755,-0.26724204,-0.025304774,-0.06247731
0.011697417,0.07569744,-0.0974035,0.00015306222,-0.018670065,-0.019870752,0.10317669,0.04081937,0.04706225,0.16555624,-0.06643269,1.6807221,0.0083408635,-0.0053625903,-0.21636197,0.007936221,0.004178699,23.102045,-0.14280705,-0.0029011737,0.02658136,-0.01686583,-0.06818556,0.031620916,0.03846584,0.0015971772,0.01332514,0.034801688,0.018774346,0.0063081617,-0.015758093,0.0059349122,0.025620466,-0.053701572,0.008029253,0.20629627,0.6865273,0.25029063,0.080935836,-0.08233251,-0.01471561,0.01955507,0.04291307,-0.027778273,3.4499373,22.973867,0.6910464,0.077301495,1.8768846,-0.064395346,-0.014026488,-0.04191338,-0.019235095,0.005919064,-1.8348212,-0.025213534,-0.010183336,-0.0058337096,0.007285412,0.0788379,-0.09679906,-0.0295252,16.037317,1.7466745,0.76907295,-0.061996106,0.014185887,-0.2571933,-0.0022526225,-0.063664205
-0.010737017,0.004427243,0.002052837,-0.0005885144,-0.020922346,-0.021513976,-0.023548836,0.0050787604,0.006788947,-0.07569118,0.0028841111,-0.5407786,-0.010853133,-0.0009093523,0.010306735,1.7041333e-05,9.285483e-05,-17.848484,-0.11633879,-0.0053170663,-0.055839036,0.09622945,0.06689986,-0.0059728962,0.018419364,0.0023444155,-0.026636416,-0.02729597,-0.002130996,-0.018949104,-0.00063676655,0.0071133315,-0.011084194,-0.03422845,0.025407141,-0.021003887,-0.025724484,-0.014286198,0.14657691,-0.08957733,-0.0007338243,0.051493917,-0.0029338016,-0.016182475,-0.3975766,-1.6290982,0.1644422,-0.052891135,-2.560958,-0.012206942,-0.02026068,-0.050067764,-0.0029756785,-0.024896717,-8.088164,-0.004534343,0.0010865162,0.016589997,-0.010494696,-0.00023000658,-0.04095353,0.009269651,-1.2305677,0.028355127,-0.050540317,0.110945284,-0.0032860525,-0.79534656,0.008011433,0.074681014
-0.064129576,-0.0056280564,-0.014213625,-0.00012761785,-0.0020828776,0.008211312,-0.00018990517,0.0010906558,-0.010544652,0.022521539,-0.01310076,0.527134,-0.018473072,-0.0125903785,0.005022057,0.0003046462,0.002078443,-18.04903,-0.13029422,0.022199338,0.009436508,-0.032702737,-0.03406201,-0.004150525,-0.003955986,-0.0049782763,0.005190506,0.00688348,0.0053252485,-0.0053040576,-0.010566196,0.007969735,-0.025042528,-0.018963853,-0.027085174,0.0071655465,0.014681939,-0.026441664,-0.36493757,-0.0050771777,-0.006944942,-0.04998648,-0.021462508,0.0019651663,1.1393533,-1.3131933,-1.6070863,0.032162275,-2.768492,-0.03665421,-0.012735076,1.5352081e-05,0.00045720534,-0.031795975,-5.2930565,0.008466913,-0.0075910813,-0.030602278,0.0073134704,0.003179539,-0.014123974,0.020424971,-0.63575095,-0.0027831462,0.007386388,-0.020323312,-0.005208351,0.0770139,0.0061560194,-0.040238846
-0.0014799333,-0.020922376,0.0069603696,-0.0004135758,-0.010385974,-0.0105669275,-0.013902264,-0.0054163565,0.0034971056,0.053405624,-0.007700382,-0.19553022,-0.0069343937,0.0012863617,-0.00028011508,-0.0012335129,-9.772753e-06,8.785587,-0.0059043188,-0.0036164739,0.011118981,0.034961257,-0.0014297483,0.033732507,-0.00512825,-0.00061870256,0.01980954,-0.0124023035,0.0016412538,0.0028807018,0.0024867537,-0.003194625,0.07062062,-0.029915517,0.0064055705,0.0016283621,-0.0049609323,0.0048259306,-0.046411272,0.004865084,-0.008479534,-0.0028363252,0.004469991,0.0023258328,-0.2237329,-1.1270018,-0.26912618,-0.03282514,2.1860542,-0.019768603,0.0027627915,0.015221031,0.0038219804,0.0027859588,3.3321774,0.0065049254,0.0013176793,0.020894038,-0.09727138,-0.018247962,-0.023733538,0.0018411223,-0.6217676,0.0021797172,-0.03374595,-0.0095893545,0.0024708998,-0.43021667,-0.0033151477,-0.029415436
0.0074456288,-0.0051571517,0.16425057,-0.00013983368,0.017899761,0.001599927,-0.038419295,0.019461507,-0.005324527,-0.070921555,-0.0057442402,-0.41256195,-0.0053777588,-0.007557866,0.014546103,-0.0021756995,8.4939034e-05,-2.3992033,-0.02641794,-0.0051437644,0.040418472,0.013073043,0.014654033,-0.0018993729,-0.019663492,-0.018334134,-0.025378745,-0.033270597,0.0066824905,-0.0057603456,-0.027845453,0.014224155,0.00049402687,0.0044692648,0.008599428,-0.017736396,-0.03764432,0.018663283,0.04417724,-0.10721351,0.0029307015,0.00048891606,0.004610583,-0.013503719,-0.4325137,-1.4376187,0.21431303,-0.056422908,1.9839418,-0.024144137,-0.001232775,0.020856602,-0.011809533,-0.034894776,2.5503573,-0.00022121042,-0.0130329365,-0.0035437145,6.9470814e-05,-0.0013227692,0.0045252303,-0.00080291566,-1.6994692,-0.46702224,-0.043900944,-0.0038147117,0.015247623,-1.0472287,0.020662537,-0.28841397
-0.0029868237,-0.006208072,-0.010434108,-6.668469e-05,-0.0086349035,-0.0049858056,-0.029818842,0.0074979085,0.0006017052,-0.013305313,-0.011613214,-0.48791337,-0.0016873614,-0.0069219796,-0.007723344,0.00023853121,0.0028974954,-16.144545,-0.051275525,0.012327651,0.0023591889,-0.04062719,-0.026256008,-0.017810453,0.0051690587,-0.010069656,-0.053879652,-0.015082225,0.0059052017,-0.003612151,-0.01918874,0.0071869246,-0.0051972605,-0.032147925,0.03346823,-0.019969216,-0.04764132,-0.007731658,0.062927976,-0.09718975,-0.0094784135,0.0012357021,-0.010109524,-0.005441126,-0.48071176,-1.6378753,0.21071854,-0.05731449,-1.3558292,-0.042365216,0.013191732,-0.0056676813,-0.006567857,-0.034923814,-5.4971824,0.0012553183,-0.009442893,0.015070457,0.0058457586,-0.0011682247,-0.012239944,0.0051878705,-1.3836381,-0.557652,-0.06489048,-0.008901102,-0.014231287,-1.1928806,-0.0012227191,-0.19196868
-0.07511239,-0.039456442,-0.010893881,-7.5529235e-05,0.04315638,0.010789242,0.0035760656,-0.011529862,0.0026809974,0.021573277,-0.012129173,1.1207623,-0.021135068,-0.0025157647,0.026081609,-0.008703387,-0.00013590817,-1.2582948,0.06914468,-0.0021490662,-0.00015182962,-0.03338214,0.031676084,0.007018962,0.0026501806,-0.011357116,0.0031981329,0.062072106,0.025102666,-0.018287178,-0.0094331475,-0.075332835,0.063955516,0.028497914,-0.21599072,0.022736607,0.09031704,-0.05081976,-0.51626724,0.03440767,-0.025322828,-0.033240244,0.007182924,0.0096176695,1.2441541,10.440788,-0.67106575,0.10945701,1.5694119,-0.024809493,0.04237083,-0.03904363,-0.0044797915,-0.021888465,4.2201424,-0.0036481454,-0.038320836,-0.0042681494,0.0022583753,0.0039740703,0.0074074417,0.0015826495,-0.6921708,-0.22336484,0.17203942,0.028874528,-0.017865874,-0.05272639,0.025378937,0.002299877
-0.0007564459,0.022272464,0.047471583,-0.000996384,-0.08207441,-0.008766935,0.08804645,-0.020956913,-0.008518531,0.041443963,-0.010216591,1.8083122,-0.22496025,-0.00087710406,-0.039195284,-0.003072315,0.0023177485,-15.8687,-0.08072855,-0.010466427,-0.07329321,-0.2633055,-0.020600604,0.0014429259,0.001564637,0.023456242,0.04451318,0.0024322898,0.002965069,0.014287027,-0.009599687,-0.060615074,0.008313789,0.0006807381,-0.0023540482,0.1262094,0.16141185,-0.065252595,-0.3941295,-0.038867146,-0.014658794,-0.019130334,0.07088873,0.02910473,1.5266196,20.252665,0.42703277,0.00015341573,-2.2817333,0.009359941,-0.014102908,-0.13605563,0.07097636,0.004914536,-4.9863524,0.0016728146,0.0053038397,-0.0063605877,-0.057214882,-0.04128185,-0.024916535,-0.026177695,21.513762,1.5316269,0.32318652,-0.023062387,0.014830313,0.32021424,-0.04367923,0.12703672
0.017576141,-0.009302772,-0.006324028,-0.00022537088,-0.024397628,-3.4094905e-05,-0.006054179,0.00043378843,-0.004539286,0.005343198,-0.013501676,-0.18782964,-0.00012266227,0.014487427,0.0030236563,-0.0019291037,-3.9177292e-05,-17.312668,-0.105597004,-0.010885337,0.0020661738,-0.020633236,0.015710568,0.008862103,-0.006160046,-0.009665467,0.019125486,-0.004650809,0.006839094,-0.008913739,-0.005155867,0.0028929673,0.0016532366,-0.0025807868,-0.0047701406,-0.009257266,-0.037047867,0.0044168,-0.09202267,0.021070503,-0.0053291214,-0.001917134,-0.007826477,0.004190491,-0.2888119,-1.0497922,-0.47719562,-0.021208912,-2.4484448,-0.048612826,-0.013848464,-0.0052913,-0.0033023062,-0.0048153885,-4.807301,-0.001403472,-0.010481776,0.0034550878,-0.008035554,0.00057578017,-0.042833056,-0.0040039346,-0.40104574,-0.054836575,-0.08650035,-0.0097591905,-0.009038126,-0.35820735,-0.0073740515,-0.08133184
-0.0011858615,-0.015359301,-0.00985362,-0.00071424723,0.007871119,0.0011121543,-0.007869934,-0.0006406896,0.006537826,0.006693571,-0.0034999773,-0.33076552,-0.0016866225,-0.0019066099,0.0053432295,0.003934138,8.655494e-05,-19.544886,-0.11680381,-0.0013798964,-0.0057622995,-0.07393729,-0.015009833,-0.0017349436,0.0069460534,-0.0069925883,0.022861702,0.007075627,0.006076638,-0.0062300554,0.009992105,-0.0016432184,-0.0004319129,-0.01265868,0.022115113,0.06628808,-0.023853954,0.009841161,-0.072471105,0.025870161,0.004890909,-0.012194682,0.0035517004,0.002579849,-0.30919725,-1.3389492,-0.50548273,-0.02795964,-2.8639681,-0.00551595,-0.018849814,-0.097670294,-0.0010456176,-0.028965082,-11.454227,0.0005828994,-0.0004789373,0.028123833,-0.048237544,-0.008806529,-0.062478647,-0.010882218,-0.7616166,-0.03836389,-0.07300175,-0.0013239159,0.00254062,-0.48369333,-0.0067495406,-0.14623451
0.22958091,0.05070874,0.01325977,-0.0007152068,-0.010036295,-0.0028436887,0.05018581,0.12271166,0.018255731,0.09864008,0.0034787713,0.19190863,0.13227762,-0.0074411,0.00872703,-0.009090345,-0.000509219,-17.424023,-0.13271847,-0.0058555277,-0.015507827,-0.06326617,-0.07100705,0.018180033,-0.033723965,0.0043891426,-0.11397046,0.029548958,-0.0105714165,0.017751638,0.040013682,-0.0041447575,0.07994141,-0.0053549446,0.024157798,0.11566216,1.3458167,0.13559334,0.26329112,0.019196793,0.03192028,0.082823835,0.02210769,0.007162057,-0.55692255,1.4266441,1.2038654,-0.15688139,-2.4242892,0.040946268,-0.0115051055,-0.18795672,-0.015698384,0.15418318,-8.175837,0.014314556,0.010833367,-0.12327398,0.006215059,0.04712758,-0.08870768,-0.001335522,17.217287,3.0643573,0.5894841,-0.056324508,0.07363207,-0.24217513,0.11706569,-0.016569624
0.031709377,-0.020817546,0.0017795789,-9.817348e-05,-0.0022335253,0.018171813,-0.05624498,-0.022815684,-0.026838139,-0.0022162143,-0.019340795,0.16473085,-0.016690923,0.00042416266,-0.026665477,0.011165835,2.834285e-05,15.186691,0.028132742,0.004429599,0.023672516,0.06365596,0.030530035,0.046409186,-0.021492079,-0.013728045,0.010603683,-0.008926689,-0.00923928,0.0048638894,0.0008730758,-0.0017169816,-0.009121851,-0.004565751,0.021306954,-0.014519032,-0.043695744,0.021864507,0.13393654,-0.15327504,0.038679387,-0.007020033,0.01156792,-0.009740971,-0.036029473,1.2374687,0.43623057,-0.097482994,2.029677,0.032419223,0.013577935,0.031756762,-0.010188297,-0.015602845,-1.3967822,0.005578461,-0.019920116,0.007168117,-0.002941623,-0.0035271412,0.0007472651,0.021189686,-7.7391157,-0.15998071,-0.18892305,-0.017748917,0.026199188,-0.54880244,0.021673461,-0.14456023
-0.021226248,-0.015887264,-0.006164275,-0.00017879892,0.002752913,-0.0037224912,-0.014121215,-0.002704928,-0.00039606,0.018674592,-0.008339168,0.12928054,-0.00987809,-0.0002247756,0.0137318205,-0.0023137557,8.804465e-05,-6.339783,-0.048027646,-0.0076741455,0.006100619,-0.028266573,0.011075967,-0.005127105,-0.0023806354,0.003690742,0.010854231,0.00052765594,0.0075161196,0.007505716,-0.0001421445,0.0014953096,0.0014288014,0.0023295004,-0.013558894,-0.008427517,-0.032719664,-0.00047623477,-0.088301495,0.036156464,-0.0009798268,-0.006474803,0.019541498,-0.0035198315,-0.13170072,-1.0840671,-0.5392723,0.03927764,-0.7423977,-0.052801773,-0.011014727,-0.004722699,0.0010617321,0.008812521,0.799615,0.0019779226,-0.0051213237,0.016355356,-0.0041688164,0.0016739074,-0.0044715717,0.012629682,0.82880825,-0.019057576,-0.047148373,0.007359367,-0.00076822634,0.8532816,0.0115415435,0.19123815
0.17605773,0.09576675,-0.025433876,-0.0008995573,0.10243496,0.012274258,-0.0049724737,0.037046675,-0.070286795,0.1764472,-0.02689945,1.5369806,0.07364102,0.009247279,-0.030969035,-0.009797534,-5.5533266e-05,-6.3316298,-0.072015576,-0.17027734,-0.012801213,0.1037349,0.026093414,-0.024975274,-0.013511086,0.012748092,-0.1272255,-0.013874231,-0.03505672,0.012259763,0.011045996,-0.038099065,0.110646404,-0.034135878,0.04893688,0.09463984,1.0157855,0.034441188,0.19347154,0.009841355,0.12254515,0.04670748,-0.032761738,-0.0021677285,0.72023964,6.557135,1.569597,0.15993947,-1.8966345,-0.03031586,-0.013740067,0.030036932,-0.005587434,0.12187692,-4.7776766,-0.0120829,0.023307495,-0.053578842,-0.0049738204,0.11622233,-0.08727171,0.0506338,18.726915,1.4157279,-0.05686624,-0.021228047,0.044689376,-0.07684301,-0.025830898,-0.0669721
0.013230707,-0.0032604858,-0.008559386,-0.0001762575,-0.008924067,0.013292209,-0.026169045,0.005208324,0.010571613,-0.093228064,0.018750532,-0.5652312,0.0033066631,0.0035323966,-0.031578496,0.0017159871,0.0010185839,-6.3862553,-0.05565232,-0.019631797,-0.2299064,-0.13841192,-0.016467247,-0.015279798,-0.016507631,-0.0011290995,-0.12768775,-0.032044996,0.010362259,-0.007922962,0.053457573,0.023960223,-0.023365226,0.023158593,-0.02990533,-0.03125739,-0.053586543,0.030710422,0.0723578,-0.09052214,-0.004409946,-0.008401213,-0.0017467365,-0.0416417,-0.62352246,-2.0157087,0.3546168,-0.07468411,-1.3086388,-0.08924765,-0.027927391,-0.0558015,0.0063511976,-0.024449976,-19.969648,-0.0019692865,0.0066170916,-0.42258713,0.009189538,-0.030833524,-0.092267625,-0.010482005,-8.833487,-0.50307655,-0.02237949,-0.004996566,0.021192232,0.13512053,0.017290585,0.01253743
0.17318024,0.06709044,-0.040579673,-0.00077791314,-0.03360318,0.023109335,-0.0084223235,-0.04640337,-0.07106475,0.081559956,-0.029939782,0.21364318,0.0737331,0.0014852699,-0.013423516,-0.0073549217,0.00026866302,-16.573427,-0.077096015,-0.04167688,-0.010879124,-0.021245746,-0.051090244,0.05195167,0.02106366,-0.0033830185,0.0008765287,0.002342058,-0.0036993497,-0.012319938,-0.0023258454,-0.018881017,0.07694028,-0.025747143,-0.010028516,0.13001823,1.0037698,0.032701287,0.31971425,-0.018758565,-0.019318355,-0.0126362,0.014388895,0.023615457,-0.6623804,4.21055,1.1186228,0.1478539,-1.9645764,-0.021016862,-0.051211774,-0.25529224,-0.0060955165,-0.048870955,-5.2881107,0.008542277,-0.002907971,-0.0037507236,-0.001254009,0.06406448,-0.05895026,-0.021857364,17.373396,0.75185245,-0.04611705,-0.008080373,0.010626055,0.1451867,0.023887184,-0.03451164
-0.016094264,-0.009209789,-0.028610097,-0.0012779464,-0.019383393,-0.017136952,-0.019405281,-0.0039358777,-0.046059027,0.023312088,-0.0041386914,0.012485628,-0.0057020765,-0.016937446,0.019153373,0.0007347007,6.356632e-05,-23.527737,-0.11952463,0.09249473,-0.024446731,-0.123954915,-0.028347772,-0.002989058,0.022080045,-0.00029257243,-0.061650075,0.028527645,0.0036600223,0.0004455065,0.009701066,0.010048615,-0.011627656,-0.012859957,0.025055608,0.02408878,-0.009677113,-0.0041786106,0.0070874244,0.03125292,0.0038999803,0.015883693,-0.00392349,-0.014469835,-0.038994536,-1.8336478,-0.5833522,0.021549633,-3.637553,-0.018502438,-0.026848255,-0.056406524,-0.012538986,-0.009648543,-19.631084,0.019882886,-0.016496517,-0.21038137,-0.014731623,-0.019185072,-0.08623625,-0.011998006,-0.6042019,-0.07607379,-0.06495902,-0.020640409,-0.0014804316,0.09989118,-0.01628428,0.087080814
0.010023795,-0.0037791068,0.016059143,0.0031614446,-0.013774886,-0.001403976,-0.010763,-0.001751241,0.006743758,0.022021092,-0.004049274,-0.21435006,-0.006312912,0.010766747,0.006510828,-0.0009819699,-1.369074e-05,8.979773,-0.0030451068,-0.00409333,0.015193427,0.030759227,0.0038162814,0.032600988,-0.003319782,0.00097279483,0.017479608,-0.0041824426,-0.0022047807,0.0032866346,-0.0036432436,-0.001000817,-0.042288516,-0.002472732,0.0040904973,-0.0067988886,-0.008403103,0.008975356,-0.031090168,-0.0017052006,-0.0019628822,-0.0014533222,0.0018016122,0.005423464,-0.22923796,-1.1510794,-0.1572574,-0.032375865,2.214096,-0.0054644276,-0.00078746915,0.007819667,0.0015473363,0.0010728687,3.904379,-0.0012811855,0.0019514785,0.015798453,-0.0349732,-0.017048895,-0.008539075,0.008433363,-0.19359978,0.024764061,-0.02826675,-0.01141979,-0.029098066,-0.33365482,-0.0007638832,0.037353437
0.0025789544,-0.008019263,-0.010480575,-8.593568e-05,-0.0034349067,-0.0012024208,-0.009565285,0.0040654503,-0.05481217,-0.013168411,-0.0032450652,-0.29538664,-0.0030335386,-0.0009971901,-0.00032184337,0.00092567445,8.501415e-05,-18.501797,-0.10172332,-0.004499192,-0.0014708498,-0.033677943,-0.02043166,-0.0020193304,-0.00075184973,-0.0004861869,0.021232467,0.0042436467,0.008923014,0.0024555176,-0.0033246286,0.0025894297,0.046491463,-0.0029626586,-0.015735645,0.07469965,-0.040690504,0.0071432414,-0.07487237,0.017567068,-0.0034130926,-0.00861266,0.006555123,0.00014093262,-0.29587117,-1.1047544,-0.54393214,-0.02946992,-2.5402784,-0.019860985,-0.011931414,-0.03751193,-0.00454358,-0.010085506,-7.6503553,0.002222476,-0.0012406062,0.013139895,-0.0015193691,-0.0018155897,-0.042771865,-0.000101444704,-0.30438107,-0.035395842,-0.06924064,-0.0068577104,-0.0010856097,0.48324624,0.009608808,0.023827529
0.0025011194,-0.00047595747,-0.0025130494,-0.00016002762,0.0044828802,0.025888195,-0.063428536,0.015283116,-0.0073663113,-0.052603174,-0.0021466275,-0.4881014,-0.012512773,-0.006927722,-0.009322014,-0.005118595,0.00018957038,-14.415903,0.0069599445,-0.025965218,0.02679559,-0.04644022,-0.020371158,0.0061664116,0.011349065,0.0031233865,-0.05601035,-0.0044024033,-0.0046307147,0.0042489595,-0.010737682,0.052029938,-0.006221492,-0.0042832675,-0.022157636,-0.016064728,-0.052309986,0.013238593,-0.08301872,-0.02748093,-2.2905791e-05,0.00057569565,0.0030258931,0.0037236419,-0.506808,-1.8238164,0.15468737,-0.06384594,1.8380371,0.017747836,0.07433783,-0.014283885,0.0016935262,0.003776945,-10.980512,-0.0015676055,-0.0026381963,-0.027399525,0.003365706,-0.004352185,-0.0094027715,-0.06607059,-4.0606484,-1.1856909,-0.098542936,-0.0022751852,-0.012585826,-0.018115519,-0.0059927683,0.04768741
-0.013088805,0.00730636,-0.006278273,-0.00012011121,-0.035921123,0.01093954,0.010826885,-0.0038774614,0.012331467,0.06149261,0.06891246,0.8182366,-0.02678539,-0.012545224,0.008766791,0.012223695,-0.007866853,-13.637264,-0.08130257,-0.027563596,-0.026178492,-0.031570498,0.023514211,-0.013552066,0.0061542527,0.0037562442,0.008988635,-0.017059423,0.008623563,-0.017333627,-0.005426768,0.0065963264,-0.0074066133,-0.005416815,-0.04917377,0.12593997,0.24590227,-0.068045355,-0.6173392,-0.035330564,0.032379016,-0.008763843,0.0033599385,-0.01927158,0.8553194,4.6163616,-1.0617568,0.007748241,-1.5326996,-0.032162298,-0.020996695,0.0094894245,0.016263803,-0.016348721,-2.53638,0.006717833,-0.012803434,-0.0039876876,0.00285739,-0.015489542,-0.028348459,0.054986596,-1.4173155,-0.020976381,-0.049933948,0.0033027017,-0.014981728,-0.1845099,0.008903299,-0.032351956
0.031260736,0.008300402,0.056764472,-0.0012298009,-0.09096642,-0.085557126,-0.053876016,0.020793727,-0.0030831876,0.06102058,0.03259578,1.6833295,-0.12706482,0.0005678256,0.029359113,-0.0039631324,-0.0052076257,-4.988514,-0.04540243,-0.022225918,-0.14142968,-0.24458906,-0.09602052,-0.010817152,0.00019807043,0.014820295,0.046625283,0.1319817,-0.005806101,0.023235714,0.0010322628,0.018956723,-0.047739614,-0.06282793,0.022025911,0.06005436,0.012926616,0.019556187,-1.0153674,0.080889374,0.08429403,-0.036907483,-0.025013132,0.077040695,1.5220412,15.883983,-4.04715,0.06297438,-0.8049681,-0.047550667,-0.11304911,-0.0056218505,-0.0010700539,0.031009417,1.8824441,0.00861522,-0.0017523866,0.03088426,0.009374231,0.02026421,0.0075835665,0.047223803,5.1793795,-0.028970439,-1.0038736,-0.032981053,0.34023824,0.7984433,0.03765337,0.21936616
-0.0018493955,0.018815557,0.0016353868,-0.0002330887,0.031542774,0.007946367,-0.022425799,0.004932149,0.011355721,0.0227388,-0.00092088594,0.0326949,0.0009623905,-0.0008445737,0.012990594,-0.0032018174,4.1989842e-05,-23.640917,-0.12285074,0.096274,-0.020463357,-0.13165915,-0.03870946,0.0062069106,0.008143905,-0.0012005977,-0.06057713,0.036916867,0.008979886,-0.0003899602,0.0019922853,0.0027330439,-0.001659439,-0.010440621,0.0020735748,0.14440598,-0.029526146,0.0006273298,-0.058872875,0.029659465,-0.003987134,-0.017630495,-0.0044987756,0.009931567,-0.016388712,-1.8112308,-0.6964149,0.060065325,-3.6441298,-0.0051069,-0.017657895,-0.060058232,-0.011290329,-0.02046264,-19.570976,0.013328724,-0.013373002,-0.29213682,-0.009725714,-0.023753393,-0.094169505,0.019865302,-0.33359253,-0.04938348,-0.06527195,0.056213174,0.009007237,0.14441124,0.0012430792,0.053183384
0.0094059855,-0.01665829,-0.010244016,-0.0005208069,0.0798015,0.000367973,0.029463734,-0.0041520367,-0.009290791,-0.028045597,0.0055580013,-0.2524991,-0.006832251,-0.0035050623,0.012570266,-0.0007308301,5.9600847e-05,3.690568,-0.03369357,0.003376369,0.0044690315,-0.022903576,0.006019808,0.032219317,0.010657924,0.0011690664,0.015598807,-0.0046158377,-0.0076800934,0.0056440723,0.0010455768,-0.005174001,-0.008962209,-0.00094036316,0.014443645,-0.008805845,-0.036686856,0.037138924,-0.059595436,0.0040511973,-0.005103709,-0.0024714565,0.0059253667,0.006714436,-0.24118492,-1.0744314,-0.27354956,-0.04492384,1.4487988,-0.020948611,0.008938925,-0.0037793834,0.00029980062,0.008305297,5.813337,-0.0019737666,0.0059773168,0.02573019,-0.0048563136,-0.0024388013,-0.010187155,0.011829002,1.0500932,0.063202746,-0.035494667,0.002763164,0.010943123,0.94897217,0.016877854,0.2522691
0.0043360167,-0.017988924,-0.0018274373,0.0011258265,0.0008850838,-0.009326785,0.09696827,-0.014992116,8.645563e-05,-0.07391035,0.0077558244,-0.4264581,-0.026904859,0.01906791,0.0003717097,-0.0048675598,7.989617e-05,-2.3393161,-0.10766405,-0.013003099,-0.008323442,0.06504319,0.26462868,0.038720112,0.020560334,0.01489483,-0.009624657,-0.07514874,0.01669382,-0.013977008,-0.0029674415,0.005844737,0.0020190626,-0.039185055,-0.013738042,-0.005070836,0.136418,0.052300118,0.20965233,-0.014129195,-0.020293549,0.033561666,-0.023474801,-0.0008067651,0.09681647,0.5421517,0.5873233,-0.020987416,-1.1157459,-0.037909854,-0.00028528404,-0.036671575,0.00040243648,0.00917316,-4.9598308,-0.0013963223,-0.0005630525,0.010139278,-0.0049622464,-0.0051472136,-0.05604128,0.012719135,-3.0352495,0.04540252,-0.13690826,-0.01335439,0.009584961,-0.26004383,0.016654586,-0.09489038
0.003748991,-0.009245568,-0.014990698,-0.00015715044,0.0022147181,0.00087797886,-0.0069476604,0.0032775255,-0.0031963266,0.02186757,-0.0042464808,0.062903695,-0.0001299131,-0.0012796625,-0.013752751,-0.0007012708,5.9275237e-05,-3.7383132,-0.05967975,-0.0076193674,0.009296271,0.039046127,0.031879295,0.034579355,-0.0037284724,-0.0003405184,0.011188015,0.0038646741,0.012499631,0.006654988,-0.00047622746,0.001577253,0.005404248,-0.0029445346,-0.005620256,-0.0047275764,-0.010454635,0.007281343,-0.10076393,0.038568396,-0.0060532605,-0.0023171138,-0.003964896,0.0023179243,-0.12654153,-0.92062366,-0.48362565,0.01574991,-0.7295095,-0.068021804,-0.0004193768,0.005417897,0.0029972102,0.0065247826,4.5581074,0.0063599083,0.0034152002,0.005464649,0.0052307374,0.005579287,-0.012637441,0.0016820322,-0.5500401,-0.009409689,-0.07348405,-0.018951975,-0.0138289165,0.21053115,-0.0022262842,-0.0024834403
-0.0036320281,-0.002336825,-0.0029594644,-0.00024836924,-0.0133827645,0.0091259135,0.0030523993,-0.014162769,-0.001518465,0.013260919,-0.007531467,0.3171167,-0.017483767,-0.0036652458,-0.023023037,1.6617123e-05,-0.000910674,8.865248,-0.035397757,-0.0025777635,0.018396296,0.062483277,0.024598334,0.039344594,0.01573062,-0.0050597647,0.014148384,-0.018130902,0.011243984,-0.013114403,-0.01091801,-0.018827623,-0.0044510886,0.009266889,-0.020113617,-0.002290694,0.027600486,-0.00687627,-0.2627328,0.04402247,-0.0020437667,-0.0045013907,-0.0024354681,-0.005455529,0.5182094,-1.1470371,-0.7669088,0.023262223,2.2283232,-0.042709246,-0.013561587,0.033714768,-0.0030332566,-0.0106103895,3.9628558,0.0010777819,-0.006697935,0.025400627,0.00897596,-0.007928092,0.00011046188,0.012669778,-1.6868182,-0.22204989,-0.037786778,-0.037570167,-0.014200893,-1.0886905,-0.004846626,-0.24547347
-0.050674316,-0.43602532,0.03338365,0.00030667568,-0.04783367,-0.04671852,-0.23428291,-0.030225229,-0.008599048,-0.014386885,0.15116337,1.1167306,0.06872214,-0.0042470437,-0.0018145886,0.009567832,-0.00236593,26.65654,-0.093358144,-0.015260235,0.0071470966,0.3485172,0.045081448,-0.13245335,-0.068750285,-0.01060297,-0.0062041795,0.01644963,-0.22078112,-0.0022059884,0.0116046155,0.038332343,0.039799504,0.008765876,-0.011306524,0.2691363,0.00088715786,0.16283756,0.040574152,-0.20087413,0.09072759,-0.046528302,0.0398333,0.046116557,3.4380786,23.592247,1.9893498,0.113729514,2.2834675,-0.0014618739,0.020023996,0.08710177,0.012176967,0.0072553577,3.004231,-0.025196321,-0.002478462,0.03361527,-0.013118936,0.018353697,-0.15973073,-0.041058287,11.599487,1.037248,0.38515708,-0.1090846,0.017588925,0.27446446,0.06379169,0.051373743
-0.0048399083,0.021271806,4.2463587e-05,0.0025629674,0.02534049,0.010857121,-0.007182802,0.0006707873,0.08287582,0.10532183,-0.032542616,0.20672289,0.019565724,0.0056612813,-0.046546116,-0.00059820927,-0.0004921071,19.844702,-0.023139156,-0.025735175,-0.029623222,0.06419148,0.27584326,-0.059785925,-0.033706367,-0.023538943,0.03902783,0.050553426,-0.058733296,0.014866748,0.029487181,0.008393585,0.075134575,-0.051623832,0.05314444,-0.021091793,0.6113449,0.22889683,0.20304698,0.121860325,-0.021084422,0.006894176,0.0048125354,0.013810203,0.9190389,7.112505,0.8335422,0.01950939,2.6474686,-0.06379933,0.06500537,0.085134365,0.0029421344,0.0023500125,7.601889,-0.0058008186,-0.014818775,0.030413534,0.027030354,-0.04633597,-0.00017477584,0.018290374,0.561074,-0.057206307,-0.1745078,0.03922152,-0.0608156,0.1768451,0.013097121,0.17400722
0.0029684196,-0.013341424,-0.01030814,-0.00010798802,0.0001519159,-0.00020828872,0.0029205487,-0.00021043887,-0.0070081875,-0.024370765,-0.005201409,-0.2394514,-0.00058802066,-0.0028060812,-0.01544481,0.0011014716,7.315396e-05,-7.051916,-0.07968866,-0.0108147925,0.007779791,-0.0074007735,0.01950884,0.030840987,-0.005035784,-0.0011019026,0.015567315,-0.003268527,0.005919552,-0.0014458627,0.0008539848,-0.0027098968,-0.0009992535,0.012445295,-0.0021063688,-0.006330418,-0.02995715,0.017895615,-0.070171416,-0.0073315296,-0.0034252808,-0.00221899,0.0027659636,0.002670563,-0.27159318,-1.0392946,-0.4135829,-0.04007524,-1.1494315,-0.06670462,0.0022170923,0.013260299,0.0017197687,0.0067273253,-2.2674177,0.0014708877,-0.00027400118,0.028504161,-0.000595165,0.0050898907,-0.013095192,-0.0003178939,-0.9070553,-0.06591516,-0.06858474,-0.007931516,-0.010368033,-1.0378393,-0.0041247816,-0.13272302
-0.010426138,-0.011589371,-0.006571803,-0.00091686944,0.04739229,0.006117776,0.14005584,0.0074104737,-0.013839418,-0.043232497,-0.0064894017,-0.3666264,-0.0118079,-0.0028005014,0.015045814,-0.0028794692,-3.8503895e-05,18.805567,0.008305985,0.0012992152,-0.0025573114,-0.30834398,-0.0044590035,0.00056498824,-0.006776943,0.010207821,0.020102112,-0.009642682,-0.003560466,0.006523787,0.009611297,-0.012342444,-0.0030646324,-0.0021223894,0.010078778,-0.010134037,-0.04237494,0.02549868,-0.060190156,-0.05165858,-0.0012295136,-0.013638207,0.0016017738,0.003066397,-0.31486115,-0.9204202,0.08950474,-0.05215358,3.0025926,0.18664752,0.0024234457,-0.006217051,0.008078047,-0.0062376163,12.70757,0.023733832,0.004204539,0.051557966,-0.0036810257,0.0045978245,-0.019325677,0.011864123,2.4578269,0.07399043,-0.021024067,0.09796574,-0.010857207,1.2845819,0.0075388695,0.5447766
0.2895605,0.05999685,-0.031366322,-0.0007107119,-0.01871545,-0.0020376863,0.019865718,0.080174185,-0.066321544,0.08807252,-0.0134786405,0.45965025,0.051100314,0.0010514387,0.011968359,-0.007898313,0.00027471356,-9.183817,-0.073626906,0.0011294385,-0.0032967573,-0.013426029,0.047561724,-0.043898076,0.034908295,0.029781751,-0.028466363,0.028277552,-0.006175839,0.01908358,0.019318178,0.041675456,0.03580807,-0.0050668335,0.032856524,0.07618087,0.20152058,0.09987967,0.38444275,0.009548708,0.082033895,0.06633934,-0.046468496,0.022970375,-0.5642418,3.9628754,1.1642562,0.01962025,-2.5363173,0.010249285,-0.01589177,-0.06024673,-0.025344286,0.33468077,-7.169312,0.022040313,0.04456243,0.013331111,-0.01639903,-0.027330514,-0.10018281,0.039795276,15.6734,1.8096731,0.5110654,-0.0013625775,0.043158974,-0.23789786,0.13153295,-0.0371937
0.17237687,0.0699754,-0.009021904,-9.216399e-05,-0.027659342,0.01251179,0.02989073,-0.018370125,-0.10427338,0.2194103,-0.04388486,0.22482708,0.015329292,-0.011248737,-0.012142264,-0.007077284,0.00013317536,-16.702768,-0.056557123,0.030982751,-0.00078076735,-0.09118174,0.06152395,-0.031048462,0.04640189,-0.008506682,-0.019834116,0.009983452,0.016696595,-0.018770495,0.012204111,0.0052745114,-0.004266938,0.0027124812,0.010956006,0.25758958,0.8699005,0.09710249,0.37052095,0.072284214,0.049426436,0.12437762,-0.08151833,0.020068062,0.51737076,5.0993037,1.4597089,0.18466488,-2.447013,0.0106464755,0.030277576,0.0120893875,-0.0041516903,0.02404498,-4.5530653,-0.024233343,-0.0048371307,0.0063580694,0.012597286,0.0006294735,-0.04021984,-0.019919531,3.9732728,-0.009804948,0.000221087,-0.015004654,0.00543015,-0.10871834,0.019378828,0.0842719
0.0065976204,-0.0037961425,-0.01991319,-0.00046076698,0.0036473023,-0.005315467,0.061084073,-0.005380823,-0.004076263,-0.01962123,0.0003939549,-0.5522917,-0.01708343,-0.0025563517,0.01116814,0.00058599596,-8.25068e-05,-17.070532,-0.10569788,-0.008204129,0.0034463888,-0.09770477,-0.038383763,0.02980088,0.038821287,-0.0048095966,-0.014419325,0.000671315,0.0128746815,-0.013107619,0.0007804455,0.005697278,0.056930106,-0.0895032,0.016238634,0.0696667,0.0504325,0.0069990074,0.14469993,0.004855216,0.032986127,0.054187927,-0.024305012,-0.0155297145,-0.17850357,-1.5560592,0.18028481,-0.028351786,-2.5944135,-0.057434592,-0.02958789,-0.08761205,-0.009887906,0.0016428321,-4.387812,-0.0074868645,-0.008800966,0.011840262,0.00016721677,0.0111350985,-0.037584092,-0.021430492,-0.74772,-0.024988212,-0.017986825,0.011228579,-0.06673692,-0.17473547,0.013550096,-0.081583254
-0.0004602628,-0.0037318899,-0.0009296883,4.1613344e-05,0.0033351886,0.0026408006,-0.008881875,-0.0014063817,0.00027760712,0.0042501483,4.465549e-05,-0.4079861,-0.00029550685,-0.00793635,0.003383595,0.00076815375,-0.00018983695,-15.467943,-0.100315884,-0.0033790523,-0.0040977173,-0.065130495,-0.011457611,-0.0035746126,-0.004999256,-0.005258989,0.007822404,-0.0019159187,-0.0036201838,-0.0019517977,0.0030863467,-0.018304713,-0.0024191965,-0.003965769,0.0025081257,-0.014110289,-0.04646316,-0.002393819,0.007328134,0.0043385495,-0.0061807255,-0.0010749303,-0.0026373758,0.0025965758,-0.38171417,-1.4105033,0.06763704,-0.0353578,-1.3997918,-0.052568354,-0.008029858,-0.041293554,-0.002663332,0.0047147656,-1.9016645,0.0030680918,0.0075024436,0.02091599,0.002680844,-0.010741259,-0.06926111,-0.001060891,-0.3254764,-0.018580625,-0.051412974,-0.00076069956,-0.0038482242,-0.1456873,0.01288608,0.19196607
0.008475605,-0.0021319578,-0.002653439,-0.00012735928,0.0018027732,-0.008437934,-0.010798243,-0.007189157,0.007443116,0.026432786,0.0027844568,-0.016044948,-0.003909347,-0.008244921,0.012892355,0.020088898,-1.8251056e-05,-16.669367,-0.10029611,-0.003525635,-0.014501177,-0.08448844,-0.022202048,0.0056957584,0.013611661,-0.0040733395,0.018077133,0.010043536,0.03288112,-0.0067260507,0.0009098761,0.001157674,-7.461813e-08,-0.0032124608,-0.006671881,0.036743846,-0.006885962,-0.010291472,-0.083005026,0.036119826,-0.00046163378,-0.0020148156,-0.009884109,0.0034955624,-0.2554271,-0.9873049,-0.5583961,-0.016974172,-2.2272372,-0.03928484,-0.02033657,-0.06355562,-0.0012812372,-0.018766597,-2.8901367,0.00026027163,-0.0024810769,0.018875688,-0.0010464012,0.0021049632,-0.032799046,-0.009233517,-0.37376586,-0.033636004,-0.08860639,-0.0001200895,0.007822637,0.07127022,0.0040450767,0.063630484
-0.11944856,-0.018522615,-0.04484826,-0.00042459543,-0.03380066,0.027318021,-0.11771551,-0.025625825,-0.0056873905,-0.093443766,0.008027356,-0.24202724,-0.017262338,0.006033865,-0.01892299,0.0039758077,-2.1662254e-05,19.687614,-0.24842256,0.092986666,0.2614277,0.059860412,0.0030024028,0.019798797,-0.025860861,-0.029586697,-0.028433163,0.016472265,0.009175829,0.010353453,0.018322479,-0.003079052,-0.008719534,0.013020681,0.016786331,-0.014528695,-0.089195035,0.031758618,0.12866338,-0.22929597,0.010542727,-0.008337644,-0.0018131203,-0.03476298,-0.3985937,-1.4477358,0.5078719,-0.03285892,3.4819562,0.066232435,0.07576334,0.058801673,0.0051408755,-0.0031522634,9.332514,0.0139589375,-0.021644069,-0.009678468,8.512413e-05,0.005585074,0.040672213,0.027453365,-12.24712,-1.280218,-0.0035481143,0.007222757,0.03849399,-0.6528939,-0.016038219,-0.09355384
-0.00870601,-0.03445089,-0.005700878,-0.00020198192,-0.13010335,-0.021657059,-0.008120676,0.010215625,-0.007785606,0.046441734,-0.020004194,1.2095945,-0.035828732,-0.0066728694,0.02441044,-0.009161818,0.0016606451,-4.52107,0.08288163,0.00015527912,0.00646089,0.038589176,0.015198033,-0.007866151,-0.006043883,-0.0074821077,-0.013239276,0.0059710825,0.012352845,-0.00056230073,-0.00869431,-0.082067184,-0.012025133,0.014667736,-0.041832093,0.018638827,0.094575346,-0.008401697,-0.40627542,0.013835414,-0.02074664,5.021991e-05,0.009448963,0.02898614,1.0033408,5.394066,-0.22336161,0.07520271,-0.98552954,-0.080156304,-0.10127738,0.003823343,-0.007740836,-0.002892605,3.0058784,0.0056078667,-0.003509917,0.004528707,-0.009588233,0.007432692,-0.004988626,0.077354155,-0.6917123,-0.5321517,-0.43554595,-0.0063498695,-0.01300778,0.49091175,-0.0055871555,0.106721945
0.011705733,0.00029401542,0.02243157,-0.00010615408,-0.005261791,0.0023198414,-0.006822162,0.0017416814,-0.004884318,0.0041835136,-0.002685551,-0.26927233,-0.002486225,-0.0020171667,-0.002632746,0.0007934603,7.782379e-05,-16.846409,-0.10466609,-0.011882168,0.00587897,-0.092600815,-0.015084091,-0.009509671,0.010981939,-0.006027918,0.020190885,0.011012225,0.0065250676,-0.005893087,0.0018182899,-0.0049514878,-0.0063856645,-0.0025080761,-0.002274408,-0.00016992298,-0.021610077,-0.0106689185,-0.087774836,0.00051205675,0.017537024,0.0027856263,-0.0015945473,0.0035342474,-0.28061473,-1.0395278,-0.48715165,-0.029053992,-2.2797294,-0.05105605,-0.01654802,0.011587308,-0.0029799815,-0.017599538,-3.8754299,0.0029635062,-0.0027234848,0.0058011613,-0.0044341832,0.0018867509,-0.043795988,-0.0037000435,-0.3130572,-0.04599187,-0.07668526,0.0058562644,-0.0020579356,0.036835466,0.005511539,0.067017645
-0.06487215,0.0011277661,-0.03859819,-8.8877e-05,-0.0018965332,-0.00231794,0.011143358,-0.0005259392,-0.004599534,0.050188553,-0.00940178,0.95586365,-0.020512976,-0.0013438602,-0.03041515,0.0041161305,0.0021402547,-17.765491,-0.122639515,0.02081024,0.010482052,-0.12952252,-0.04870819,-0.0013328926,-0.004094536,-0.008830112,0.1475136,0.0116280615,0.021369662,-0.0063456157,-0.042197514,0.023171538,-0.016441273,-0.008082754,-0.03873662,-0.011889618,0.027941471,-0.08779751,-0.866072,0.0067362874,-0.007251174,-0.014958927,-0.0096067935,-0.010810661,1.6603022,2.2993884,-3.355291,0.2924717,-2.5144358,0.018372344,0.0063990294,0.017852735,0.00028803694,-0.044656668,-5.519028,0.0055277143,0.004689498,0.002533881,-0.0020789676,-0.0010750241,0.060418528,0.30000526,-0.9514726,-0.172771,-0.13008414,0.013364588,0.004323088,0.11389764,-0.025680764,0.03567354
0.002826095,-0.0021284735,-0.008991798,-0.00021477682,0.0072552687,0.006965349,-0.008084699,0.0024715192,0.003647213,0.021719621,-0.0015385877,-0.19662283,-0.00059604365,-0.00207529,0.0014989676,0.00011376379,8.822652e-05,-19.527699,-0.09256086,-0.0027619903,0.00028869841,-0.1257903,-0.023313098,0.00090623536,-0.0028452647,-0.0039110174,0.014144094,0.016801981,0.0039555226,-0.00072797923,-0.0037380862,0.0066252453,-0.0022770648,-0.0026650473,0.0016458342,-0.00412881,-0.023864845,0.011673208,-0.077857345,0.024337847,-0.0034551942,0.0089261765,0.003481557,0.002709546,-0.28037035,-1.2501547,-0.5021164,-0.022215074,-2.7951145,0.0010776434,-0.015519692,-0.03371447,-0.0027608832,-0.017271187,-10.554533,0.0014222142,-0.00452276,-0.019880507,0.0017604855,0.004711399,-0.057686735,-0.005334648,-0.32767025,-0.025873803,-0.09140538,-0.0011949291,0.004215737,0.37944245,0.009068855,0.066043064
-0.0035204038,-0.008068392,-0.022298766,0.00032527905,-0.008795974,-0.028144646,-0.04037217,0.007159119,-0.012425976,0.0030621516,-0.012705494,-0.35091242,-0.010023417,-0.00075979874,0.0021716154,-0.004120358,0.00025637203,-6.1031528,-0.055402815,-0.015661247,0.038158663,-0.058531374,0.008932481,-0.0025201193,-0.013973227,-0.00946565,0.06280552,0.0061502154,0.0071639325,-0.006087761,0.008055373,0.006304597,-0.011213593,0.014348024,0.015218108,-0.013261898,-0.027879054,0.028705059,0.083257064,0.0058911964,-0.0031580334,-0.0026934005,-0.0021326914,-0.0039428747,-0.31176293,-1.594722,0.13121776,-0.040162288,-1.1867288,-0.06458347,-0.011200416,0.025173286,-0.0020983184,-0.0016275637,-6.3719206,0.005169553,-0.0042079655,0.026393928,-0.03717636,-0.022845596,-0.007264849,-0.0028902488,-5.3563952,-0.45304945,-0.025025796,0.0059303693,0.019698966,0.16210298,0.044710424,-0.035426993
0.004590886,-0.010123444,-0.011762517,0.003956501,-0.02844656,0.002973924,0.047511656,0.011111412,-0.004562779,0.009840121,0.009266105,-0.015145812,-0.014121177,0.000110911446,-0.018471273,0.0008396886,7.4647396e-05,29.052095,-0.0007775275,0.017720863,0.034330882,0.013908867,0.011438276,0.0103948545,0.0011923331,0.011008181,0.02029744,-0.002371589,-0.007359432,0.0055250856,-0.002044386,0.0027855947,-0.009875955,-0.029457916,-0.0047076987,-0.011886316,-0.025115885,0.012180773,-0.07176847,0.023862751,0.00659998,-0.011197117,-0.023135973,-0.0002915713,-0.22208226,-0.86324614,-0.42687878,0.012200343,4.35831,0.016912434,0.020604258,0.02990494,0.0073184497,0.0011418196,14.35373,-0.009169137,0.005779631,0.052374825,0.005034455,0.003673959,-0.018233992,0.005403694,1.2863504,0.10046541,-0.020869918,0.009870316,-0.06124679,1.0672432,-0.04620559,0.35442844
0.12729412,0.0471436,-0.061357185,0.00041160712,0.051228873,-0.030401843,0.03743064,0.07700774,-0.002239961,0.15236185,0.09084416,2.201691,-0.047282908,-0.006319237,0.059411902,0.0012526588,0.0005986482,11.08867,-0.09510845,0.0353318,0.0146549465,-0.011022323,0.094710216,0.021550607,-0.064605236,0.008516004,0.053840473,0.04523962,0.011754275,0.0149907265,0.016478008,0.05463999,-0.022519879,-0.03981679,0.057055444,0.0035897011,0.07412368,-0.10162945,0.022993546,0.15428638,0.02055216,0.0026526605,0.01611103,-0.033048682,3.5086389,26.771082,0.45920032,0.550528,-0.613929,0.012569214,-0.0033295932,0.023368562,-0.0125518115,0.019103048,-0.7051233,0.013838281,0.0028393797,0.09039839,-0.0014626813,0.050305553,-0.053900246,-0.020831019,28.254675,1.5271708,0.82754755,-0.037263498,-0.021214193,0.23347825,0.01989661,0.06000697
0.05311105,0.027685178,-0.018772405,-0.0006984354,-0.052217077,0.0014226673,0.09264104,0.063314654,-0.10093229,0.06548098,0.01723524,0.36891624,0.093312845,0.019260246,0.007814437,-0.00391814,0.0005277613,-17.943008,-0.044077452,-0.0012926137,0.008334573,-0.008887277,-0.029260147,-0.027666593,0.033921916,-0.008851675,-0.07798347,0.00848397,0.012362086,-0.022583354,0.0066821785,-0.0062868916,0.0781721,0.010424562,0.055782128,0.13397397,1.4020715,0.043861277,0.19471599,0.025971293,-0.015894054,0.06206976,-0.05779582,0.0018616536,0.20328133,-0.38939035,0.63729084,-0.01612552,-2.3855546,-0.013587514,-0.06791862,-0.17742959,0.007881381,0.25974542,-6.6733475,-0.009163536,-0.0010681985,0.040202532,-0.013512549,-0.03265123,-0.086568065,0.03244148,16.99408,0.70793235,-0.1502819,-0.039964344,0.079472296,-0.33001474,0.0466869,0.01755684
-0.01810922,-0.01629755,-0.0011971991,-0.0068447534,-0.010567436,-0.00066556997,-0.004823021,0.0089043835,-0.008591892,0.0136063285,-0.007293048,-0.024520341,-0.016091717,-0.0063564125,0.002392884,0.00288503,0.0030330243,26.452755,0.039847013,0.012291984,0.016711673,0.010891604,-0.014496104,-0.054424454,-0.0012599875,0.00021817519,0.025325777,-0.03458933,-0.0052919295,0.0022770874,0.020392079,-0.0093560675,0.0033122671,-0.00078112114,-0.00750832,-0.009500949,-0.01200956,-0.0068823574,-0.069770426,-0.001960318,-0.0030287853,0.027083183,-0.0093177995,-0.024850138,-0.2460794,-0.9485959,-0.39852622,-0.005844112,3.395169,0.086550996,0.048524424,0.018241195,0.0037307967,-0.011595527,12.795802,0.00034416933,0.0065752184,0.057666425,-0.028514355,0.0015396209,-0.010097578,-0.0068562743,-0.9485986,-0.03751509,-0.07446774,-0.0015493733,0.049825855,-1.9947114,0.071175635,-0.34466898
-0.017588241,-0.06398357,-0.014424118,-0.00010705729,0.017757758,-0.03826292,0.043143556,-0.02075285,-0.019119775,-0.019603664,0.10218894,-0.69150627,-0.035860386,-0.00021288995,0.025396243,0.006149719,-0.00013339691,29.192522,-0.40249085,0.09927336,-0.030931126,0.020948755,0.035398796,0.023158982,0.07996012,-0.0368768,-0.029263524,-0.03116024,-0.01605442,0.030584347,0.008307481,0.0039426116,-0.05211851,-0.012418647,-0.03512281,-0.10317053,-0.03436552,0.0038894406,0.04860593,-0.058487866,0.0053082914,-0.00473717,0.03295708,-0.027434997,-1.1127498,-1.6435001,1.2389994,0.060027916,3.1138759,0.09061805,0.10629547,0.023194863,0.003628565,0.25569546,3.633948,-0.008855822,0.07697546,0.055895366,0.0031381077,0.006145018,0.026978416,-0.02251518,-12.323102,-1.4314638,-0.2693667,-0.045239836,0.01124312,0.408442,-0.04836187,0.19986616
0.00656837,-0.012007805,-0.0067955144,6.6878405e-05,0.0012326506,-0.0016208445,-0.002772166,-0.0075705373,-0.0060604597,-0.047382083,-0.0075905607,-0.32660937,-0.0012116864,-0.0007461846,-0.010280124,0.0012550046,7.625106e-05,-15.306794,-0.08522433,0.0037857771,0.009505281,-0.11682147,-0.016998818,-0.0050104437,-0.003315527,0.0032400265,0.020576283,-0.004147553,-0.007323292,0.0031225216,1.7097627e-06,0.002072779,-0.00089899456,-0.00020357742,-0.0030485555,-0.0059285746,-0.050527647,-0.0040857308,-0.06808487,-0.021994725,-0.0019275544,-0.010119,0.0035087217,0.0099273,-0.3087129,-1.2317687,-0.11733139,-0.039838694,-2.3012993,-0.056865226,0.01677993,-0.018833073,-0.00024212863,0.023602033,-0.5848578,-0.0015922999,0.0035733813,0.017361023,0.003015618,0.0032058745,-0.0032713087,0.013571697,0.12697226,0.04076957,-0.060884643,-0.0021839153,-0.02019625,0.46464205,-0.00033599976,0.18302959
-0.00061830605,0.0150903305,-0.015925778,0.003822985,-0.0047980356,-0.009651666,-0.00016934032,0.0035685615,0.001654518,0.025526276,-0.010116182,-0.03480185,-0.003822094,-0.00074588053,0.01822532,-0.0016663184,0.00013842969,-2.9863896,-0.059031453,-0.0020707985,0.009571513,-0.0019169741,0.009168685,-0.008882956,-0.005053013,-0.0038473108,0.019031717,-0.0013676077,0.0063528363,0.0016688639,-0.0003654947,0.013300319,-0.018684205,0.011155575,-0.0023007866,-0.008482571,-0.0032271964,0.001702657,-0.07719069,0.009384941,-0.0030805233,-0.0037938938,-0.0008214248,-0.002210689,-0.20056954,-1.0198325,-0.40725377,-0.029778365,-0.8269008,-0.059600823,0.0045969733,0.009421107,0.011392059,0.006142143,3.7097454,0.0064834477,-0.0020617733,0.01768357,-0.002151845,-0.012472685,0.008401274,0.010428107,-1.2173082,-0.07020624,-0.090443216,-0.010654268,0.0073846034,-1.1859282,-0.0046424665,-0.27774534
0.0053048497,-0.009733056,-0.010801629,-6.59934e-05,0.012401709,-0.0040344866,-0.009030329,-0.005896883,-0.0059636952,-0.062147137,-0.007711041,-0.3520311,-0.0018202715,-0.0021574004,-0.011608157,0.0015187366,7.396944e-05,-16.314762,-0.11284827,0.00322464,0.009876349,-0.027595537,-0.01075826,-0.006006512,-0.00069659913,0.0038008527,0.002412768,-0.0055569666,3.4319626e-05,0.00053604285,-0.00044442422,-0.0028043631,0.00763472,-0.0035368237,-0.0048515727,-0.007503018,-0.03847541,-0.008940607,-0.079077244,-0.05696176,-0.0031997578,-0.004171371,0.0017144448,-0.0017152529,-0.34310356,-1.2712964,-0.13313413,-0.048161965,-2.2397652,-0.06824757,0.011186104,-0.0275052,0.0063825417,0.009005732,-3.2738554,0.0038890324,0.002871086,0.006333195,0.0024498028,0.0027364816,-0.014359202,-0.0010838181,-0.7324517,-0.0040877606,-0.06938856,-0.011329795,-0.014927452,-0.43032125,-0.00030762164,-0.09540197
0.00015583253,0.0054233368,-0.0100743715,-7.432849e-05,-0.016920853,-0.005429218,-0.025099717,0.0009714461,-0.012977799,-0.0020689203,-0.00062316883,-0.42300877,-0.0013576964,-0.009060598,-0.013127156,-0.0070971153,0.0029260288,-16.501978,-0.075045995,0.0033729523,0.0013854271,-0.0465862,-0.021058671,-0.020074427,-0.000489982,-0.01458809,-0.046947278,-0.014488169,0.005414238,-0.013246267,-0.010405478,0.006918385,-0.002336465,-0.005998903,0.026277486,-0.023888692,-0.036486376,-0.00053879083,-0.0612589,-0.06804729,-0.005946649,-0.0017356003,-0.00056393846,-0.008662127,-0.4007743,-1.6904861,0.11678951,-0.058470886,-2.4089131,-0.059858475,0.013269463,-0.0033629718,-0.0067344317,-0.02897688,-6.4112935,0.0013191416,-0.004558213,0.0072806505,6.031476e-05,0.0041677626,-0.008448708,0.0059718927,-1.6814307,-0.2948066,-0.08201217,-0.010842494,0.0021612463,-1.1634469,0.0002820344,-0.17670283
0.0075335563,-0.009194093,0.0065408517,-0.00010563558,0.0020138384,0.0026385344,-0.0072806245,0.0013824498,-0.0019267786,0.022196656,-0.0064247893,-0.10424245,-0.003062755,-0.0015650649,-0.013282758,0.00020572249,8.4731306e-05,-15.125029,-0.08269718,-0.010063121,0.0025905487,-0.08972319,-0.013652536,0.003706943,-0.0028249423,-0.0052762073,0.016443629,0.007456467,0.0015768281,-0.004480987,0.001004304,0.0024520438,0.0019750388,-0.0055279993,-0.012660665,-0.0054370123,-0.016330842,-0.007633285,-0.089837626,0.029328045,-0.0024618786,-0.00064330583,-0.00036820894,-0.0026828453,-0.26383466,-1.0135216,-0.49616456,-0.0025653555,-1.2629297,-0.03969918,-0.010203232,-0.0067343847,-0.001737293,0.0061601317,-1.4426076,0.0005557487,-0.0029854272,0.011157076,0.0036365783,0.0029014484,-0.008838573,0.007940449,-0.4133946,-0.046555378,-0.07447269,-0.0032594507,-0.01622809,-0.20606825,-0.0027071305,-0.09535672
-0.004376547,0.013066592,-0.01191157,-0.00013034335,0.022810074,0.0029988233,-0.04156889,-0.005390138,-0.002245084,-0.07155866,0.006051425,-0.56929314,0.00083121425,-0.011382665,0.0053402125,-0.0023264247,-8.5727705e-05,-15.597486,-0.039348707,0.006598399,0.0060282396,-0.020439079,0.018309897,-0.0037160479,-0.00012411736,-0.011960417,-0.04533924,-0.0010006789,0.004744076,-0.02642475,-0.010056467,0.002589787,-0.0055760425,-0.00278795,0.033833586,-0.016637715,-0.059229687,-0.008658046,0.07621477,-0.08195188,-0.005890659,-0.006019767,-0.01151801,0.0051828115,-0.43624294,-1.4793302,0.29119402,-0.058696046,-1.1122675,-0.0066856146,0.010970129,-0.019089349,-0.00094064116,-0.014158897,-2.3659196,0.006451594,-0.0035816194,0.019702934,0.0015984646,0.0020080947,-0.039013755,-0.0040696217,0.0022458746,-0.51361686,-0.053374317,0.004369645,0.01832874,0.11042818,0.00053933274,0.041969016
-0.008560304,-0.003621023,0.0029579897,-0.00010646181,-0.0123098735,0.001008576,-0.005922399,0.0030786563,0.000295309,0.016203066,-0.0015624138,-0.27261484,-0.0012769757,-0.00032536837,-0.0076676123,-0.00065272173,8.1319005e-05,-19.345049,-0.110567346,0.0016055222,0.005342325,-0.06499585,-0.01936798,-0.0015100655,0.008178248,-0.007667636,0.014953125,0.007125277,0.0034748684,-0.005375834,-0.0017606455,0.0056675347,-0.010426197,0.00913669,-0.0030029237,-0.011306078,-0.03442673,0.014633844,-0.086279,0.0061215074,-0.0008485208,0.03537128,-0.0045237094,0.001544148,-0.29154888,-1.2253042,-0.500172,-0.019018127,-2.717547,-0.0066773593,-0.013358399,-0.017175445,-0.0027447664,-0.021297997,-9.991405,0.0025131823,-0.0029609345,-0.052485935,0.0014031616,0.0051552705,-0.03562765,0.0055543166,-0.36135677,-0.049183495,-0.07435379,-0.007922597,0.022870598,0.0002096383,0.012008868,0.04063879
-0.07558168,-0.0821116,0.024686031,0.0003607666,0.003082687,0.033272244,-0.008143301,-0.003668462,-0.0065218536,0.023011932,-0.0062306514,1.3673849,0.0662121,0.0045542405,0.04808013,-0.009158746,0.0005903315,3.486586,0.001286252,0.016706865,-0.0018567555,0.058334198,0.107154556,-0.017053017,-0.008252474,-0.03026218,0.00044400367,0.010447566,0.024862703,0.014031221,0.0069979173,0.029204724,0.05490874,0.0007556662,0.15078701,0.025206484,0.22322874,0.14035161,0.25998992,0.26646113,-0.027146501,-0.006750688,0.012521844,0.011425997,1.8756561,7.340023,0.7855759,0.39035058,1.7956632,-0.023860643,0.04539101,0.003008793,-0.0038860727,-0.014475194,2.973902,0.021345962,-0.00222375,0.0009005461,0.00555084,-0.029256856,-0.017553806,0.012737185,13.822249,-0.05178653,-0.3261159,0.029239208,-0.017338997,0.031230139,-0.003603949,0.027797865
0.0007006687,-0.008308782,-0.010772303,0.0013287396,-0.0070198756,0.00048150215,-0.007427643,0.0034579546,-0.00019276698,0.027425535,0.008423405,-0.24904151,-0.003132871,-0.001820782,0.008663425,-0.0029913788,6.93094e-05,-16.48103,-0.106588624,-0.012016933,0.010461085,-0.07875366,-0.019785063,0.00033498867,0.004651514,-0.0005247051,0.016991539,-0.0147011,0.006504107,-0.00767456,0.0011276307,-0.0055575906,0.003908431,0.00305791,-0.006727201,0.014282564,-0.013712245,-0.030698586,-0.07400231,0.0054691914,-0.0010829585,0.00090855546,0.0020091266,-0.0044635925,-0.2884454,-1.3960477,-0.24005197,-0.039357517,-2.1698842,-0.05647405,-0.00905532,-0.014336995,-0.009280367,-0.024422916,-3.301207,0.0020702197,-0.0070512905,0.012118243,-0.057151254,0.015412861,-0.0027748565,0.013546563,-0.7685227,-0.06790147,-0.06326804,0.0032226047,-0.07997447,-0.69807816,0.04048609,-0.12092955
0.005404374,-0.023029001,-0.0026541108,-0.00019448472,0.002254746,0.002842172,-0.007681413,-0.0016684395,-0.0005076854,-0.0022482085,-0.008961948,-0.2910692,-0.000791854,0.014610795,-0.01246442,0.00048209904,-0.0001258739,-20.366257,-0.09626724,-0.0066452525,0.014078276,-0.093356594,-0.011022043,0.0014889021,-0.00013668838,-0.0035230946,0.023293454,0.010399198,0.0049829422,0.00035724934,-0.00016458033,0.011769894,-0.0010676461,-0.0036342891,-0.0012544475,0.0011619065,-0.045493476,0.010438054,-0.07855084,0.025763283,0.003226389,-0.0059041916,0.0036840632,0.003763839,-0.28573897,-1.2740111,-0.48183492,-0.031530328,-2.8232682,0.00459178,-0.010760717,-0.06462414,-0.004851704,0.0018926299,-11.935781,-0.0012912819,-0.003475319,0.005210912,0.0018036176,-0.0032122743,-0.056535065,0.0022588156,-0.06303,-0.037019677,-0.10576905,0.002217963,-0.0141031705,0.10742081,-0.00039897126,-0.03936922
0.010572365,-0.008125921,-0.0039257626,-0.00020968166,0.00029188933,0.0102437185,-0.0019524805,0.002777797,0.009279387,0.030189987,-0.012417319,-0.21869074,0.00010218031,0.0065742168,0.00262955,0.0012107018,4.2853917e-05,-14.922571,-0.09020733,-0.012270541,0.0052203704,0.036211535,-0.004954954,0.020641774,-0.008463275,0.0006150305,0.016267074,0.0037785578,0.013165639,0.0053435983,-0.0007128954,-0.0048905755,-0.026810912,0.0063600205,-0.0005853048,0.104218654,-0.006575296,-0.006684988,-0.05311484,0.024344275,-0.0015185677,-0.006700848,0.008377347,0.001039042,-0.25867486,-1.2683655,-0.37009832,-0.021539705,-1.3170608,-0.0548184,-0.017794078,-0.007431383,-0.0007691481,-0.0062532094,-1.6932682,0.013912222,-0.00039711827,0.016717218,-0.034552254,-0.031270288,-0.015743142,0.016479472,-0.7846142,-0.04250177,-0.068345726,-0.026231825,0.018265013,-0.31984407,0.007966605,-0.102638975
0.20258817,0.24040876,-0.04319975,-0.0007957742,0.005052525,-0.018468745,0.026047323,0.012127361,0.043659784,0.13528919,-0.08591112,0.18017447,0.120922215,-0.0068114605,0.011920554,-0.016081689,0.00028121017,34.34958,0.02113073,-0.001274934,-3.5157136e-06,0.57801664,-0.0008658883,0.029597986,0.011418306,0.001418267,0.04339671,0.025776796,-0.009250085,0.026833804,0.022480313,0.020820217,0.03437877,-0.096413635,0.0024147395,0.1925819,0.5393258,-0.013481967,0.25895697,0.013957147,-0.039854772,-0.004859728,-0.005214099,0.012358591,1.305627,14.191621,4.227384,0.13308494,3.90276,-0.045160167,-0.0040006386,0.02613238,-0.006774794,-0.027986465,2.601665,0.030021004,0.009315719,-0.01041142,0.009655298,-0.020025656,-0.049301405,-0.0026324622,3.6498563,0.74605507,0.51023954,0.00807368,-0.025929676,0.13267514,0.005931964,0.04246248
8.7136985e-05,-0.0047675828,-0.009384962,-9.322293e-05,-0.00043287195,-0.002282863,-0.0058643515,0.0013653114,0.0017764791,-0.014553495,-0.0023652208,-0.2944182,-0.0025493165,-0.00033681662,0.0006981483,0.00012594098,8.4731306e-05,-18.293242,-0.10266263,-0.0074441643,-0.008169951,-0.024560064,0.013345898,0.0014200355,-0.0043972232,-0.0008831696,0.01843061,-0.0056661502,0.006341946,-0.005966968,-0.0002937721,0.005372552,0.0023959365,-0.0007225931,-0.0031565963,-0.0072149867,-0.037426908,0.011238267,-0.082462385,0.0029724422,0.002402223,-0.0010799549,0.00015905855,0.0018544361,-0.29632983,-1.1468843,-0.4740121,-0.035773028,-2.534596,-0.055010285,-0.01187196,0.0067594443,-0.004842638,0.0008307228,-7.598405,0.00032785832,-0.0014330058,0.0059710895,0.0002960446,0.0048173824,-0.053726383,-0.008040295,-0.35548705,-0.05404319,-0.07276944,-0.007924564,-0.009578081,-0.2170776,-0.0009041146,-0.08416759
0.005251785,-0.002654079,-0.0012022145,-4.9913073e-05,-0.006402319,-0.0008584586,-0.0016696352,-0.004984468,-0.008888702,0.005733609,0.0010049982,-0.29186556,-0.0017142456,-0.0016866014,0.0024598897,0.0025121185,7.9364574e-05,-18.197874,-0.10628177,-0.004189981,0.009034445,-0.10576228,-0.010788784,-0.0027163178,-0.0022016477,-0.0054460764,0.019979348,0.022509998,0.004257346,-0.000886793,0.00027981657,0.0042432304,0.004056652,-0.00359987,-0.012558474,-0.0063639483,-0.033534076,0.007378984,-0.09038229,0.007990827,0.0062594,0.00093852077,-0.0026462097,-0.00082219404,-0.29386988,-1.1068364,-0.4821967,-0.03557948,-2.5233252,-0.006337465,-0.012109643,-0.061349105,-0.004576989,0.0016520984,-7.408397,-0.00019947457,0.0018075544,0.002346785,3.0688458e-05,0.011727846,-0.03351744,-0.006426138,-0.33009797,-0.04757306,-0.0740563,0.0044848793,-0.08254262,-0.031467054,0.030441992,-0.02297385
-0.011850469,-0.01015069,-0.0050096344,-0.000161785,0.0018336999,-0.00049143325,-0.016020594,0.0038710847,0.0010144028,-0.028265364,-0.0054420843,-0.29010627,-0.0025748063,-0.00097230077,0.004741649,-0.00021451653,8.303296e-05,-16.54207,-0.106795326,0.00312564,0.0017585834,-0.024173435,-0.010990956,-0.0037010568,-0.003598124,0.0033658296,0.01408628,-0.004352474,0.008171671,0.0047333296,-0.0036552334,0.0049546803,0.002930731,-0.0024219959,-0.0076179625,-0.007979338,-0.03521494,-0.004444409,-0.08153185,-0.026480678,-0.0069731106,-0.0006554258,0.0044410243,0.0026339656,-0.29132932,-1.245622,-0.32417634,-0.044941816,-2.2424183,-0.05741703,0.012899958,-0.012980761,0.0061949943,0.011419705,-3.6150727,0.004516965,-0.000871883,0.011483082,-0.0031002704,0.00033670128,-0.010799411,0.014552802,-0.30478713,-0.013240466,-0.07205181,-0.008174701,-0.016369838,-0.050704464,-0.004183484,-0.041356117
-0.013875547,-0.023793515,-0.0025049816,-0.0009835981,0.013318315,0.0024455904,-0.004960816,-0.0022117712,-0.006180588,0.035577714,0.005908982,0.19490203,-0.022108562,-0.005823099,-0.023339875,-0.022492554,-0.00034960316,21.741568,-0.012294027,0.010683499,0.063422784,-0.027734237,0.032079816,-0.0145306485,0.0058261296,0.012721118,0.019297753,0.02780343,-0.0098712295,-0.0020752577,0.0067361724,0.003992853,0.0020679792,-0.0016196559,-0.025245398,-0.004537331,-0.0072934385,0.019877203,-0.08749478,0.04506726,0.0037129468,-0.019976178,0.007952416,0.0058219163,-0.123109765,-0.86057967,-0.43997955,-0.019818971,3.0560179,-0.028464625,-0.0014376673,0.02073859,-0.010189775,0.006836495,11.681812,-0.0045664962,0.0040413444,0.008365371,0.00022054961,0.008014406,0.00066771026,0.028790116,2.5111542,0.060263555,0.28215444,0.11853884,-0.015689349,0.75207883,-0.03302616,0.33324108
0.008711341,-0.0069053383,0.028742602,-0.00016407826,-0.009490913,0.0007346835,-0.013202356,-0.009638982,0.00858394,-0.07222772,0.0011584447,-0.55526125,-0.015153997,-0.0029561957,0.012272764,-0.0016830827,0.00024173592,-3.01853,-0.041122857,-0.022397196,-0.015200522,0.008548854,0.02714727,-0.0007794409,-0.033290893,0.005005905,-0.0016133562,-0.0010551409,0.016083518,-0.0015902768,-0.010551684,0.012933757,0.03861639,-0.005964342,-0.0006580377,-0.0068387883,-0.03893606,0.023599546,0.14559098,-0.04336293,0.0018767217,-0.019280715,-0.003345342,0.006506744,-0.53110886,-1.8280711,0.21765403,-0.034776293,1.5179615,-0.09959413,-0.03315337,0.0012597782,-0.023610698,-0.054271672,-7.751669,-0.0050320188,0.011409567,-7.182227e-05,0.010370151,-0.02227258,-0.0322359,0.0071120313,-8.087273,-1.1187896,0.009526441,-0.0028178238,0.0037347004,0.42247155,0.008125176,0.073615395
-0.101511545,0.0008220509,0.01857517,-0.0001478975,0.014396638,-0.0053676004,0.022022866,0.012246415,-0.005722206,-0.065013394,-0.010464393,-0.6307284,-0.00024908612,-0.0033505522,-0.013707128,-0.00908401,0.00030516097,-13.080666,-0.03741273,0.012402896,-0.026146265,-0.08916673,-0.0021523305,-0.005461227,0.0018318314,-0.0031070102,-0.071241446,0.0018191035,0.0048854467,-0.0028593217,0.086318426,-0.006248759,-0.007183335,-0.0029010987,-0.05368077,-0.010187651,-0.066223666,0.032556664,0.030396992,-0.10295287,-3.946032e-05,0.0069654365,0.0028888157,-0.011251882,-0.5381474,-1.7861488,0.19042772,-0.058470685,-1.1832409,-0.048457805,0.0047724424,-0.017135385,0.005812464,0.012182403,-9.876406,0.019378198,-0.0054366305,-0.18056275,0.008208566,-0.011243235,-0.05430166,-0.00370677,-5.1048875,-0.643566,-0.04694382,0.0083183795,0.012510967,-0.16432111,0.010471662,-0.065274306
-0.037662238,0.0285097,-0.027220389,-0.0008042241,-0.0096441535,0.017541522,0.025660804,-0.060541585,0.0024855959,-0.023718607,-0.004286143,-0.8357533,-0.005458978,-0.003268999,-0.006843826,-0.0041739927,0.00024286706,-10.131107,-0.05050014,-0.00014154469,0.0058129434,-0.0012115177,-0.010253257,-0.0621683,-0.039607875,-0.03395327,0.010040613,-0.01482396,-0.03074131,-0.0087526245,-0.040447835,-0.009198932,-0.010670307,-0.046825226,-0.0279354,-0.01337107,-0.03975952,-0.31812322,0.20705688,-8.3476734e-05,-0.03929753,0.02302263,-0.07422321,-0.00437287,-0.38369963,-1.4582859,0.21390027,-0.09337371,-3.1978447,0.014052691,-0.05200038,-0.031618383,-0.0045271744,-0.021965526,-8.711034,-0.027593723,-0.03483676,0.02420673,-0.06359805,-0.036882807,-0.074746445,-0.006447711,7.128211,0.85577273,-0.057767935,0.010004613,-0.058602925,0.041330136,0.001660861,0.082350634
0.051326312,-0.001517977,-0.015823731,-0.0016039833,0.0098612495,0.0131953675,-0.0071487054,-0.0034080944,0.0023671316,0.049539432,0.009758297,0.50831866,-0.027201336,-0.006035441,0.010122564,-0.0007161573,-0.0018176943,14.608684,0.005089946,-0.02389037,0.016817506,0.04933275,0.027424036,0.008054621,-0.02838246,-0.0003809689,0.0159637,-0.015331364,-0.01382984,0.0016642103,0.0035507085,0.010415675,-0.013605701,0.011149992,-0.037454624,0.043331895,0.027576596,-0.02090504,-0.31105033,-0.065885544,0.010037013,-0.008104738,0.011605574,0.0042601414,1.0449789,-1.0106426,-0.9778144,0.04999007,2.7255893,-0.024843713,0.000114793555,0.015201394,0.0023481075,0.00395859,9.850541,0.0024118326,0.0046183723,0.022956612,-0.00019940987,-0.0025308356,0.006898587,0.01993117,0.43998858,0.10350738,0.0027039028,-0.011119692,-0.012457096,0.06426442,-0.0128289,-0.09834212
-0.12733063,-0.027734919,0.006140786,-2.3216724e-05,-0.03374307,0.0029648724,0.022069372,0.0042913137,0.02539241,0.15863627,-0.005956741,1.1078528,0.09096223,-0.010913586,0.018729404,-0.0061293817,0.00047101825,4.13709,-0.02769173,0.0034977666,-0.0004582461,0.014670627,0.020718582,-0.011462561,0.006100998,0.0035800913,0.045085736,0.0027845874,-0.0013716614,0.010641378,-0.080208875,-0.013003319,0.014869411,-0.009871534,-0.031170452,0.14292234,0.506472,0.09578146,0.1869303,0.021041887,-0.036502413,-0.039765913,0.013813094,0.005418577,1.3732146,9.297418,1.2521636,0.12736319,1.4467884,-0.03412921,0.012190953,-0.009441285,-0.00095527136,0.0068833795,1.53815,-0.013073601,-0.018380037,0.010315796,0.0038631738,0.082783446,-0.0105844075,0.010428241,17.371027,0.86453587,-0.53773206,-0.057617314,-0.019891413,-0.0022652342,-0.0014507646,-0.03830492
0.051125012,0.015903516,0.037498936,-0.00069980894,0.017240291,-0.012830702,0.018878639,0.010638507,0.0027988951,-0.33318478,-0.020259107,0.20991704,-0.043229923,-0.008191447,-0.046061058,-0.014142776,5.4938413e-05,17.149227,-0.21750894,-0.026639903,-0.021117074,0.026129004,-0.015962819,0.06570377,0.02110971,0.072543256,0.0189026,-0.009876934,-0.038390223,0.001954877,-0.008300805,0.005022948,0.0038467497,-0.14033665,-0.021379441,-0.0026982813,-0.095014706,-0.346457,0.19755392,0.018671645,-0.020187866,0.009060722,-0.063543305,0.013772747,0.92135555,6.8286705,0.6192418,-0.10208635,2.7196763,-0.2043545,-0.040301118,0.044090677,-0.017563796,0.11302071,-8.423695,-0.024313826,0.021622622,0.010472871,-0.005387773,0.01922439,-0.15960738,0.028240036,0.75570697,0.39261806,0.7624074,-0.014945884,-0.073050015,-0.0036533887,0.01822147,-0.027032753
-0.014209512,0.0059792404,-0.021366114,-0.00010140025,-0.0110556325,-0.0018995899,-0.012808988,0.012155994,-0.01936265,-0.049289133,-0.011060994,-0.5216274,-0.00047125883,-0.0008604711,0.019084243,-0.001115273,-0.0007196721,-15.465175,-0.10237921,-0.013688312,-0.005883212,-0.034966543,-0.030575376,-0.007857282,-0.0038723631,0.003320398,-0.05022136,-0.0044019027,0.013389601,0.001102236,-0.0021904618,0.010222061,0.01666404,-0.0010494652,0.013511216,-0.017272655,-0.055149715,-0.0074233892,0.05020172,-0.12079368,-0.0047182315,-1.7002923e-05,-0.008684337,0.0021114822,-0.41139132,-1.5385205,0.15268861,-0.07231229,-2.17147,-0.06252722,-0.0013070628,0.022021065,0.0083864825,0.009450524,-3.3269725,0.004281806,0.00051000976,0.02597791,0.0048402,0.012332029,-0.034347147,-0.002370991,-1.2479687,-0.020906985,-0.03260369,0.0029771961,-0.026592385,-1.0548037,0.005107527,-0.16864076
0.024695884,-0.02309938,0.008620086,-0.00021480741,0.0070605413,-0.012225261,0.17100433,0.020425579,-0.018488796,-0.098892264,-0.00078274834,-0.5916677,-0.0031850536,-0.0026627174,0.019948764,-0.0021835016,0.00036850048,5.518306,0.016615592,0.01566639,0.028082492,0.0243037,-0.00031506622,0.0043026535,0.33170044,0.0035467506,0.101148255,-0.0038862952,0.010690613,-0.0009887118,0.020394213,-0.0066345874,-0.020331616,0.013426265,0.0029903082,-0.016847894,-0.06430087,0.061869822,0.032719433,-0.0111919595,0.0066529056,0.0035853032,-0.005769051,-0.010771597,-0.7177329,-1.4430144,0.088583685,-0.025108034,1.9151329,0.04370444,0.021441452,-0.046335507,0.04981125,0.067576826,-4.774029,-0.007549181,-0.01224004,-0.10680608,0.0048891883,-0.025758738,-0.02337898,0.003355117,-12.304047,-1.3947403,0.049312416,0.0050980453,0.017684864,1.1033208,0.004297429,0.25216532
-0.045795098,-9.9239245e-05,-0.002452285,-0.00030557232,-0.00026738743,-0.002636262,-0.013648717,0.0025830711,0.00011960279,-0.04543474,-0.0032474454,-0.26256508,-0.014014069,-0.008153506,0.016496718,0.001381394,0.0030554107,8.890759,-0.028892064,0.001096961,0.033470564,0.052795283,0.010634337,-0.008731075,-0.0011724033,0.0030845238,0.024503844,-0.016429884,0.0127023505,0.007773441,0.0015847923,0.0034193313,4.5360277e-05,0.0050674425,-0.008186012,-0.010116146,-0.032649487,0.03859768,-0.06718634,-0.030903215,-0.01074437,-0.0013054127,0.00044014034,0.006790895,-0.268202,-1.0492997,-0.367562,-0.041731868,2.1530287,-0.041472644,0.05346922,0.03226714,0.007718264,0.007918047,3.9101105,0.0020757632,-0.0023228386,0.02169046,-0.0023591542,-0.011324774,0.004885662,0.010254787,-1.9657307,-0.1392961,-0.025063198,-0.02249802,-0.01616246,-1.0430456,-0.0049522878,-0.27125156
0.0021010782,-0.018593589,0.020590179,-0.0010943139,-0.00059721776,-0.0011703905,-0.0045566545,-0.013960862,0.0036919455,0.024053738,-0.002293869,0.04127597,-0.0028257067,0.007955128,-0.0012177853,-0.00025987194,3.311536e-05,0.059321467,-0.04195843,-0.0006468362,-0.0020097527,0.0067079314,0.002566054,0.028684232,-0.006862523,-0.012649201,0.0048182025,-0.00948402,0.0020537989,0.0070609045,-0.0013088549,0.004644137,-0.016038464,0.007351434,-0.003539454,0.0036868867,0.001332621,-0.029304164,-0.02937692,0.03592015,0.00050819333,-0.0038275304,-0.00083112385,-0.003402708,-0.13470952,-1.276813,-0.33074543,0.032815147,1.3500996,-0.04335984,0.003518424,-0.008810664,-0.01281751,-0.009681164,4.0604873,0.003102851,-0.0062120757,0.025700029,-0.10345021,-0.006472005,-0.019261437,-0.009301955,-0.76144505,-0.07270703,-0.044082038,0.007986598,0.004615969,-0.8269729,-0.011925748,-0.10842769
0.00063729234,-0.0072092204,-0.0039791567,-0.00014159782,0.0023721997,0.003891913,-0.0066301804,-0.004262598,0.002234576,-0.033497777,-0.003135148,-0.4837917,0.0011089015,0.01340098,0.005064095,0.0003418938,-0.00013776803,-19.103065,-0.09431588,-0.013689294,-0.016997756,-0.103203975,-0.018631047,0.006547575,9.3954164e-05,0.0053075,0.021415886,0.006905315,0.00882693,0.0019658047,-0.003534087,0.008544,0.0023978765,-0.0043342225,0.003438282,-0.008650708,-0.08479138,0.014325483,-0.090561956,0.009176715,0.00014242606,-0.0013534524,0.0039407364,-0.0034359728,-0.3327382,-1.4158664,-0.35492545,-0.041678373,-2.5557725,-0.0056873737,-0.033960648,-0.03255083,-0.0010833449,0.010288821,-8.457925,0.001843672,0.011997181,0.0052727982,-0.004776223,9.197539e-06,-0.06078934,-0.0067096623,0.92795956,-0.018819215,-0.06916865,0.007302823,-0.03423297,0.39630538,-0.023053031,0.14421222
0.0006043184,-0.009093256,-0.0070670964,-0.000832149,-0.0037786765,0.012403889,-0.01902937,-0.0035593137,-0.001589824,-0.06650618,-0.012051883,-0.45970485,-0.0018183812,-0.002413597,0.0044376906,0.0020584173,7.118717e-05,-21.333027,-0.109117165,-0.010000913,-0.010731871,-0.09525498,0.06237313,0.032434292,-4.8267535e-05,-0.005578906,-0.047397275,-0.016347993,0.0046616304,0.0053141573,-0.0014541687,0.0036888325,-0.008190229,-0.033530552,0.0013932723,-0.008861175,-0.05771594,-0.010012091,0.06081798,-0.08405967,0.0013919979,0.00618917,-0.008618134,0.0040132757,-0.3499418,-1.644449,-0.1436353,-0.04750523,-2.8338516,-0.00930208,-0.0024185732,-0.06451875,-0.0042013056,-0.012990609,-14.057589,0.0044200933,0.030872287,0.0017187038,-0.047573775,-0.014249178,-0.080733284,-0.008148997,-0.3338242,-0.0066098063,-0.05356488,-0.014866085,-0.00026534626,-0.12549548,0.023181945,-0.051524382
0.0069797337,-0.011763313,-0.012121008,-9.8152086e-05,-0.010898981,0.0071436362,-0.011364058,0.0054885973,-0.012015389,-0.025946936,-0.0055859853,-0.25251967,-0.0026134374,-0.0018567538,0.0038880655,-0.000324022,-0.0015514861,-3.594919,-0.06566506,-0.002278613,0.049685277,0.040778775,0.0058737188,0.025409143,-0.002912476,0.0010225975,0.018204391,-0.018705107,0.0057784505,0.0066958372,0.0032519575,0.0023502768,0.011399909,0.0002797919,-0.018752495,-0.011430368,-0.029294457,0.022173857,-0.07328558,0.004912603,-0.0017517993,-0.0052685393,0.0029542877,-0.012468689,-0.2629148,-0.9981157,-0.39384085,-0.034178685,-0.86970687,-0.061058614,-0.01165594,0.008876484,0.0069990167,0.00708309,2.2546985,0.0024993778,-0.0016800531,0.011549929,0.00018511579,0.0030363887,0.007324342,-0.006438209,-1.9228542,-0.23197235,-0.08432704,-0.02121594,0.011381355,-1.4607551,0.021091381,-0.23879775
0.0016410542,-0.0054364763,-0.015046942,9.814899e-05,-0.01702293,0.008188078,-0.024854422,0.003733809,0.0014570266,-0.050281633,-0.00693133,-0.29120576,-0.0016686276,-0.0016939656,0.012423884,0.001076903,7.8441866e-05,-16.225397,-0.10312376,-0.009174018,-0.01735363,-0.08672744,-0.007571377,-0.0073927445,-0.00091938814,0.003982227,0.016486175,-0.005599776,0.00018341091,0.0011762261,0.0019521598,0.0028985008,0.0027492205,0.00022911912,-0.0025416084,-0.005284344,-0.033232145,0.003668697,-0.07761339,-0.06836312,-0.0021365562,-0.0019575367,0.014443251,0.0061102808,-0.29920977,-1.0648382,-0.3158763,-0.04920606,-2.2241013,-0.053620525,-0.009592643,-0.0523489,-0.0023197827,0.012184767,-2.6157982,-0.0010857751,0.00712301,0.0163465,0.0019748975,0.0014555594,-0.039601654,-0.0076138424,-0.30125508,-0.0043226206,-0.06416824,-0.0019402773,-0.018378766,0.13781537,0.0067654583,0.06113024
0.0031244727,-0.0020106274,-0.00067515625,-0.0001238813,-0.0193006,-0.011481101,0.00025472202,-0.014860816,-0.08370099,0.09842126,-0.01748742,0.028880497,-0.0072760046,0.015860254,-6.398406e-05,0.0028235407,-6.592405e-05,-17.835676,-0.10862174,-0.0072625787,0.020668307,-0.037217405,-0.012249313,-0.017846813,0.0084725,0.0057010823,-0.036936287,0.0010224046,0.00059176673,-0.024515508,-0.0017817039,-0.0033245108,-0.012521397,0.0058844574,0.007905374,0.0051750364,0.05337396,-0.0041065607,-0.08435812,0.007447049,0.04050074,0.0077047623,-0.012352059,0.0007718471,-0.013868794,-1.1515017,-0.6284603,0.026152497,-2.673598,-0.059101515,-0.012778135,0.024286587,-0.011852926,-0.0139002465,-5.660959,-0.005136497,0.0076436913,0.031142317,-0.0053447834,-0.0041429163,-0.050836794,-0.008952446,-0.8524042,-0.07885151,-0.06675578,-0.016937394,0.024107473,-0.27951702,0.024471907,0.0426597
0.0028308798,-0.016427461,0.007864174,-0.0003627205,-0.013513096,-0.0030027658,0.022845589,-0.0113439765,-0.0004846601,-0.018219102,-0.008729834,-0.21684381,-0.008103747,0.011949793,0.023061777,0.0005008718,-0.00018287264,24.291761,0.013514712,0.01278943,0.0059488732,0.057489716,-0.002771443,3.691228e-05,0.0005386869,0.0065964162,0.019323202,-0.031000435,-0.015770799,0.009270257,-0.0015946203,-0.012008923,0.0014042205,0.0029939036,-0.004409948,-0.007260742,-0.026869392,0.01435653,-0.0548686,-0.027239928,-0.0048739347,-0.005090076,0.0019020607,-0.005034284,-0.23316859,-0.9322024,-0.3170769,-0.029001046,3.175369,0.005142798,0.023651574,0.009938925,0.0040974845,0.018598333,11.125585,-0.0021017827,-0.0012555103,0.05750579,-0.012979375,0.0017620784,-0.009833469,0.010696747,0.7436954,0.04091712,-0.05939836,-0.009427757,-0.033460647,-0.77864087,-0.0013482439,-0.32179624
0.013294986,-0.010522443,-0.004702355,-0.000111333124,0.0024195015,0.002948849,-0.0074748844,0.0010231645,0.003909921,0.0035566352,-0.003339178,-0.23697257,-0.0020061897,-0.0013033311,0.0009428475,0.0004761766,8.822652e-05,-12.781946,-0.093988866,-0.013298556,0.005043592,-0.051872052,-0.015407348,-0.002288971,-0.00589414,-0.005402738,0.009935319,0.0082687475,0.0064549926,-0.0061755953,-0.004133878,0.0045319735,0.00014424363,-0.0033140876,-0.01354531,-0.005504305,-0.02241389,0.0052880896,-0.079095215,0.02648476,-0.0036921054,0.00031138633,-0.0091725495,-3.0068113e-05,-0.2564011,-0.91756946,-0.4486877,-0.020366061,-1.2606493,-0.053535115,-0.014356618,0.01934553,-0.0023735457,-0.008653797,-2.0195582,-0.0003078006,-0.004449073,0.019242702,0.0011168702,0.0049125436,-0.04081902,-0.0037747947,-0.3835832,-0.0191159,-0.07734363,0.0027194258,-0.01750508,0.18500759,-0.0027124167,-0.0567939
0.048430327,0.0011502963,0.007475199,-0.00019100752,-0.012358778,0.025489457,-0.014009957,-0.003463936,0.0024065627,-0.07042251,0.01116636,-0.64502203,-0.011282378,-0.00052288437,0.0017968835,0.0003086894,0.00051587704,7.755874,0.018567337,-0.07549907,-0.03219728,0.052208036,0.02681154,0.02945386,-0.022869157,-0.0063439044,-0.008013932,-0.0019730343,0.012896991,-0.01904375,0.0027956518,0.023768617,-0.015291926,0.025006335,-0.02573906,-0.021810448,-0.07766352,0.045780446,0.09956037,-0.13934132,-0.007073955,-0.018358529,-0.017003933,-0.00026719313,-0.99333096,-1.6872779,0.32309157,-0.064263165,1.9834068,-0.008482988,-0.0013741248,-0.04771802,0.0056309863,-0.055266984,-7.703074,-0.010169964,-0.039974447,-0.0382996,-0.002431027,0.0013133406,-0.032264676,-0.091140226,-14.9366,-1.6174631,-0.13689484,-0.0150435595,0.03887439,-0.14467414,0.018874375,-0.09023074
-0.059715986,0.032985058,-0.028698971,8.882675e-05,0.0033181654,-0.0014503136,0.04040263,0.017733084,-0.013332039,-0.19656926,-0.041410472,-0.15519217,0.0029141395,0.026855508,-0.020884158,0.0047315513,0.00026494183,-4.497984,-0.076106176,-0.0019887076,-0.16097867,-0.105766386,-0.017760811,0.0041861837,0.004464574,0.008777598,-0.086921,-0.030262327,0.009715168,0.0067091146,0.030784411,0.019794235,-0.0054052966,-0.05910078,0.01291045,-0.04168301,-0.15052874,-0.0032215896,0.3709075,-0.21783088,-0.022207232,-0.020237314,0.0049352795,0.012889364,0.18976612,4.1731906,0.61972445,-0.16223858,-1.4588177,-0.019921614,-0.014299926,-0.10799294,-0.027190583,0.13851243,-12.750951,-0.012893651,0.009561014,-0.1887045,-0.0017157673,-0.022538519,-0.05242643,0.008276317,-3.058716,-0.089469865,1.0879549,0.04279735,0.0033724438,-0.21932095,-0.022924403,-0.07084486
-0.059665,-0.0051924544,-0.0013508596,-0.00018626369,0.0024084707,-0.050730158,-0.004865285,-0.0033766015,-0.0046732933,0.021281593,0.009603895,0.18324482,-0.0009809188,-0.007818041,0.015596765,0.001660156,0.000105792664,24.18684,-0.0039317184,-0.0016549295,0.0104582235,0.049124822,-0.012316108,-0.002128794,0.003356039,0.011267484,0.01595338,-0.003959995,-0.006914027,0.003961379,0.0035127192,0.0010679717,0.0052823084,-0.00686908,-0.0028843207,-0.012762592,-0.017474927,0.019960545,-0.096179396,0.019379979,0.0069915727,-0.0040837447,-0.0018633921,-0.00382312,-0.11310631,-0.9344133,-0.43333358,0.018078908,3.2897048,-0.017950397,0.008132196,0.008466777,0.0016182587,0.0045573968,11.474615,0.0016632698,0.0053284457,0.014940896,0.0066531566,0.0025685,-0.01043641,-0.00614672,0.6434749,0.07841958,-0.059958164,0.005031744,-0.0133462995,0.1757155,-0.0055177324,0.08829549
-0.03387563,0.0089041935,-0.005339823,-0.0001571471,-0.006752114,-0.02224036,-0.003220058,-0.0074081854,-0.086849935,0.0136881005,-0.017723367,0.05578316,-0.011110017,-0.003451398,0.002054861,0.0020082218,6.353258e-05,-19.67569,-0.10398281,0.0052794204,-0.0050208485,-0.024953648,-0.029204445,-0.0039102584,-0.005807344,0.0059689186,-0.04507423,0.0058060195,-0.02225626,0.007186841,-0.01656065,-0.005765001,-0.0092245545,-4.1342748e-05,0.014209412,0.073915385,-0.0069972165,0.004560905,-0.07772897,0.00027105023,-0.008390825,0.00021365652,-0.016279288,0.0015869418,-0.018909752,-1.2811066,-0.68081546,0.036635492,-2.7980127,0.0033455363,-0.017612912,0.013955899,-0.006323429,-0.014769708,-8.92841,-0.0071421172,0.0036252914,0.016588535,-0.019712333,-0.039265346,-0.052704927,-0.0021584467,-0.5353829,-0.049435917,-0.06548891,-0.012266356,0.019318586,-0.16153607,0.03386906,0.021704247
-0.020708948,-0.0018120967,0.00019976377,-0.00011580397,-0.011010693,-0.016232219,-0.007201367,-0.0072056875,-0.06036615,0.01820808,-0.0050026425,0.0063596447,-0.0048730006,-0.007882917,0.015443142,0.0009355323,-1.2031887e-05,-16.668537,-0.098695315,-0.0018131864,-0.011646479,-0.09376556,-0.024264906,0.0026385963,0.011791441,0.007501343,0.016136777,0.010792084,0.002062266,-0.0067301844,-0.0048641926,0.0038560203,-0.012933407,-0.004640423,-0.0058009336,0.067053884,-0.008917412,-0.009155034,-0.09149908,0.03581678,-0.0010322842,-0.0008041527,-0.0011728535,0.004351179,-0.15025926,-0.9863134,-0.6006908,0.009836923,-2.215367,-0.042006373,-0.020030988,-0.048463363,-0.00319089,-0.015534843,-2.5226247,0.0031947445,0.006865288,0.019287894,-0.003712032,0.00345943,-0.03311001,-0.014968405,-0.43779516,-0.047249842,-0.07497343,-0.0038053978,0.013056269,-0.0066880533,0.013542175,0.060878962
-0.05628698,-0.008071202,0.15318254,0.00013010358,-0.05382497,-0.012078605,0.041680254,-0.013207091,0.08652055,0.09729294,-0.06366358,0.7584492,0.16075647,0.0053859907,-0.009928914,-0.028659992,-0.00088365003,25.178944,0.061699107,0.008561582,-0.031080911,0.16155954,0.06327306,0.06732671,-0.005294392,-0.025360322,0.009993302,0.019762246,-0.019942427,0.00507753,-0.0016240248,0.02782293,0.049267266,-0.090402626,0.03346288,0.058982752,0.8614379,0.53826785,0.35771704,0.04236468,-0.0006745377,0.012952739,0.015972206,0.059680484,2.7269962,12.135399,1.2013016,0.041274924,4.106605,0.31141153,0.064843886,0.05631129,-0.0033365332,-0.0012521683,8.898715,-0.037036665,-0.0056283902,0.057188716,-0.013770871,0.045156423,-0.009293812,0.013037441,9.500071,0.66676116,-0.34370223,-0.1989578,0.01424281,-0.5354362,0.01641491,0.000704838
0.016243145,-0.007875534,0.044893857,2.3131532e-05,-0.0007240302,0.014299256,0.009913366,-0.008960424,-0.012074676,-0.052959435,-0.002658039,-0.34967107,-0.0075245816,0.013985754,0.017906487,-0.001724042,9.871961e-06,3.8783495,-0.020813886,-0.0013257501,-0.0066402764,-0.010367623,-0.011172882,0.0026705242,-0.014514518,-0.0027858038,-0.018366372,-0.028578486,0.010015967,-0.003464309,-0.006191155,-0.0003770404,-0.006865013,0.030313332,0.01080504,-0.009053834,-0.027436018,0.01956411,0.19879386,-0.112415515,-0.005349767,0.0013335105,-0.015601804,0.0029192744,-0.35782054,-1.3462753,0.17385677,-0.041811686,1.8624551,-0.031733595,-0.0169626,-0.0072478266,0.0008026961,-0.032646865,4.9213233,0.0042124214,-0.00898161,0.0065599573,0.007039557,0.016035613,-0.0015078969,-0.00096785265,-0.06298569,0.0020920816,0.0006038569,0.011935081,-0.001683101,0.30962566,0.022576148,0.06836466
-0.10401143,-0.0038147557,-0.004269785,-0.00058758084,-0.0047892784,0.00097433594,-0.000511907,-0.019555658,0.003874152,0.010717758,0.0092072,0.55959165,-0.014859493,-0.011198656,-0.02930337,-1.3877638e-05,0.0007680817,27.433037,-0.012678517,-0.012841275,0.004774846,0.06698693,0.03369389,0.02717284,0.008826698,0.0022592642,0.0204637,-0.038263988,-0.0274406,0.0073240013,0.002809634,-0.028636571,-0.02206221,-0.013556663,-0.023324654,-0.03794125,-0.0022441538,-0.24182737,-0.35017723,-0.009989116,0.008226159,-0.010767948,0.0010935259,-0.005022584,1.0510648,-1.1008084,-1.3281091,0.07131078,3.53037,0.036469165,0.014664649,0.024396699,0.0033886996,0.0043279817,13.21025,-0.0065608765,-0.010926036,0.04188845,0.011822637,0.007266921,0.013300566,0.008129794,0.5618226,0.05412561,-0.043969218,0.030541541,-0.0152736055,-0.64165944,0.013048103,-0.19859788
-0.061687358,-0.001922231,-0.0063459617,-0.00047745724,0.0019663034,0.012936514,0.013051234,-0.01335937,-5.6356082e-05,0.045377232,0.036133446,0.8187151,-0.03308959,0.0011191425,-0.021352462,0.010491551,0.0010548529,11.757983,0.008877337,0.014493914,0.001565408,0.024719186,0.056687098,0.024652142,-0.004780218,0.02397021,-0.015926365,-0.0020217549,-0.025992936,0.025284136,-0.006756651,0.02307619,-0.019360747,0.03795248,-0.018971035,0.008675377,0.017441532,-0.010762024,-0.306315,0.046290588,-0.00028568506,0.007365099,0.04248784,-0.0011490901,1.1163284,1.7819053,-1.4229791,0.31036726,2.309875,-0.014270392,0.019562364,0.060815103,-0.0072562136,-0.007760665,7.199247,0.0012653916,0.002688986,0.027099788,-0.0017752986,0.00020392882,0.01852468,0.057970855,4.072428,-0.08192764,-0.041323107,-0.0031822624,-0.03525676,1.0137985,-0.025251294,0.26161966
0.027642371,0.08027637,-0.028715825,0.0007430902,0.044592865,0.0040070657,0.038669005,0.010962981,0.053149115,0.19059889,-0.03087698,0.89439815,0.14729744,0.0012306097,-0.087733045,0.004127359,0.0031570136,21.302261,-0.112895474,-0.0043868865,0.0052396012,0.035463337,0.02303816,0.090588756,0.01267096,-0.006368049,0.035981894,-0.0032337012,0.0040032924,-0.024252957,0.0147645995,-0.0030136663,0.10290694,-0.065735534,0.06412658,0.12800206,-0.013576243,0.10787979,0.24189697,0.031470183,-0.014615526,0.022812633,-0.018625211,-0.017356005,1.6330347,11.36843,1.4011464,0.10391467,2.2659812,-0.010732118,0.03338168,0.0014588846,0.03395542,-0.01650531,0.02102764,-0.001815189,0.0063015018,-0.014420512,-0.004847071,0.010646962,-0.04313592,-0.005574404,9.089306,1.287869,0.81506145,-0.026984314,-0.012269944,-0.36136284,-0.060596786,-0.06906765
-0.09648262,-0.009781938,0.004223626,-0.0004120799,-0.0042954907,-0.014521158,-0.025477493,-0.00268357,-0.00657229,-0.08206531,-0.0041804886,-0.39071512,-0.021673556,-0.006473938,0.01996894,-0.0005629279,0.0032295824,15.326177,0.016622763,0.024177521,0.024623021,0.06353628,0.0080445465,-0.008363461,-0.016212875,0.0060665645,-0.034393962,-0.043439865,-0.0031461532,-1.4344396e-05,-0.01019066,-0.034539163,0.000549831,0.030557087,0.011057458,-0.0130776875,-0.051077455,0.015382381,0.06787695,-0.115895316,-0.0021038174,-0.005197879,-0.009608446,-0.021215068,-0.384773,-1.0571768,0.16826132,-0.039476167,2.623034,0.26610073,0.04805803,0.027888019,0.002104935,-0.008895686,9.807687,0.0030587052,-0.015467892,0.00079709163,0.007980012,-0.02892733,-0.0123400735,0.009027793,-2.4642663,-0.41829684,-0.009862159,-0.0034600985,0.0109176,-1.6385454,0.03888028,-0.30081695
-0.1479473,-0.013815396,0.06067437,0.00034710323,-0.0071768677,0.020813802,-0.011508658,0.0090053985,-0.005060368,-0.08510135,-0.003603026,-0.37381065,3.4396187e-05,-0.0028280714,-0.002255265,-0.0005184765,-5.82313e-05,12.109709,0.012141464,0.010730301,0.007840877,0.044490214,-0.0035512592,0.010099275,-0.0006261783,-0.002249623,-0.0011904407,-0.022420352,-0.01751663,0.0032189495,0.01440551,0.00116703,-0.012162588,-0.010700242,-0.031183524,-0.01408577,-0.04169194,0.022489743,0.2221559,0.011316425,-0.0037613462,-0.0049541867,-0.0040752934,-0.0017946985,-0.3379447,-1.0427309,0.14887154,-0.032313295,2.5348933,-0.038898595,-0.0051391227,0.011284912,0.0035953864,0.00047995034,7.696831,0.0044417963,0.0035431464,0.027325591,0.0027221697,-0.01077751,0.00057464483,0.011950602,0.2322428,-0.52617973,-0.008452724,-0.026546462,0.019212935,0.12309418,0.0105727045,0.06822091
-0.014069653,-0.0029391143,-0.017984463,-3.670648e-05,-0.013035425,-0.00889598,-0.0014375639,-0.0042996462,0.025723321,0.15473706,-0.056815892,0.8778352,0.12277762,0.0037732557,0.028775498,0.001222248,-6.0736274e-05,22.854847,0.033738468,0.0100609,-0.012924664,0.0439293,0.027681727,0.046498697,-0.005257828,0.00521523,0.029138546,-0.010057149,-0.054121155,0.01818878,0.0027953435,0.045461297,-0.07953356,-0.0059182285,0.025696408,0.14705975,0.41468254,0.05464409,0.25815085,0.036529843,-0.012293754,0.01398734,0.004959616,0.015109847,0.87026817,7.3589196,1.8335122,0.07874413,1.6575693,-0.09253969,0.013941051,0.066457056,-0.012387215,-0.013271285,2.8717825,0.023531819,-0.001136458,0.070737764,-0.0053992453,-0.042427015,-0.006875178,0.002208965,8.044249,0.6326334,0.027764754,0.019251887,-0.022099929,-0.3798992,-0.038926132,-0.08022825
0.003553221,-0.0005173317,-0.009212792,-0.00011042321,0.006425539,-0.0057240813,0.006308362,-0.0030885052,0.00018431054,-0.047726355,-0.008630614,-0.42464492,-0.0029728215,-0.0015760305,-0.01795313,-0.0021855882,6.8774316e-05,-5.02508,-0.0018987074,0.0012291565,0.015514247,-0.0044537,0.02614037,0.0339591,-0.008634459,-0.0089081,-0.02768019,-0.031128826,0.0033362703,-0.010080007,-0.00268253,0.002882584,-0.0067923097,-0.010645403,0.017208377,-0.019628271,-0.026412899,0.009707142,0.021785768,-0.0968888,-0.0073712436,-0.0030233716,-0.008288901,-0.00979939,-0.44122052,-1.451682,0.1995097,-0.04258713,2.0245924,-0.004885058,0.0029186937,0.00800985,-0.008920009,-0.009780382,0.39685616,0.0039258967,-0.004230084,0.030510398,0.005217586,0.012324204,-0.0021985122,0.00089287944,-0.21136689,-0.733639,-0.058973305,-0.0005695377,0.018504241,-0.42193964,0.023736566,-0.1654275
-0.035077896,0.004241993,-0.015525235,-0.000107888714,0.0061450065,0.005338723,-0.0062786955,-0.00033710338,0.0004987976,0.026794968,-0.0035135304,0.083959974,-0.0017893051,0.00023061408,-0.013198331,-0.0002844978,7.043578e-05,-19.718103,-0.0968373,0.004906727,-0.0054082996,-0.024050822,-0.020544799,-0.0006260052,0.007172083,0.009126708,0.011816054,0.01627079,0.00895293,-0.006684229,-0.015185172,0.0048295725,0.00016280964,0.0011040844,0.003403092,-0.0025962947,-0.023988044,-0.003216587,-0.117074125,0.019602064,-0.004416374,0.008643578,9.33063e-05,0.010043308,-0.015531438,-1.3035045,-0.654273,0.02530754,-2.8081603,0.016114982,-0.030703347,0.033634994,3.0805517e-05,-0.016466903,-9.217177,-0.0009080716,-0.00409133,0.008148092,-0.00051175855,-0.014381169,-0.04968279,0.008921721,-0.13908802,-0.06076738,-0.06624446,-0.00566599,-0.011026805,0.00026644015,0.0004297202,0.048928645
-0.07113819,-0.0043016057,0.019983117,0.0002573857,-0.027530635,0.020966647,-0.03131928,0.0014898689,-0.02253186,-0.21820483,-0.007985952,-0.87801015,-0.016621314,0.009598437,-0.020560548,0.002778928,-0.0004990265,31.504995,-0.055008914,-0.00942204,0.02307504,0.11591706,0.0018896778,0.022571027,-0.08679717,0.012515902,0.18683583,0.021253819,-0.0102827,0.025630798,-0.00047933002,-0.0050110025,-0.013141625,-0.011875984,0.014931496,0.028462376,-0.0904845,-0.39360726,0.15589546,-0.13761404,-0.00426481,0.000640175,-0.0192551,-0.0044794898,-0.29448897,1.9788567,0.88711536,-0.14792663,4.768314,0.19231951,0.030133806,0.06862672,-0.023897707,0.24576168,10.354291,-0.046718273,0.0018374475,0.070434816,0.017071513,0.0061723646,-0.026595987,-0.07137437,-8.851919,0.059871852,-0.3741581,0.03593577,-0.08518526,-0.15044926,-0.008962359,-0.11939247
0.01535454,-0.14215708,0.0077488753,0.0002918699,-0.0040466264,0.001832921,-0.0013576285,-0.017092222,0.0052670036,0.16965552,-0.02195765,-0.7477292,0.14986557,-0.019504508,0.018991673,-0.008816479,-4.416729e-05,22.142982,-0.09640321,0.003977422,0.0071521252,0.08790671,0.0020467986,0.0036321678,-0.049508914,-0.010600701,-0.014694256,0.048040546,0.009091119,0.0003983556,-0.037054125,-0.01020343,-0.017993085,-0.01942741,0.016016219,0.14008158,0.11944767,-0.007699466,0.29568005,0.06694156,-0.015217362,-0.0036280113,0.013279311,0.001903509,1.8769742,12.712523,1.4864696,0.07158171,2.1107864,-0.018003464,0.040796112,-0.03134612,-0.00690398,-0.006367392,0.7917362,-0.0022709484,-0.005823531,-0.007249053,0.044565324,0.026024284,-0.047230124,-0.008167314,11.042433,1.4452001,0.7069988,0.046731006,-0.079551496,0.15804672,0.016819788,0.023417855
0.111121625,0.007383106,0.076720044,-0.00041829786,-0.040294953,0.048460316,-0.020066112,0.0065460275,-0.010970529,0.078461245,-0.0027900264,0.89091235,-0.009261742,0.03892136,-0.043426625,-0.0039702863,-0.0028439588,-0.056238286,0.18410197,-0.024238214,0.0247713,0.05924247,0.09987066,0.019537034,0.01579225,-0.00889636,-0.00033057318,0.01603349,0.006441098,0.0032834741,-0.011205882,0.0021797898,-0.10699242,-0.025994457,-0.24602641,0.0021640135,0.036609855,-0.07660909,-0.69345313,0.07303744,0.006388619,-0.019823093,-0.031775523,-0.017521525,1.8202803,5.495947,-2.9661558,0.04874419,1.4716682,-0.035232335,0.06101885,0.082883924,0.0020507295,0.0029684417,5.3900833,0.00794804,0.0015138226,0.008780348,0.0093909865,0.0016113464,-0.016192237,0.050000258,-0.728159,-0.40632096,-0.079957955,0.047442514,-0.097655535,-0.009067755,0.016597314,-0.026384702
0.0028505274,-0.01879136,-0.0030275937,-0.0007349332,-0.0080304695,0.0036802294,0.008755301,0.00076464313,0.007948888,-0.020494394,-0.014012079,-0.24442838,-0.0058387197,0.00027234145,2.3328372e-05,-0.0013039894,9.2531016e-05,28.097528,0.012089611,0.003661081,0.0036794858,-0.027629744,-0.006492739,-0.004467991,0.004127099,-0.00023398975,0.0252332,-0.021126613,-0.010764172,0.003488866,0.002569812,-0.012050734,0.0032422731,0.00064583507,-0.0029938584,-0.007520831,-0.023586372,-0.003911331,-0.057864312,-0.021479292,-0.0048888754,-0.0018863353,0.001942935,-0.0028495598,-0.27005774,-0.82766587,-0.3621298,-0.024987986,3.6085825,0.037845798,0.012786365,0.045621056,0.0031595314,-0.003423865,13.711005,0.001148766,0.0043280423,0.05743005,-0.0014471203,0.0007424036,-0.011656515,0.0006043831,0.89224184,0.053651847,-0.08865772,0.08658814,-0.00800578,-0.47980353,-0.0061813956,-0.21231197
-0.049926672,-0.020646375,-0.022193834,-0.018568732,-0.03132662,0.0019099909,0.013927683,-0.006635941,0.06709113,0.15867302,-0.020426998,-0.0058641466,0.12677959,-0.0058525903,0.022342715,0.013921126,0.009349447,21.77633,-0.04142122,0.014771976,0.013165493,0.29660612,-0.12775753,0.05252277,7.3777395e-05,-0.0099992575,-0.004147351,0.014567921,-0.007733959,0.02287083,-0.0149209,-0.002216439,0.070031986,-0.00060816784,-0.005661849,0.122714296,0.59085137,0.17913684,0.22743732,0.077313185,-0.00810749,0.004793952,0.006695339,0.026894229,1.6335446,9.883456,1.3971171,0.12777014,2.5945618,-0.0101519115,0.019432615,-0.019101102,0.0077708396,0.0038997906,0.7015981,0.017380787,0.00028363266,0.025176838,-0.009955897,-0.044195045,-0.023559911,0.014708431,6.4401116,0.962931,0.6274101,-0.071066506,-0.010775195,0.15169287,0.027556408,0.024358379
0.0050034276,-0.024785783,0.08029613,-0.001061914,0.06984923,0.002128082,-0.0077153603,-0.01558202,-0.0069430447,0.005435025,0.00029768396,-0.18038242,-0.015240807,-0.0023707005,-0.009512081,3.0875526e-07,4.449922e-05,11.394378,-0.0124119,0.002007841,0.017956072,0.05526676,0.014644268,0.037829448,-0.0038078944,-0.0010936732,0.007715603,-0.0042405864,-0.0004642091,0.0035449,-0.0057451185,0.0012718209,-0.017133402,-8.9855894e-05,-0.002509501,-0.010949085,-0.014799868,0.0042920215,-0.06487316,-0.015956046,-0.0036568025,-0.0042846124,-0.0041492074,0.012080269,-0.24305417,-0.98863214,-0.26514405,-0.031567298,2.50595,-0.01938158,0.033291813,0.006077816,0.0034265642,0.0032305596,6.718631,0.001986099,-0.0008995141,0.0075160745,-0.0019716318,-0.003326129,-0.005296411,-0.03952919,-0.562953,-0.021126676,-0.047865935,-0.012545557,0.021055598,-0.18352492,0.024036963,0.005599469
-3.2045824e-05,-0.017988537,0.06395277,-0.00021788936,-0.022330545,0.003912172,0.000801309,0.0013740199,-0.0013097766,0.047661927,-0.0028095585,0.40779096,-0.017008524,0.008321935,-0.00061219156,-0.0076139937,3.443286e-05,3.2132037,-0.039088864,-1.9882802e-05,0.016627138,0.0073021464,0.016526727,0.01883636,-0.0053044376,-0.008812087,0.010014678,-0.0063766907,0.0087559,-0.012339757,0.005209613,0.007250853,0.0064864065,-0.010684274,0.08761561,-0.009671225,0.016988203,-0.046588987,-0.21524727,0.0097573735,-0.0045926203,-0.010089417,-0.0012518814,0.002780574,0.73267907,-1.3261901,-0.8390052,0.049150586,1.9942784,-0.053059097,-0.011839572,0.00929044,-0.0023190223,-0.008171769,4.103165,0.00095946033,-0.0026861867,0.019207802,0.030503448,-0.013863264,0.0007868051,0.003578594,-0.8346619,-0.031757485,-0.0066920714,0.0120204175,0.045722626,-0.6652209,0.014364437,-0.2328798
-0.02959704,-0.014212735,0.0061757634,0.00016184748,-0.0019489109,0.006902456,-0.0026317013,-0.0007979197,0.02748819,0.04686694,0.0736051,0.046218004,-0.027165292,-0.00567459,0.0060499283,-0.0024534417,4.136392e-05,-9.846844,-0.07625999,-0.016807746,-0.0033035576,-0.051228136,6.915533e-05,-0.010017357,0.0010253834,-0.00790073,0.010077251,0.024288312,0.011084949,-0.010374119,-0.017210316,0.014909024,-0.05133503,0.039271962,-0.003607343,0.08766476,0.10987199,-0.053092893,0.19066447,0.014534878,-0.0038174205,0.016591933,0.011950163,0.0041886526,0.47041515,4.758339,-0.01108448,-0.009243818,-1.4283091,-0.05915773,0.0038612697,-0.000414329,0.00031913872,-0.015662543,-3.248495,0.003001605,-0.005231582,0.031531747,0.0011179422,-0.00976377,-0.03140289,0.047842007,-0.7953586,0.04815076,-0.0705048,0.004828222,0.005517733,0.19492443,0.005004663,0.01451162
-0.034301795,0.022350645,0.016989522,-0.00021640699,-0.031061837,0.05639247,-0.041348755,-0.022004478,-0.019635472,-0.09120445,-0.02665296,-0.34152475,-0.009993819,0.011436091,-0.0047700903,0.000720989,1.862055e-05,5.941966,0.007827165,0.03580256,0.24159268,0.07496247,-0.022558494,-0.0031083683,-0.03947751,-0.0026874514,0.0475353,0.0045930636,0.0017213055,-0.01429211,0.018612003,-0.0023481844,0.011833381,-0.043697413,0.015372001,-0.0041849613,-0.078663714,0.025351811,0.13775401,-0.12876585,-0.031704936,-0.054982465,0.0066751675,0.004893598,-0.4450408,-1.4965689,0.16469248,-0.08281403,1.7865076,0.028311936,0.0032507237,-0.008582427,-0.02285604,-0.02766601,-3.771829,-0.002846563,-0.021510642,0.084160216,-0.043839477,-0.00251414,0.06529635,0.011311381,-11.679656,-1.2667862,-0.050263338,-0.004362021,-0.0013546577,0.16255729,0.028583117,0.08840402
-0.0068830387,-0.00010790705,-0.0023836913,-0.0003156752,-0.0110805025,0.00068337016,-0.0017560571,0.002812659,-0.005350771,0.020575497,-0.0056857322,0.10897452,-0.004516067,-0.007067427,0.0010523663,0.0010689723,0.0030305993,24.196402,0.02519797,0.013916961,0.029647954,0.07523544,-0.0026344513,-0.03338043,0.012498506,-0.00021411365,0.025545841,-0.009757579,-0.015287011,0.002213699,0.010854377,-0.008271582,-0.0052650636,5.9937447e-05,-0.0039309077,0.03100193,-0.0018790188,-0.012048462,-0.07740856,0.045809094,0.0029861059,-0.0075857798,-0.008813218,0.0032283445,-0.11579625,-0.998078,-0.43988207,0.024162734,3.258781,0.095322795,0.06252008,0.03072357,0.0076754396,-0.0060635773,11.378963,0.0030479776,-0.0009746858,0.06531849,-0.010256407,0.0038144488,-0.00019162009,-0.00028203375,-1.0444683,-0.02907155,-0.05667409,0.010168348,0.039541654,-1.4014224,0.031500347,-0.31116995
-0.119615905,-0.040406194,0.004495441,-0.00039441287,0.008143788,0.009002982,-0.028363204,-0.02446392,0.012982847,-0.2235333,-0.011334436,-0.52246565,-0.02425231,-0.023900434,0.013361694,0.013007921,0.0013573722,27.799051,0.04047294,-0.044059366,0.04708233,0.15730295,-0.020653618,0.07999619,-0.03234562,-0.0054985615,0.03017269,-0.0041730516,0.0069329417,0.0018540764,-0.00025639922,-0.027429892,-0.0005598325,0.02816142,0.017283903,0.006673884,-0.018399896,-0.15595387,0.07327934,0.04786986,-0.008030381,-0.0068587014,0.00339606,-0.027740328,-0.499033,1.3811754,0.40594378,-0.011118487,2.4814484,-0.031874765,0.043766662,-0.024350319,-0.0116714705,-0.0034099845,-0.9038862,0.020972593,2.2645516e-05,0.003821592,-0.0073720817,-0.06573872,-0.0063724928,0.05445091,-4.607996,-0.031028138,0.23141581,-0.18377249,-0.050188094,0.3388633,-0.009059236,0.032407813
0.011264326,0.0028529179,-0.016291313,-0.00015410774,0.013219193,-0.021561714,-0.015275047,0.008352778,-0.0039388053,-0.060143936,-0.0067413338,-0.45882133,5.029793e-05,-0.008093795,0.0011228923,0.0009356521,-6.712359e-05,-15.657396,-0.07635045,0.0016204583,0.004497296,-0.025928399,0.018720055,-0.0036064058,-0.0014948249,0.007992677,-0.04404144,-0.00025391835,0.0069515673,-0.002321928,-0.0065788273,0.0014771865,0.0004131224,-0.0003035714,0.020173209,-0.012742991,-0.04900315,-0.005379468,-0.059372813,-0.03771077,-0.0070473813,-0.0013229359,-0.0033896791,0.0023026373,-0.4050985,-1.4284763,0.10451551,-0.056829125,-1.3491275,-0.05120375,0.0071988665,-0.015989367,-0.00065711857,-0.0016637937,-2.252275,0.0045019016,-0.0015966406,0.015593415,0.0018322406,0.00049605034,-0.039310653,-0.004404341,-0.32818797,-0.012670595,-0.045086905,-0.009072514,-0.013836889,-0.13279733,-0.003188528,-0.07310313
-0.008623092,-0.017163314,0.0037041642,-0.00041914755,-0.014377868,0.0011064919,0.0043545193,-0.003416943,-0.0022891858,-0.023561584,-0.00516222,-0.20940204,-0.0020609489,-0.006491825,0.0032455625,0.00022007406,1.6356891e-05,14.807261,0.010882473,0.023276528,0.01415256,0.049387187,0.0096074445,-0.0020847137,-0.001020349,0.00065173267,0.021918057,-0.004284857,-0.0067617404,0.002438588,-0.00026758818,0.0017115519,-0.0051750722,-0.0018520657,-0.0014322461,-0.010600661,-0.029679406,0.04585348,-0.062169332,0.0127867125,-0.0056492835,-0.0020573095,0.0021439039,0.0016362783,-0.24823031,-0.78370786,-0.36022663,-0.02790833,2.735104,-0.017199289,0.006457044,0.017152578,0.00079093623,0.009807998,10.137672,-0.0001723147,0.0049182964,0.027769532,0.0012701437,0.002227141,-0.0024363708,0.0028049445,0.45037067,0.07979042,-0.042003103,-0.011725826,0.020425277,0.10913488,0.0014479262,0.026662461
-0.021937368,-0.009131033,0.013721276,-0.0018542069,0.0017192202,0.029222602,0.03171711,-0.006628312,-0.0032053136,0.025088573,-0.012617673,0.18877302,-0.058714658,-0.0037646026,-0.00023056444,0.008968616,0.00012608977,23.80488,0.012996621,-0.0003613914,-0.02217561,-0.012542119,-0.008774947,-0.046376187,-0.0057393485,0.009628185,0.03677752,0.019167999,-0.019193476,0.008435863,-0.006654265,0.011455768,-0.002887569,-0.060528006,-0.02425056,0.08470959,0.014891376,-0.013317207,-0.13742729,-0.036441628,-0.009157131,-0.012579096,-0.004493369,0.02607931,0.22921547,-0.88348025,-0.41780758,0.03415791,3.202113,-0.016932756,-0.04976645,-0.06831761,-0.0013996955,-0.002361047,11.6085415,0.0018045804,-0.00715402,0.0014333859,0.045773197,-0.0007956018,-0.009788102,0.026377328,1.0863256,0.096731745,0.06902585,-0.0028411322,-0.0106835645,1.2402592,0.012021524,0.36383498
-0.12072572,0.0020621284,0.037126582,-0.00024745916,0.0007287098,-0.005063859,0.023488661,-0.0030181152,-0.009852404,-0.016888322,0.002104224,-0.15931106,-4.42958e-06,-0.0010029257,-0.030862425,-0.0064304215,-5.045633e-06,9.39326,-0.05911477,-0.0040947525,0.02730419,-0.03208413,-0.008198399,-0.0018321051,0.009539938,0.0022429507,0.029774828,-0.003652514,-0.0013045962,0.0012214801,0.0022950806,-0.0044468716,-0.0024665133,0.0017398809,0.042590886,-0.0056896624,-0.028619416,0.034329258,-0.06158022,0.008095358,0.012169881,-0.0030316634,-0.0014193092,-0.011322073,-0.22319406,-0.8853335,-0.36553723,0.039387535,2.3789597,0.0008017447,0.009843576,0.012173713,-0.001104803,0.0033424161,5.871913,-0.00012382632,-0.0016221143,0.019788817,-0.04292674,0.0038393734,0.026507638,0.002266018,0.44189054,0.049569927,-0.12132615,0.0059984773,-0.0051745046,0.93996334,0.023625111,0.26507542
0.0414795,0.022076048,-0.0055777696,-0.00072910986,-0.023998559,-0.0036323022,-0.016609196,0.046519406,-0.007069204,-0.006193795,-0.042494785,-0.067817464,0.003610205,-0.015377458,-0.0018840993,0.0003160716,7.742576e-05,-21.54511,-0.08418836,0.0077344924,-0.016562177,-0.13358983,-0.04415978,-0.0033097395,-0.035922978,0.022765052,-0.05409101,0.03581668,-0.0104209,0.00046463852,0.0053550857,0.0032811204,0.030994365,-0.027864793,-0.014220715,0.2133646,0.23179676,0.115930386,-0.027807737,0.025352921,0.0675089,0.13537738,0.0070778746,0.0034741587,-0.019209297,-1.8982592,-0.56838983,0.038100135,-2.9741757,0.027649954,-0.009189062,-0.11268523,-0.020066382,0.1853324,-13.374269,-0.0014065815,0.0036306963,-0.02356768,-0.017107258,-0.007712572,-0.057277013,-0.005698945,-0.53775465,-0.04353996,-0.010661414,-0.012572078,0.002793117,-0.45318994,0.003361324,-0.123424776
-0.0038388153,-0.0044835145,-0.011360121,-0.00032833035,0.0058447737,-0.007582404,-0.013980215,0.006533771,-0.011176847,-0.00045053716,-0.0033704047,-0.23398548,-0.009605739,-0.0018446734,0.0016725983,0.0016718551,6.0419396e-05,13.606077,0.00527589,-0.0013543777,0.023845032,0.007116246,0.014280138,-0.003135771,-0.0027424367,0.00033638897,0.011805304,-0.012363802,0.0019694783,0.0026244603,0.0036393923,0.0016421797,-0.0030230372,0.0137751615,0.023589496,-0.021703653,-0.02925285,0.019982323,-0.043410618,0.023384273,-0.0007586165,-0.0014000693,-0.00019302333,-0.001048264,-0.2944418,-1.0254687,0.062268447,-0.03271376,2.5330462,-0.006703375,0.015171632,0.025373546,0.010022851,0.0028206436,8.165822,8.961682e-05,0.00016024598,0.023012932,-0.0010977685,0.0056638285,0.0022554877,0.005533907,-1.1464282,0.03218088,-0.019086031,0.007996739,-0.0021178108,-0.8040036,-0.0050694877,-0.36110225
0.006970776,-0.01047863,0.0017279846,-0.00033122022,-0.008163852,-0.0074975207,-0.008704225,-0.004549597,-0.05687011,0.016126456,-0.00087144895,-0.32885706,-0.0069523994,-0.010566845,-0.003776714,0.0029155982,-0.00011041148,-15.77262,-0.093069434,-0.014543135,0.0048643765,-0.06543528,-0.016553333,-0.0083727045,-0.0025112284,-0.0019083391,0.013162108,-0.009993559,0.00020080886,-0.005540903,4.652713e-05,-0.0007168399,0.057459977,-0.04271218,-0.0011099973,-0.026840169,-0.01887151,-0.013628867,-0.06396189,0.022464208,0.020030657,0.05678599,-0.0034298098,0.0022895157,-0.2747181,-1.0137162,-0.48659983,-0.022149928,-2.2773159,-0.050263587,-0.010828569,0.01977718,-0.0031795206,-0.010425785,-1.6228592,-0.0055944975,0.007465445,0.02900585,-0.0055831177,-0.010467791,-0.059478227,-0.0026700462,-0.32995108,-0.04799786,-0.06009028,0.0060133003,0.028614713,-0.28229946,0.0008697365,-0.084942855
-0.059266273,-0.00987511,-0.009986098,-0.00028106448,-0.0045532337,0.004833426,-0.011228376,-0.0013716522,-0.0076582325,0.026815359,0.0043906546,0.19330652,-0.016046323,-0.0020713555,0.018792428,-0.0009985925,-2.5341684e-05,10.943608,-0.006529948,-0.001440076,0.014783941,-0.046160556,-0.015150635,-0.0016558523,-0.002400147,0.0023701952,0.021353375,-0.0056891213,0.002405704,0.0047871363,0.0072821095,-0.0036178324,-0.0041951505,-0.0019526582,-0.011533386,-0.00022455811,-0.007003714,0.009504291,-0.10144275,0.03169273,0.00089304894,-0.0069904476,0.0055942945,-0.001561647,-0.1176801,-0.9703703,-0.49242947,0.041669108,2.4466536,-0.02460374,0.0026876298,0.0047894516,0.0011647803,0.013022692,6.2891393,0.0031368325,0.0028878578,0.022624345,-0.0045078024,-0.0013787508,-0.0049944404,0.002371935,-0.02904048,0.04996047,-0.08299024,-0.0034102937,-0.005754533,-0.11783521,0.0070036915,-0.11143598
0.026583387,0.077011205,-0.00219267,0.018924486,0.041362274,0.03268715,0.039915457,0.019464836,-0.00042890932,0.07000864,-0.010717756,0.5308557,0.06552727,0.008860678,-0.021635674,0.0030494253,-0.00015148564,-6.810079,-0.08340989,-0.004553972,-0.0062572346,0.057091493,0.014486862,0.08310882,0.01232829,-0.0130239455,-0.06948071,0.0011479214,0.02794796,-0.019701159,-0.011866024,0.006880448,0.0050112046,0.0009272477,0.07373115,0.10327326,0.15839985,-0.03855574,0.23850527,0.04488875,0.03459345,0.06604979,-0.04029019,0.026112523,-1.1311224,1.3061522,0.9137864,0.09209804,-2.6256206,0.003995222,-0.03920118,-0.017062329,-0.0011598817,0.009080994,-8.763127,-0.010012986,0.002374755,0.03762462,-0.0149840675,-0.026776224,-0.1182385,0.02672984,14.650823,1.834806,0.8613859,-0.014259935,0.06676547,-0.15522774,0.1506815,-0.05010534
-0.078010336,0.01860685,-0.012782975,-0.00035348654,0.003841501,0.0068036597,-0.010033098,-0.042511027,0.03399962,0.14295055,-0.011140125,0.1468754,-0.033097047,0.032102678,0.032198824,-0.0020463415,0.009266349,27.970993,0.037527565,0.0076399907,-0.02999246,0.13411823,0.0056228032,-0.013180499,-0.010383308,-0.004624356,0.006693324,0.017620236,-0.01843162,-0.0021539694,0.00069117383,0.01815228,-0.025276689,-0.0719652,0.02423919,-0.0055004167,0.046938013,-0.06652032,0.22691528,-0.0017387847,-0.03108707,0.011595081,-0.0062854425,0.0119527625,0.6863395,5.002869,1.0130644,0.113681264,2.708017,0.01141903,0.07397795,0.05384004,-0.025965,0.0045494447,7.253128,-0.053706706,0.0019137315,0.050565265,-0.0035263991,-0.01570434,-0.017699134,0.0018923759,2.926288,0.0025909794,-0.25923416,-0.19678143,-0.00956285,0.18136775,0.024885602,0.036219846
-0.007985445,-0.005031224,-0.013461583,-0.0007679378,-0.010682544,0.0023352078,-0.017716996,-0.013317068,-0.001669604,-0.08193486,-0.004383215,-0.5798635,-0.009266422,-0.0039015352,0.02456035,0.0015265226,-7.9659396e-05,-16.914438,-0.07709165,-0.009674312,0.00050078076,-0.11955566,-0.015454742,0.0024314292,-0.007260812,-0.00665087,-0.040340453,-0.025069999,0.009935394,-0.001683395,0.0067874556,0.008299959,0.00022735681,-0.091684274,0.043796167,-0.0023422686,-0.08546676,0.09842144,0.123740986,-0.07336575,-0.008648137,0.04571573,-0.036309216,0.0006758956,-0.3504017,-1.3670805,0.09642985,-0.031041764,-2.4053996,-0.04779152,-0.031092303,-0.057577275,-0.0050822133,-0.024040265,-4.6392765,-0.0028761511,0.002317032,0.010352845,0.0015900122,-0.003494158,-0.04382993,-0.029877689,0.051439825,0.011166308,-0.017134944,0.004488667,-0.013530323,0.27386236,-0.008591277,0.04813782
-0.092736945,-0.0019377318,0.085315675,-0.0005692789,-0.0059426543,-0.0016320484,0.058429405,0.016389927,-0.015949965,-0.05708871,0.007309557,-0.3596167,-0.009774048,-0.005368589,-0.018868608,-0.0021228616,-0.00023613061,29.133675,0.005739867,0.024782674,0.03925182,0.064683385,0.008986583,0.017700464,-0.0035650712,-0.00011409903,-0.034986846,-0.02010572,-0.01855669,0.00030260967,-0.013495411,0.0038562785,0.008651984,0.0033690387,0.024618363,-0.014271083,-0.035194945,0.008171831,0.029428171,-0.0908435,-0.00080343836,-0.006484139,-0.00468358,-0.0001594297,-0.45720652,-1.0725217,0.09592877,-0.033849757,4.1660423,0.15540108,0.013008425,0.08669144,0.0022250118,-0.009190274,13.567326,0.0010792147,-0.0019607134,0.07061014,0.013325861,-0.020263877,-0.0030139792,-0.001826717,0.45327482,0.05348461,-0.08443952,0.017003305,0.0201561,-0.8537578,0.005572464,-0.16587679
0.2529203,0.0029720373,0.18272255,-0.0007108334,0.03364971,-0.0025878022,-0.077984646,-0.01857092,-0.046774086,0.03396069,-0.034214925,-0.11010275,0.04303955,-0.0056597423,-0.013638556,-0.013927368,3.897024e-05,-16.54839,-0.07920341,0.013422685,0.003284834,-0.02875102,0.027351208,0.026914062,0.014223134,-0.000870233,-0.03197327,0.02414157,0.0179426,-0.01773516,-0.002545688,0.0037945872,0.1297934,-0.104918815,0.024055861,0.2543941,1.0866497,0.40499416,0.22145334,0.0153973475,0.15644772,0.06234902,-0.0051899883,-0.031019446,-0.1304001,-1.6873044,0.7271708,0.08596908,-2.3607564,-0.03597878,0.031427506,0.0048849187,0.021719359,0.008749924,-3.4434934,-0.0006278797,-0.019174587,0.03336902,0.0052002473,0.017315427,-0.06148611,0.02794534,-0.14822437,0.051921975,0.0068049016,-0.019717062,0.07381996,0.055719707,-0.02326525,0.0033841357
0.0070429477,-0.0144259315,-0.0067072017,-0.00017933398,-0.0042502764,0.0037543147,-0.0070335623,-0.0018806162,-0.0047562574,-0.017605372,-0.0025364496,-0.29021245,-0.0022174479,-0.0065742335,0.001544712,0.00028762186,-0.000120113706,-21.59849,-0.095596194,-0.0031968514,-0.019646175,-0.039059337,-0.011041498,-0.0007320686,0.0019132065,0.0024739124,0.017739585,0.00914757,-0.009530195,0.00045206255,-0.0012957179,0.003624215,-0.0024955866,-0.0012685701,-0.013838537,-0.007862895,-0.047680017,0.017071774,-0.07984804,0.010700216,-0.0040784776,-0.0038136388,0.0046054097,0.0078098583,-0.27899083,-1.2833835,-0.47938946,-0.03660112,-2.9804626,-0.034485064,-0.021635603,-0.061670844,-0.0053723888,0.0026238845,-14.61022,-0.0011030046,-0.004105741,-0.041994162,0.00052208954,0.0005969242,-0.08063826,-0.007635896,-0.15261643,-0.04107912,-0.08572195,-0.015100906,-0.0082924245,0.13584909,-0.00031570907,0.05566731
-0.06802723,-0.021861466,0.0032606148,-0.00016292768,0.014031778,0.015321086,-0.020330777,-0.0013355743,-0.00884754,0.020124894,-0.016958628,0.78665274,-0.019051239,-0.006683357,0.006335917,-0.001619655,0.0001663308,-0.13627711,-0.040126268,0.0037630943,0.014350521,0.05901405,0.036413956,-0.016017348,0.00040534942,-0.0031443536,0.0063577816,-0.030014582,-0.004119125,0.00931353,-0.01972736,-0.004185099,-0.008266819,0.0038125198,0.097860366,-0.013932594,0.0032759646,-0.06479521,0.021221729,0.029662324,-0.0027204966,-0.020187998,-0.00028922688,-0.0065866974,1.1156409,-1.4582331,-0.6264409,0.013890955,2.0384133,-0.03787092,-0.0065090638,0.024529273,0.014092579,-0.0019958373,5.1773176,0.0026577162,0.007868075,0.010110151,0.0050804745,-0.008426409,-0.00019135751,-0.005044396,-1.4304069,-0.09545277,0.09830511,-0.022590311,-0.0047737453,-0.6193301,0.0022715193,-0.20404722
0.0070065367,-0.0069311573,-0.0035382786,-0.0001856969,0.0018362585,0.0059510414,-0.008945228,0.0019105242,-0.0028134375,0.030299896,-0.0054621226,0.032359827,-0.0012560816,5.1961495e-05,0.0011678059,0.001099002,8.668574e-05,-18.368513,-0.10904995,-0.0034574405,-0.019315505,-0.07275772,-0.025103942,0.0012472684,0.00943193,0.00025778808,-0.030051215,0.025037631,0.0015504517,-0.0013101221,-0.01048402,0.0065181707,0.0038281984,-0.0012159322,-0.019002318,-0.0063624782,-0.012765625,-0.0009241245,-0.08980428,0.03817463,-0.004693146,0.0042354628,-0.010104819,0.00043493198,-0.27072367,-1.129769,-0.617823,-0.009646077,-2.5116384,0.0010367262,-0.019346474,-0.05365723,-0.0032911417,-0.01138271,-7.198291,0.0027842808,-0.008857016,0.0051773847,0.0022231666,0.016401695,-0.033461828,-0.006323467,-0.39901528,-0.042474058,-0.08889274,-0.00012139185,0.0023063978,0.14672072,0.0055962573,0.039536163
-0.046304334,-0.017085196,-0.0022351337,-0.0004686172,-0.007854177,0.001641251,0.059204463,0.012482339,-0.012585677,-0.046065427,-0.006513265,-0.29952008,-0.008557725,0.0010467792,0.01745857,0.001162691,0.000114810515,17.107836,-0.013090074,0.001112593,0.007242897,0.0068108756,-0.012643219,-0.007903785,0.0070458455,0.01030616,0.016497321,-0.011270041,-0.007305738,0.006589271,-0.003246924,0.00469873,-0.009752871,-0.010752599,0.011794425,-0.010128232,-0.011802565,0.039692085,-0.050348625,-0.072014734,-0.0015909442,-0.006032134,0.0153226,-0.008343211,-0.272083,-0.89424086,-0.22387719,-0.043137256,2.8712568,-0.043810047,0.0050893007,0.02103155,-0.0010805863,0.0175674,12.830752,-0.00934924,0.009730516,0.029205434,-0.0057332637,0.0065438147,-0.009358999,-0.0013415518,2.549957,0.049674865,-0.063597366,0.0036761544,-0.024160672,0.89909124,-0.012409651,0.2891311
-0.014595313,-0.03671886,-0.029333383,-0.006135799,-0.01461147,0.065134674,-0.02959578,-0.02664229,-0.00092306535,-0.07717476,0.040476717,-0.02806217,-0.005216741,0.02866871,-0.016201513,0.022462245,-6.0425373e-05,31.246103,0.07518547,-0.0085317865,0.02870848,0.2961671,-0.0024616818,-0.44733122,-0.03546586,-0.011377022,0.011867264,-0.11502163,-0.041967694,0.0124366805,0.0019330857,-0.03317035,-0.0489142,0.0058456254,0.047697462,-0.01854747,-0.128758,0.059833236,0.11861837,-0.04224566,-0.0075450796,-0.018310482,0.004314106,0.0034325172,-0.17266141,1.0141954,0.5346365,0.099759944,3.384107,0.21643327,0.012670413,0.072511636,-0.0070043574,0.24018069,3.6738937,0.0054197717,0.09287641,0.022911329,-0.0038908604,0.0010382265,0.04475666,-0.0019104541,-9.123024,-0.7795574,0.16787544,-0.2414105,0.04674386,-0.043622337,0.028790815,-0.01351502
0.21993278,-0.007974509,0.06586465,-0.00021696178,-0.025738824,0.004286439,-0.008132448,0.0020755173,-0.0074699945,0.011479321,-0.024874447,0.39618555,-0.025210213,-0.004015554,-0.027724553,0.000332466,0.0012750415,12.022889,0.0023742104,0.0013030161,0.02544271,-0.032819226,-0.011625227,-0.004782665,-0.08075198,-0.0128667895,0.0034190058,-0.006546743,-0.01854073,0.0042241463,0.0075043733,-0.0012153346,-0.014948596,0.028685922,0.021812106,-0.021485861,-0.0141132055,-0.028637253,-0.24128476,-0.02165949,0.0023780013,-0.00736701,-0.018290728,-0.0057477993,0.656767,-1.0194092,-0.78939664,0.26181003,2.4354491,-0.014996826,0.003615148,0.016256798,0.001646464,0.009746191,7.8995147,0.0065314826,0.01125051,0.01301534,-0.034949634,0.02426687,0.017626407,0.00770366,0.26435152,0.10003425,-0.061889727,-0.014452566,-0.0055565615,0.4240749,-0.0062203766,0.21127708
-0.007906425,0.010871932,-0.012105497,-0.0001797303,0.0051833875,0.006886729,0.00026751688,0.00055732694,0.0026498744,0.03219416,-0.0034100402,0.05813449,-0.013735104,0.010444238,-0.0045836773,0.00442152,-0.0001377843,-22.389095,-0.09262543,0.014255092,-0.0038607104,-0.042305835,-0.030993674,-0.019059148,0.011468761,-0.0029290058,-0.04711307,0.020936854,0.01024394,-0.00432696,-0.007996376,0.0099643245,-0.018288262,-0.00030402886,0.04095354,0.05488309,0.100922555,-0.023620158,-0.11381994,0.021177735,0.007463464,0.0033778995,-0.0016194008,0.008067352,0.2975841,-1.639131,-0.86337733,0.024173448,-3.170971,0.025391735,-0.06239152,0.004983185,0.0083204005,-0.018444005,-15.189287,0.0038359023,-0.0032706046,0.009353047,-0.05062468,-0.008896652,-0.05558374,0.013139332,-0.5938097,-0.06561532,-0.031151721,-0.0044714925,0.019668132,-0.034270216,0.010694884,0.027210103
0.0053382893,0.0025432503,-0.011218803,0.0026414893,0.0015327213,0.0068736407,-0.016789073,0.0037248784,-0.0040729055,-0.018531794,-0.0048177643,-0.27792716,-0.003927258,-0.0019034293,0.0140729025,-0.002889079,8.863685e-05,-17.773415,-0.10636205,-0.014154962,0.006734549,-0.025052072,-0.012985852,0.004922683,-0.0068609933,0.0029499514,0.017803606,0.006983895,0.010661671,0.0018974835,0.005464145,0.006857723,-0.0007013568,-0.0013717981,-0.0056970734,-0.0068126256,-0.030477656,0.014985094,-0.07088326,0.028197927,-0.0062933555,-0.0016506106,0.0018745152,0.0045218426,-0.27399698,-1.1204921,-0.4251019,-0.022245783,-2.5119145,-0.058522783,-0.020933714,-0.018398391,0.0014925592,0.011956749,-6.631622,0.0034816982,-0.0029238625,0.0035263114,0.000786449,-0.0091106305,-0.033439714,0.017654192,-0.2906556,-0.021028804,-0.06889815,-0.010767008,0.018522697,1.0537932,0.026002936,0.19396926
0.0027394271,-0.002470577,0.014220016,-0.00016461762,-0.01336503,-0.004806208,-0.015514343,-0.0020953896,-0.001436051,-0.030819092,-0.008988042,-0.39772528,-0.0019304748,0.011295622,0.00048817683,-0.0012869376,-8.1601785e-05,-6.045623,-0.05085521,0.0021171675,0.009315295,0.007815493,0.045318533,-0.0029720506,-0.0011576618,-0.0004041525,-0.043782767,-0.0017972308,-0.011026848,-0.0034746008,-0.011706852,7.038455e-05,0.0014905832,0.01674011,0.00508519,-0.006614598,-0.042964272,0.003872931,0.008077283,-0.013045823,-0.0041189953,0.00053401187,-0.0056385873,-0.0003843517,-0.36211154,-1.2320472,0.08398997,-0.044806857,-0.910854,-0.04126068,0.00850962,-0.0031164514,0.0015909186,-0.0027819772,0.5500554,-0.00726768,-0.0019391854,0.040041115,-0.006289092,0.003544567,-0.0074387915,0.00078028225,-0.2986439,-0.011679987,-0.04575535,-0.00566243,-0.00077510433,0.3174723,-0.0052173077,0.0056703715
-0.0012017813,-0.012706553,-0.007830631,-0.00012136595,0.00065508694,0.00034641748,-0.0064979456,0.0058864015,0.004550648,0.00052110915,-0.00072224805,-0.32271275,-0.0025708352,-0.0013506399,0.0033025434,0.00087675103,7.168344e-05,-17.2564,-0.106584,-0.013861683,0.012213118,-0.029192165,-0.008727866,-0.004397366,-0.0012403914,-0.00035478867,-0.00074557995,-0.0014115017,0.009824185,0.009523842,0.00081186707,-0.0012598735,-0.022723105,-0.003426077,0.004434357,-0.0077333525,-0.0359034,0.00039209714,-0.065867774,0.0056345877,-0.004895898,-0.0067333556,0.00083929923,0.0013573847,-0.3206023,-1.351807,-0.21988267,-0.02796371,-2.484429,-0.05835427,-0.009149815,-0.021288333,-0.00017008664,-0.01877308,-5.3258705,0.00477168,0.00046427187,0.026072148,0.00055248523,-0.011162808,-0.055467576,-0.0039860257,-0.75961,-0.04250822,-0.060051087,-0.010406249,-0.025171623,-0.5346333,-0.014918398,-0.09934866
0.0051665558,-0.00873738,-0.00718336,-0.00010278041,-0.02189096,-0.0017283513,-0.0035841274,-0.00264667,-0.0035912702,-0.024992678,-0.00030216886,-0.2802714,-0.0024644856,0.011518941,0.0034800316,0.0001864541,-0.00010730789,-16.975964,-0.117160685,-0.016623098,0.013207225,-0.02404799,0.01751757,0.01401846,-0.0055479356,-0.008182648,0.024729608,-0.010838241,0.006150638,-0.0074801156,-0.003682096,0.0025270244,-0.00027151086,-0.002291121,-0.002471382,-0.009446336,-0.035384342,0.0013530112,-0.08701591,0.0083145425,0.0042135254,-0.0008262844,-0.0024485104,0.0017589376,-0.29634154,-1.047813,-0.461343,-0.026525397,-2.408412,-0.056378562,-0.015589848,-0.015827559,-0.0033689928,-0.00548628,-4.736908,5.9807557e-05,-0.0016244424,0.003684985,-0.006417545,0.0015988613,-0.04629374,-0.0053448384,-0.7806286,-0.0737987,-0.07444995,-0.010449921,0.0028845312,-0.5055621,0.0015843143,-0.0968168
0.0026177503,-0.003395383,-0.005689878,-0.00011787092,0.00899643,-0.00020278605,-0.014721871,-0.0066784923,-0.004231966,-0.031524356,-0.012083621,-0.38140446,0.00049405015,-0.0012384712,-0.00020684508,0.0007024016,7.684326e-05,-4.200471,-0.05790658,0.0041096173,0.00814207,0.013302322,0.012069509,-0.0046193935,6.951821e-05,0.0043039657,0.00801816,-0.0003519794,-0.0067678946,0.0036247366,-0.0022287536,0.00054316886,0.0005408891,0.0027305598,-0.003217127,-0.0124095185,-0.05993753,0.018219937,-0.06875439,0.051505316,-0.007807998,-0.003086987,0.008779667,0.0043218895,-0.3294031,-1.224925,-0.009722503,-0.041585464,-0.6849179,-0.023606822,0.0011614824,0.0017817317,-0.002066761,0.0065023364,3.580605,-0.004434771,-0.00048673415,0.015931394,-0.004250706,-0.002323094,-0.036727596,0.0044899825,0.7679232,0.035887927,-0.049335293,-0.0086566005,-0.019517351,0.6951698,-0.035904046,0.10634448
-0.08273812,0.028563682,-0.012426334,-0.00059205235,0.00096309924,0.012804856,-0.002627188,-0.018324716,0.0013393334,0.0066288086,-9.366919e-05,-0.03208906,-0.026331693,-0.0038972127,-0.012328253,-0.0046597198,6.0536786e-05,-19.463854,-0.10923904,0.0048831436,-0.009310108,-0.04603638,-0.03845082,0.0075320806,0.013810363,0.002785948,-0.07757685,-0.0067840014,0.009968601,-0.009887684,-0.0011300428,0.00710033,0.014154965,-0.06797859,-0.00076001266,0.08820763,0.31409565,0.13181327,0.00088070147,0.028506085,0.026569871,0.12029987,-0.020902557,0.019747615,0.14426333,-1.4469414,-0.827513,0.04372779,-2.8896847,-0.0022414227,0.0014350595,-0.09264466,-0.008880355,-0.02830723,-9.755086,-0.00588844,0.008813403,-0.0066299867,-0.03699022,-0.02628495,-0.02781786,-0.028843056,-0.494082,-0.026385304,-0.016922757,0.021363692,0.013950488,0.051760115,0.028841386,0.1941311
-0.0038995098,-0.0031908078,-0.0070755617,-8.490567e-05,0.00044202968,-0.010894318,-0.005758986,0.008340516,-0.0061269454,-0.016931258,-0.003226995,-0.29147768,-0.014208299,0.01939821,0.013541037,0.00070375635,-2.0761756e-05,-22.168728,-0.104536854,-0.014136042,-0.0031350174,-0.07252459,-0.03159414,-0.021355266,0.0074803913,-0.008496757,0.018028155,-0.0060915113,-0.01544422,-0.006117682,0.00010912318,0.00867964,0.0076303165,0.0050211176,-0.023120992,-0.017805036,-0.025285555,0.0055844146,-0.08960943,-0.0061101583,-0.0030415405,-0.008728467,0.0069342065,0.007568083,-0.28369966,-1.4715098,-0.5000137,-0.04130822,-3.2371597,0.0065904036,-0.020648196,-0.09784214,-0.0020938492,-0.019985918,-17.119734,0.0020979475,-0.014035012,-0.2597486,0.0015387558,-0.0010275355,-0.06959744,-0.0075013186,-0.44788253,-0.07775435,-0.07995761,-0.012114507,-0.018774834,-0.44873276,-0.0061623226,-0.074487165
-0.0023426067,-0.018163024,-0.011456689,-0.00020636289,0.007106391,0.0060227583,0.039518144,0.0070986953,-0.004085791,0.0013948674,-0.0065167146,-0.6703282,-0.00896727,-0.0025398186,0.006280531,0.000110798195,0.00029449206,-7.829155,-0.10627662,-0.0058003236,0.028536297,-0.061015647,-0.013738814,-0.0045374995,-0.004450048,0.015606388,-0.104208596,-0.020439485,-0.0016924917,-0.016181055,0.004985393,-0.032808617,-0.00049699354,0.007860915,-0.013192461,-0.012197189,-0.07239276,-0.06136206,0.085100666,-0.06304568,0.005410964,-0.005188695,0.004270805,-0.0003694263,-0.5396924,-1.501978,0.14133626,-0.061452694,-1.6206282,-0.06415753,-0.018588837,0.017070318,-0.009278393,-0.037962046,-9.623635,0.0016581467,0.0045180726,0.035776418,0.0041780826,0.004018262,-0.05105264,-0.018144036,-5.9675927,0.051837236,-0.007192097,0.019323338,0.009111935,0.07905103,0.0020405466,-0.09576986
0.028706014,0.08167896,-0.0024831626,-2.6005975e-05,-0.029133013,0.05387417,0.004923523,-0.0087446505,0.012178295,0.11567193,-0.014746032,1.8118664,-0.028807364,0.009053036,-0.03566564,-0.0010767435,0.0020975752,-6.8374553,-0.09373422,-0.0243157,0.02236953,-0.18731622,-0.053425867,-0.015974399,0.020319132,0.008865705,-0.02324551,0.020200958,-0.06112894,-0.00524876,-0.01819015,0.019233495,0.07878954,0.1255947,-0.020527398,0.01912037,0.14262345,-0.20511577,-0.5511555,0.097876586,-0.047014713,-0.019234024,-0.0148526635,0.020462498,1.6507689,16.160227,-1.586535,0.03221266,-1.2529417,-0.015077109,-0.16472521,-0.0073434906,0.007151895,-0.013313329,-2.4779727,0.0011660438,-0.012434766,0.015619815,0.008317432,-0.000773201,-0.0077673704,0.11154098,-1.4262012,-0.7164199,-0.6381691,-0.074549265,0.147883,-0.20247145,-0.0021422002,-0.09233151
0.13846909,0.031997055,-0.015548901,-9.748478e-05,-0.031263918,-0.008133382,-0.016637716,0.0014229993,0.047572754,0.05550763,-0.12305309,0.51575035,-0.00047499946,0.00523848,0.002239573,-0.020278824,0.0029612093,20.042269,-0.084725104,-0.06250385,-0.050598454,0.07611674,0.021876236,0.027813988,-0.0804251,-0.030117964,0.02152181,-0.010994802,-0.034602266,0.0033459985,0.0187795,-0.034390878,-0.025445843,-0.0053183273,-0.03652948,0.18828484,0.4540606,0.108288705,0.038041145,0.057981577,-0.017161803,0.003456368,0.0038347424,0.02170586,0.99444324,8.421706,1.0206014,0.039125875,2.6324875,-0.0887263,0.04092273,0.04019187,0.003852058,0.004682902,7.459521,-0.018903732,-0.060327057,0.016951667,-0.0031740065,-0.0011082097,-0.03568858,0.019155733,0.5852036,0.046884477,-0.05087078,-0.04441901,-0.0113703655,-0.071117714,-0.017335793,0.004545322
-0.06521257,-0.0049840757,-0.020993443,-0.00013121557,-0.001911642,0.0058253338,3.6817462e-05,0.0027002974,0.001622765,0.030724242,-0.005181854,0.6139835,-0.010044211,-0.005291992,0.008660873,0.00015478273,2.4205987e-05,-18.064507,-0.09778246,0.009796139,0.009779971,-0.044001967,-0.026432551,-0.00053569465,-0.002364659,-0.0059287073,-0.0010854962,0.0073838905,0.0046612965,-0.0037482104,-0.02354555,0.0024382018,0.0015594163,-0.01577508,-0.020408446,-0.0046537453,-0.003419284,-0.05381719,-0.3423129,0.017953383,-0.0033506057,-0.0005143764,-0.0035682244,-0.0030894945,0.86091685,-1.2328193,-1.4091315,0.028339976,-2.761045,-0.03443075,-0.010318259,-0.0007190886,-0.0009635245,-0.006449269,-5.2030535,0.0018839195,-0.0051636226,-0.012985894,0.0055569485,-0.0008829831,-0.009910327,0.01831569,-0.62420595,0.0012546646,-0.0069908807,-0.01930509,-0.010477345,0.024079693,0.003940928,-0.029550143
0.0010346344,0.0026335588,-0.0070626037,-0.00051479955,0.0014224038,0.0034330327,-0.0117052905,0.0032223593,4.073963e-05,0.014630986,-0.0064964863,-0.19123033,-0.0006491832,-0.0025551557,-0.0034942199,0.0007068519,7.2127e-05,-2.5968187,-0.05202536,-0.002254924,0.029102828,0.033048116,-0.00824749,-0.007339289,-0.0018000487,-0.0016234554,0.00919963,-0.005049254,-0.0033916933,0.005905099,-0.0029479172,-0.00233407,-0.0016717234,-0.0018988916,-0.0038388052,-0.008527521,-0.013247059,-0.00018760948,-0.05557911,0.005903361,-0.0009836983,-0.0042008525,-0.0005388705,0.0015730759,-0.24141413,-0.9282711,-0.3244158,-0.024705434,-0.65098584,-0.057240907,0.012458935,0.0068150647,0.0058795116,0.011748531,5.912532,-0.00026310058,-0.00013422532,0.0203452,0.0037674578,-0.015071621,-0.0038291512,0.001481413,-0.44232273,-0.032005016,-0.05808462,-0.014642669,0.0018347667,0.08506366,0.008808009,-0.004234759
0.002697724,-0.017621644,-0.0049800198,-0.00020493157,0.0074355183,-0.0056617334,-0.009764415,6.226358e-05,0.0008600344,-0.03986334,-0.0064886813,-0.3076062,-0.0022401772,-0.0022568477,-0.00436709,0.00072727224,8.7896035e-05,-21.473892,-0.10264743,-0.014802893,-0.024585957,-0.08354521,-0.017660853,0.0009186178,0.0009128699,0.002588499,0.025277786,0.005327064,0.004452554,-0.0006311841,-0.0011848847,0.010837902,-0.0061419928,-0.0028208643,-0.006565659,-0.0026378124,-0.044247013,0.0139983045,-0.07593088,0.0087773865,-0.0018064243,-0.0019414497,0.0033663558,0.0049505965,-0.27722383,-1.4458251,-0.3204031,-0.037090667,-2.9306138,-0.014596565,-0.015663914,-0.051878016,0.0025764026,0.008521499,-14.456646,0.0034251916,0.00044855627,-0.04791433,-0.008878355,-0.0040919296,-0.0414707,0.012334621,-0.054415982,-0.013259451,-0.06434097,-0.009369482,0.0026405337,0.6787137,-0.0007738627,0.15506534
-0.0037935583,0.00089441723,-0.0027449247,-0.00010643028,0.006521498,0.0018375925,-0.021305813,0.002524146,-0.007220348,-0.046786334,-0.0024688153,-0.44912872,-0.0018236515,0.011090224,-0.01055127,-0.00045918723,-0.00013009911,-18.912294,-0.10321583,-0.001577759,-0.001639896,-0.020605987,0.017669503,-0.0039631273,0.0008548662,0.007922665,0.004860944,-0.002137009,0.0045911698,0.0048199045,-0.0014975973,0.00060373335,0.003330024,-0.0004775846,0.013860404,-0.0137736155,-0.049910087,0.023887113,-0.07116441,-0.055055663,-0.0030539862,-0.0013788784,-0.0032909417,0.0038493276,-0.3840331,-1.5151432,0.05609051,-0.069641836,-2.5005834,-0.04943661,-0.009563504,0.013978051,0.007028897,-0.0026579974,-8.395836,0.004969991,-0.0029323646,0.0075709284,0.0015853981,6.4795284e-05,-0.05724894,-0.0011380635,-0.3410982,-0.0051698117,-0.047569036,-0.010065548,-0.019757375,-0.13804722,-0.008181065,-0.03366973
-0.014142582,-0.0013699816,-0.000118644486,-0.00026785472,-0.00068172277,0.0043330505,-0.014704191,-0.0044505773,-0.007545352,0.02608602,0.0015302565,0.3087545,-0.016356621,-0.0005259036,0.0042710435,-0.00014808157,2.8429007e-05,12.930546,-0.008669386,-0.0021720133,0.015619101,-0.03624113,0.012661467,0.031185165,-0.0017108984,-0.0008968799,0.016832605,-0.0027049002,-0.009582351,0.0063578077,0.00046431823,0.0023839269,0.00481535,-0.00013929838,-0.014717496,-0.002790368,-0.005809201,0.036786757,-0.119599134,0.04318149,0.002355805,-0.0069683855,0.0019624513,-7.270856e-05,0.011482103,-0.8612183,-0.5471447,0.05375201,2.6190493,-0.014474423,0.008676157,0.009264182,0.0016137908,0.0083110565,8.828645,-0.00037060666,0.004331154,0.026082953,-0.00458837,-0.0018805264,-0.009066103,0.009724325,0.4012895,0.08524469,-0.124543816,-0.0096261185,0.02349482,0.20852023,0.0019535678,0.01565733
0.011097371,-0.020875553,-0.0090457555,-7.0853115e-05,-0.004738484,-0.0007886756,-0.0073808813,-0.0019218731,-9.7821074e-05,-0.017450787,-0.0073069916,-0.27717,-0.00125114,0.015422003,-0.009246152,0.0003473068,-0.00011573675,-20.550083,-0.09590839,0.0024863265,-0.0025059488,-0.075339004,-0.010788087,0.0006583147,0.00035060264,0.0075125843,0.024615966,0.009598289,0.004144084,-0.0072369054,-0.0010148954,0.01243421,-0.0021223743,-0.0026380736,-0.0061277417,0.06483968,-0.04484579,0.01705405,-0.080237955,0.023667263,-0.0041422523,-0.010772293,0.006731739,0.0015416881,-0.29227155,-1.3205373,-0.48828167,-0.028647479,-2.8233292,-0.009860473,-0.00903309,-0.044834696,-0.0017375185,0.0023133953,-12.491113,0.00031047643,-0.00094317377,0.0038194333,-0.013738575,-0.005721101,-0.050261177,0.010094307,-0.32131773,-0.036717795,-0.07228133,-0.010264589,-0.008095576,0.27113327,-0.0068376213,0.022139002
0.08308037,0.030173777,-0.00553411,-0.0004896507,-0.028194753,0.008874568,0.0649813,0.076935954,-0.037935194,-0.019125229,-0.0023820535,-0.19671115,0.0024100202,0.014111033,-0.0002537542,-0.008429853,-0.00024114076,-18.81245,-0.16055976,-0.005592822,-0.002990973,-0.013120725,-0.007988834,-0.048863057,-0.009415658,0.04612893,0.017240833,-0.0058319685,-0.013653294,0.0063676448,0.0011045315,0.02699489,-0.016232325,-0.051213022,0.009228472,-0.027586835,0.044147063,-0.122479364,0.25009573,-0.004168867,0.03509399,0.025400974,-0.023460468,-0.033534534,-0.26464066,-1.5510541,0.19738707,-0.11546807,-3.447197,0.0082327565,-0.063941635,-0.080873646,0.016337674,0.13878566,-11.449432,0.03115906,0.014492829,-0.117901675,0.0074399277,0.01006948,-0.09061881,0.042821053,7.226485,2.746275,-0.02188311,-0.005172473,-0.04156381,-0.1955191,0.0033986026,0.086034246
0.0037853685,-0.016011221,-0.0030454954,-0.0001846273,-0.0034649586,0.00076990406,-0.007246412,0.0007696363,0.00015221801,0.007335801,-0.0047999267,-0.27763656,-0.0023384294,-0.0027813918,-0.01317236,0.00022514362,8.4080304e-05,-19.885017,-0.09204582,-0.00632827,0.011828883,-0.1390811,-0.015511168,0.0022981956,-0.0011896363,-0.004926129,0.0179851,0.0097102085,0.0059457202,-0.002484898,-7.155514e-05,0.011822649,0.00039021377,-0.0018622355,-0.00069744623,-0.0006228194,-0.030135356,0.009127154,-0.08562259,0.022824315,0.0018501548,0.023294698,0.024270471,0.0015871385,-0.2910586,-1.2621961,-0.48762587,-0.023840562,-2.854048,0.0074100345,-0.018891083,-0.05709905,-0.001726902,-0.01817395,-11.611689,0.003079892,-0.0049217627,0.0045432127,-0.008252585,0.00081116514,-0.032579444,0.002487652,-0.34735817,-0.029658582,-0.08800943,0.01764569,-0.012321287,-0.010149683,-0.0012488528,-0.04126512
0.00046971036,-0.008896367,-0.0020681198,-0.00010996105,0.0010987956,0.00043284462,-0.0058655352,0.001111488,0.0011427981,-0.012764856,-0.010281226,-0.17797631,-0.0008691786,-0.000751769,0.0049372935,0.0007166216,0.0001142994,-17.199999,-0.116913155,-0.0074206963,0.021872025,-0.029399993,-0.009884907,-0.00387695,-0.0012942454,-0.0061255577,0.025716057,-0.014115283,0.0061920644,-0.0068144593,-0.0017324407,0.0037203922,0.0032821605,-0.004495155,-0.0056755906,-0.0076797884,-0.03354173,0.0096721705,-0.08436857,0.00619987,-0.0051346105,-6.0893435e-05,0.0029637865,-0.002419942,-0.29198352,-1.1595341,-0.46023506,-0.02229577,-2.5316486,-0.052060224,0.010433918,-0.0063812905,-0.005673931,0.0063188425,-5.0812974,0.0024680698,-0.0012729283,0.0067697386,0.0005562092,0.0021659909,-0.009862116,0.02092078,-0.78169286,-0.03966733,-0.082759574,-0.00865509,-0.012504636,-0.30465233,-0.0007933708,-0.0821309
0.009935384,-0.015707562,-0.0043025524,3.075329e-05,-0.0027711217,-0.0012259288,-0.015448377,-0.004313444,0.0007719784,-0.02440923,-0.00848996,-0.23910064,-0.00048862246,-0.007208957,-0.013630942,0.0003118295,-0.00016253442,-9.265255,-0.086243324,-0.0016713605,0.019077344,-0.09250695,-0.012722558,-0.0049779126,-0.0012547103,0.0016753674,0.021647826,-0.0054465863,0.0013037011,0.0009337525,-0.0029400177,0.0013443665,-0.0024198706,-0.0042081284,-0.0036974163,-0.0060513816,-0.03469668,-0.0064679137,-0.07421355,0.002761153,-0.0019528227,-0.0017982381,0.0006322214,0.00510962,-0.24474724,-1.1196743,-0.28222963,-0.031141166,-1.2550563,-0.059110276,0.012508628,0.010042714,-0.004186265,0.011760927,-2.4958396,-0.0006878126,0.0031483697,0.02796084,0.0031013594,-0.0034947284,-0.0043001086,-0.011033032,-0.068412445,0.041969247,-0.059552833,0.0018730948,-0.00074167707,0.47495517,0.011883765,0.15024474
0.0071869763,-0.0032767267,-0.0021589124,-6.161101e-06,-0.0013247546,0.0011245396,-0.006550469,0.0004893059,0.0027082926,-0.03109583,-0.005179429,-0.28019544,-0.0029818742,-0.011046929,0.014236138,0.00018541185,-0.00012136303,-16.760849,-0.10071448,-0.003962478,-0.014260924,-0.0930172,-0.01504312,-0.0014061518,-0.004038095,0.006557152,0.023801755,0.009475387,0.0080289645,-0.002715154,-0.00012693134,0.004798446,-0.0005077303,0.00044015129,-0.005813699,0.0009600693,-0.03198367,-0.0074725277,-0.07935057,0.023785885,-0.0010705359,-0.002021213,0.0013512452,0.00069881836,-0.27207816,-0.9383032,-0.46773633,-0.0330008,-2.3229156,-0.00801247,-0.022416675,-0.051540267,-0.0032373604,0.008037811,-3.9611356,0.0012971724,0.0005046939,0.021020308,-0.004834296,0.00655134,-0.043011967,-0.012978426,-0.26421842,-0.019348877,-0.17725898,0.0012605583,0.0068141753,0.42291108,0.002354921,0.06829744
0.03294972,0.1096164,0.06452336,-0.00022042655,-0.0028112675,0.03752434,0.06105806,0.021931568,0.015242853,-0.16095686,0.0532391,-0.21704213,-0.020934848,0.007288101,0.033752155,-0.006522168,0.00027317274,-3.9608133,-0.085260145,0.055312876,0.00417775,0.024277136,0.0098990025,-0.044622265,0.00062345405,0.014876958,0.01883087,0.038594294,-0.025345443,-0.0006240491,-0.021063397,0.020350391,0.011314245,-0.02844979,-0.0095084775,0.043910485,-0.013375294,-0.25404918,0.42918402,0.062389225,0.030840822,0.003416837,-0.0019927733,0.025892718,-0.6010174,4.9945946,1.3217019,-0.19474575,-1.0733235,0.06196473,-0.050445024,-0.08281385,0.004823174,0.2139686,-9.592479,-0.002015013,-0.020348513,-0.14900821,0.009007884,-0.02501063,-0.16818531,0.026599111,12.528108,1.8321981,0.8864692,0.015614507,-0.064743444,0.117793776,0.00072246284,0.00856268
0.0036005604,-0.013183998,-0.004478311,-0.00019308322,0.0018295768,-0.0008432412,-0.008180468,-0.00027525728,0.0005938651,0.016750839,-0.003454185,-0.24101074,0.0009853826,-0.0017634426,-0.010351295,3.6985744e-05,8.790625e-05,-19.913559,-0.09147718,-0.005003271,0.014032351,-0.1268308,-0.015472339,0.0017736471,0.011238614,0.0010327052,0.016334983,0.009778982,0.004181711,-0.0066071157,-0.0010133352,0.00654938,-0.0021060705,0.0019950937,-0.001985362,-0.0052938806,-0.02309787,0.004331122,-0.0816423,0.026840882,-0.0035326967,0.0137905255,-0.0086576305,0.002291879,-0.29231113,-1.2884704,-0.5008203,-0.022642627,-2.8577647,0.013827628,-0.02144201,-0.049802933,-0.0018445344,-0.01670885,-11.608812,0.0038101715,-0.004399641,0.0066783563,-0.006525568,0.00089428195,-0.05164964,0.0017983621,-0.35345533,-0.035034027,-0.08872586,0.009479457,0.00062123104,-0.040961336,0.0041739745,-0.06573675
-0.011066902,-0.004808815,-0.012378938,-0.00027112308,-0.014035473,0.00602179,-0.020519827,0.0040737796,-0.005434382,-0.06423511,-0.00771342,-0.42698306,-0.0024986558,-0.0010244309,0.0032369301,-0.0012883875,1.7904773e-05,0.648123,0.009563214,-0.00070001226,0.011581709,0.013432861,0.007435023,-0.0021757123,-0.008307084,-0.01083411,0.01449162,-0.0037018505,0.0052802553,-0.010272422,-0.00027514668,0.0020418223,-0.005953316,-0.003137745,0.014011891,-0.01598121,-0.037462264,0.025780067,0.06230341,-0.059335276,-0.0061684167,-0.002138191,-0.0022344051,-0.009094004,-0.42867893,-1.3341992,0.19123416,-0.043343943,1.8915362,-0.023501448,-0.008006804,0.03484363,-0.0047758287,-0.013673135,4.943797,0.0030834484,-0.0040443633,0.016175948,0.0027449683,0.0038528899,-0.008599384,0.002582379,-0.652615,-0.2572922,-0.012138058,-0.0054695923,0.01399218,-0.30521733,0.013893882,-0.12911464
0.012064347,0.018270977,0.032263108,-0.0006469206,0.027892845,0.02296485,0.029495938,-0.0030800074,0.029598942,0.086662844,-0.010630234,0.34496528,-0.015107232,-0.07993558,0.008558349,0.003824712,0.00026602484,9.872631,0.00555908,-0.011723543,-0.08330308,0.05999136,0.012290608,0.03049605,0.013309923,-0.02639656,-0.037370447,0.046775844,-0.011760721,0.02766454,-0.01679818,0.072946526,0.06913237,-0.18387228,-0.014066194,0.029283274,0.22035398,-0.27907217,0.34438783,-0.05858344,-0.00082369463,0.050467946,0.033446364,0.01793558,1.4614232,2.636953,0.6669649,-0.07993877,2.6472101,-0.15163177,-0.034307577,-0.059094205,-0.01171861,0.22292037,-8.840327,-0.011229109,0.021154385,-0.006521611,-0.0005378532,-0.019318288,-0.16742744,-0.10132773,-8.266028,0.118243694,0.549872,-0.013538581,-0.06492419,-0.057800986,-0.035997897,-0.017385682
0.017850615,-0.0067013847,-0.05265554,-0.00025481844,-0.014338151,-0.022304673,0.1499854,0.045039937,0.0055547487,-0.04567055,0.007326412,-0.53595006,0.10162524,0.00023220948,0.0027547062,-0.0063124145,0.00044363257,-6.4653254,-0.06909176,-0.008083396,0.0005186712,-0.02139363,0.0068629594,-0.025044743,0.005510884,0.029632438,0.020388262,0.012061056,-0.008266991,-0.0004736158,-0.0016303374,0.017456012,-0.014183613,0.0140737025,-0.02508141,-0.005687345,-0.059126258,0.03965556,-0.049390737,-0.0014681439,0.005759433,-0.0025310493,0.008083758,0.005486387,-0.52853894,-1.1733344,-0.40094975,-0.1042559,-0.98642534,-0.05094391,0.011339635,0.030949034,-0.0008941199,0.027019558,1.0931784,-0.002363116,0.009300515,0.07372451,-0.025448544,0.006259025,-0.01810551,-0.0010380778,4.5196023,0.3337333,-0.025916353,0.0062177335,0.0052637574,2.1812985,0.02909477,0.50249326
-0.008466102,-0.00012616279,-0.0074691256,-0.00025933783,-0.005224919,0.0007080619,-0.0026892386,-0.001406897,0.00889883,0.032671697,-0.0015315332,-0.0066025117,-0.0018343912,0.0005904854,0.0070834225,0.0009597924,9.0050155e-05,-19.481262,-0.08983219,-0.0026197664,-0.004927567,-0.12174689,-0.032171633,-0.010490926,0.03201658,0.002681841,0.017400783,0.018061064,0.0042863027,-0.0059801945,0.00053591153,0.0051774434,-0.010409945,0.006818208,-0.0021359746,0.032959603,-0.010593114,0.0071776574,-0.09146386,0.03411168,0.0052770525,0.0029084696,-0.0024909624,0.00073772063,-0.22345383,-1.2926981,-0.65142816,0.009783068,-2.7713797,-0.009366728,-0.028933082,-0.04321912,-0.00046069242,-0.014300774,-9.833009,0.0015390074,-0.005132796,0.0048223794,-0.004369054,-0.008394624,-0.027951868,0.014461471,-0.48766044,-0.05035009,-0.10350322,-0.00401461,0.010625074,-0.18078771,-0.0063340846,-0.0660302
-0.009696054,-0.006364614,-0.010787959,-0.00013820891,-0.010973134,0.0044181594,-0.007750946,-7.0804585e-05,-0.0044732196,0.02715737,-0.007560122,-0.004090843,-0.000744175,-0.0014671887,0.00097127317,0.00010205248,8.4080304e-05,-17.39836,-0.09543582,0.0048898417,0.006077703,-0.029202826,-0.015362094,-6.454392e-05,-0.006465072,0.004920909,0.017956333,0.010786647,0.007718969,-0.003996227,0.0011129193,0.008655559,-0.0008734827,-0.005500769,-0.0042018364,-0.0064606615,-0.03164852,-0.0025912256,-0.085920796,0.030882122,-0.0029967793,-0.0023724404,-0.0049326806,0.0039947545,-0.24618474,-1.0981562,-0.53913283,0.025674658,-2.4745333,-0.046815798,-0.025133925,-0.006051067,-0.00078316167,0.007254464,-4.761767,0.00090401043,-0.0011780622,0.0047973036,-0.00078522536,0.00034247662,-0.033889417,0.0019659742,-0.13124081,-0.04358764,-0.0953247,0.003503879,-0.002828395,0.5183845,0.0075067664,0.16655262
0.020269377,0.009923012,-0.017185131,1.7681215e-05,-0.0064149112,0.019009449,-0.012694619,0.014407409,0.0135740675,0.031094002,-0.0036667997,0.016590057,-0.011978353,0.016527899,0.0018824656,0.00069596624,-9.16977e-05,-21.672747,-0.08971688,0.00047674656,-0.021330662,-0.09711301,-0.017300993,0.006679154,0.016944481,-0.0018120467,-0.07287465,0.036005855,0.0065056034,-0.0078376215,0.013056043,0.011999516,-0.019587908,-0.016010195,-0.0029704608,0.0715932,0.27141714,-0.12550217,-0.10432167,0.03462735,0.0031725292,-0.009529942,-0.015204915,0.009826584,0.04996577,-1.6277527,-0.8719311,0.043592356,-3.1576366,0.019025803,-0.024202745,-0.07889411,-0.0055576353,-0.028803598,-13.434899,0.0052665467,-0.0063014454,-0.013977131,0.00880426,0.0046218354,-0.045256797,-0.01932605,-0.49999714,-0.047023952,-0.053531263,-0.017274022,0.024437536,-0.12008643,0.003577242,-0.031695437
0.0024999648,-0.0050864643,-0.0026965712,-4.73071e-05,0.0016344762,-0.000655812,-0.006130876,0.001146416,-0.0056703626,-0.032725975,-0.003822844,-0.29272312,-0.002079407,-0.0013476312,0.0010915024,0.00040403797,8.4731306e-05,-18.161089,-0.10606161,-0.0022003464,-0.011369549,-0.084641516,-0.011089001,0.0005037855,-0.0019778693,0.0035581724,0.0229495,0.007965466,0.0052057086,-0.0049653854,-0.0008292467,0.007335978,0.0069990717,-0.0013668681,-0.014637632,-0.0056350287,-0.03491717,0.005048438,-0.07634743,-0.0066758725,0.0011257367,-0.0015301142,0.0018632389,0.00065284036,-0.2907556,-1.0640738,-0.4789158,-0.03763563,-2.5310943,-0.011919458,-0.0123002045,-0.06874719,-0.0006326194,0.007926144,-7.445123,-0.00036718848,-0.0005764761,0.007738135,-3.6014608e-05,0.011507615,-0.03464971,-0.0073518846,-0.31128988,-0.04571351,-0.07586458,0.0040719043,-0.012332536,0.12524906,-0.0019106113,0.0351772
-0.027666084,0.0372798,-0.08277478,0.00030530346,0.037567984,0.010114517,0.004242522,0.06263349,-0.0031745578,0.115654826,-0.07637369,2.2481449,-0.057586305,0.003984412,-0.011732113,-0.024105169,0.00091797026,10.894975,-0.1360213,0.023992212,-0.044143975,0.046666272,0.028866436,0.0021292586,0.04818924,0.012348311,0.07363386,0.014290145,0.032625552,-0.02645891,0.021748312,0.012356192,-0.017520213,0.029696407,0.034318373,0.016456177,0.13395974,0.13626218,0.054053918,-0.047827113,-0.03921406,-0.007325978,0.012478434,-0.031839535,3.5588207,26.896725,0.80275077,0.47743213,-0.9278146,-0.117701314,-0.05492245,-0.01357598,0.010840125,-0.0034572405,-4.3566265,0.0001564142,-0.015428341,0.070766106,-0.055184603,0.03216536,-0.04963972,-0.08788312,28.275051,1.5992169,0.99323136,0.0030722623,0.04249294,-0.02679415,0.009521458,0.0065796655
-0.01991421,0.035241086,-0.020708771,-0.0007001424,-0.009102429,0.038417477,0.05320439,0.02350408,-0.0027020175,-0.09558334,-0.0046828426,-0.60483336,-0.033399466,-0.038338523,-0.002312538,-0.001880886,-0.017491482,-5.7182083,-0.10259561,0.0035320667,-0.24184392,-0.049698304,-0.001832606,-0.040824957,0.0034507718,0.008346101,-0.002915361,0.0020266755,0.009555468,-0.02281793,0.008565081,-0.0009917594,-0.0150489025,-0.0911734,-0.04973366,-0.018614028,-0.037766766,-0.3592287,0.18931091,0.007151769,0.0066075902,0.028365577,-0.0144100515,-0.04714051,0.11819678,1.4175761,0.57950306,-0.07815585,-1.6439089,-0.042516727,-0.028506171,-0.090573005,0.001321564,0.013784192,-14.397392,-0.007833397,-0.008293166,-0.009369945,-0.0061651496,-0.014391852,-0.17466898,-0.03646495,-3.071214,0.27856398,0.51603425,0.022928081,-0.03868061,-0.084146045,0.017057525,-0.06802469
-0.0016272182,0.00231576,0.018032432,0.005372475,-0.019221166,-0.0061191386,-0.0010339011,0.002730496,0.0011006243,0.016352644,-0.0052606896,-0.16495967,-0.0033859222,-0.000936554,0.019200087,-0.0019225221,7.147652e-05,-1.6750283,-0.041381337,0.0020610914,0.011885621,0.004501427,0.010591018,-0.009277113,-0.0018096413,-0.0015011597,0.009654854,-0.0026112273,0.008446952,0.00044354622,-0.00037688942,0.006038161,0.0015184764,-0.0011302151,-0.0034032576,-0.0121230325,-0.021246573,0.012295597,-0.061154433,0.0008939246,-0.0014325856,-0.0047130547,0.006260501,-0.003342083,-0.28439298,-1.0816207,-0.21660744,-0.038849678,-0.59904504,-0.04164602,-0.0009768459,0.0072641633,0.0044654985,0.004132638,5.685739,0.0034391368,-0.0025672065,0.015896082,-0.0020352525,-0.0076629613,-0.0007397702,0.012711232,-0.82580775,-0.056760233,-0.060832497,-0.007109434,-0.014640372,-1.0866094,-0.0014554576,-0.25738952
-0.00032379452,0.107491374,-0.07652128,9.413918e-05,-0.015593033,-0.015328557,0.017541021,0.0025783863,0.005030508,0.022508558,-0.02485959,1.5335349,-0.1454608,0.0027683114,0.016522096,-0.01160228,0.0018472337,-4.337538,-0.09999648,-0.004156942,0.033150133,-0.1089149,0.013798632,0.011960918,0.008899696,0.007455095,0.031486854,0.090985246,-0.006383376,0.0208736,-0.026910251,0.017951472,0.00037897314,0.055702183,-0.017134769,0.1699392,0.13701251,-0.17725903,-0.16968136,-0.05494155,-0.013183935,0.023377484,0.037710894,0.00646458,1.6399264,21.309504,1.0382411,0.053344473,-1.0463736,0.023821883,-0.024517758,-0.0016148676,0.008449376,0.023009997,-3.0268853,-0.008744524,-0.010736825,0.017114809,-0.06434675,0.05724755,-0.025998041,0.04894319,24.192995,1.3670315,0.3226774,-0.04253545,-0.0030446686,-0.1512367,0.0025076435,-0.004489732
0.007796691,-0.00831596,-0.0027581863,-0.0002360654,-0.0023883467,-0.006212495,-0.016710918,-0.010166749,-0.0006382841,-0.044762436,-0.0021612518,-0.67534846,-0.037729245,-0.0027396642,0.018968338,-0.0049459194,7.0767834e-05,-19.504917,-0.06974905,-0.008604963,-0.013673837,-0.14295563,-0.0142107885,-0.001943252,-0.028833197,0.008554209,0.020651057,0.052800078,0.025784517,0.010095838,-0.0018776295,0.007976345,-0.0010645852,-0.0043463535,-0.007717269,-0.006652411,-0.0783761,0.04613241,-0.065362334,0.027027218,-0.0026556314,-0.022672154,0.0063426252,0.019960137,-0.5037481,-1.4103506,-0.45231465,-0.107738286,-2.940345,-0.015956996,0.009273715,-0.047571238,-0.006335676,0.0069018593,-10.225447,0.008665662,0.012984911,0.012140578,-0.00040876653,0.00362679,-0.014008496,-0.003875714,3.1569428,-0.041977435,-0.07330823,-0.008680411,-0.0038397708,1.049602,0.014263345,0.20950349
0.021862544,-0.005526864,-0.004299846,-0.00029270322,0.0038636208,-0.012638986,-0.010015666,-0.009204053,-0.0032658055,-0.047615442,-0.0081867315,-0.5685704,0.00016686614,-0.00435698,-0.0009231598,-0.00036321703,7.734714e-05,-5.3980045,-0.02823796,0.0022330247,0.0066682994,0.031443458,0.009869964,0.0010165346,0.014857129,0.00315356,0.014480594,-0.0018205257,-0.011217592,0.004203124,-0.004279882,-0.007775985,0.000891015,0.011542322,0.0004911929,-0.017164154,-0.1200838,0.026321227,-0.03995029,0.015730487,-0.00692387,-0.0018778762,0.004222625,0.0032752184,-0.48142645,-1.3296441,0.14126702,-0.07359558,-0.66462314,-0.000931328,0.012689989,-0.0053634616,-0.0005628658,0.0059579513,1.4018621,-0.005610805,-0.0016321791,0.024877565,-0.010373327,-0.011370326,-0.031570338,0.009901566,2.0142503,-0.2413826,-0.029285891,-0.0019727417,-0.041479625,0.97882533,-0.014728884,0.13205603
-0.25326306,-0.0016186227,-0.0069114617,-0.00041359547,0.0020818354,-0.0015815874,0.016306462,-0.009873301,-0.006727804,-0.060793534,-0.0030922636,-0.34095165,-0.021254674,-0.007194604,0.014890882,-0.00018422464,0.003221811,13.259929,0.0016534658,0.010330504,0.042521555,0.06527648,0.00957897,-0.015783727,-0.00058651104,-0.0043474683,-0.042154394,-0.0187784,0.0014798188,0.0025951078,-0.039451696,-0.006657721,-0.004009261,0.015926039,-0.000108018,-0.020036168,-0.04607627,0.017338755,-0.024045989,-0.10590754,0.0019039679,0.008377947,-0.00624574,-0.0070774197,-0.33521795,-1.0656137,0.046522293,-0.05239038,2.4230504,0.08055647,0.048803277,0.036398217,0.0021643068,-0.0028944598,8.569457,0.0100810295,-0.0013019177,-0.011318007,0.0032991737,-0.029140025,-0.003085536,0.008174979,-2.7510233,-0.09981798,-0.010519645,-0.016350163,0.020901343,-1.7165904,0.013896364,-0.3381516
-0.06306209,-0.009758538,0.0068153567,-0.00034237094,0.011290644,0.0018208171,-0.004084335,-0.0010965811,-0.0035151439,0.020246465,0.011496418,0.53754705,-0.016010737,0.009222051,0.0042350017,-0.005213404,0.00013202816,7.0284195,-0.04811923,-0.0020299975,0.0369528,0.057785638,0.016588038,0.051262334,-0.0004102463,-0.0008849121,0.022129536,-0.007104639,-0.007070912,0.0110328235,-0.012329531,0.0024186762,0.0012397142,-0.0010769509,0.037426423,-0.00871449,0.012633598,-0.009866438,-0.21587221,0.031096416,-0.0016346609,-0.015496042,0.0016665265,-0.006848229,0.2694687,-1.2810916,-0.8044607,-0.0007327227,1.9432195,-0.017662924,-0.0016942619,0.007131509,0.001602179,0.0020508447,2.258096,0.0039545707,0.0025716112,0.02036561,-0.020065598,-0.022497788,0.003332767,0.0067859692,-0.82418233,-0.0029079292,0.005991086,-0.010273649,-0.008599368,-0.19015802,0.0048859855,-0.11761924
0.2182658,0.011974332,0.1727814,-0.0008200563,-0.013059701,0.002991263,0.0343828,-0.0071558566,0.026348686,0.044996332,-0.021880066,0.106611066,-0.013392541,0.0009058892,-0.011625251,-0.00013571126,4.48196e-05,-18.489763,-0.098052666,-0.005191833,-0.017020864,-0.08898461,-0.016882265,0.00036501148,0.026065767,-0.008229629,-0.019211965,0.04262611,0.011749082,-0.011130995,-0.03736241,-0.035947993,0.051558256,-0.010003515,-0.02035816,0.18028387,0.59137666,-0.005890924,-0.46106035,-0.004293151,0.023940876,-0.021899275,0.015371318,0.02128559,0.42729512,0.36843994,-1.1427993,0.043639734,-2.6743026,0.003946692,-0.0049814167,0.0013391903,0.0024197686,-0.013859505,-6.988983,-0.0010398305,-0.009753965,0.0070135463,-0.01467444,-0.0022960387,-0.051530056,-0.07982379,0.009958753,-0.03699352,-0.10262905,-0.005087767,0.02887469,0.28610054,0.008272783,0.09823051
-0.005416533,0.0144279925,0.089159764,0.00019459985,-0.007825025,0.039744224,0.0043630973,0.03324917,0.008260359,-0.34786838,-0.012611637,0.19363624,-0.023938665,-0.0044610794,-0.0069577736,0.036014315,0.003078176,22.685474,0.05076544,0.008327016,-0.001852874,0.06816788,-0.016709408,0.03614897,0.05324347,-0.0018246213,0.012870752,-0.0134874545,0.03788979,-0.0077367313,0.017918767,0.0044328123,0.067692496,-0.06365271,-0.021571966,0.013428196,-0.080954745,-0.28367257,0.22858308,0.04605596,-0.015434487,0.0021997509,-0.03436408,0.018683044,-0.34316072,5.2411337,0.4735521,-0.13970272,2.0804148,-0.037834015,0.16902122,0.03334601,0.022597274,0.019069275,-1.9890416,0.0019156971,-0.012826012,-0.0102548525,0.0033819785,-0.009336563,-0.01932776,0.047537215,-2.7890592,0.19834736,-0.0071036494,0.022299403,-0.07753745,-0.06897637,0.032281414,-0.076645315
0.0018650551,-0.0035840354,-0.004099637,-0.0001255129,0.006955444,-0.009119074,-0.017530318,0.0018322445,0.00393986,0.026579922,0.0060771722,0.098987736,-0.008830206,-0.0033877275,0.00049585104,0.0005710526,8.424146e-05,-19.726559,-0.09495719,-0.0028048288,0.00040991782,-0.024054404,-0.03565424,0.0063057677,0.04664095,-0.0053539304,-0.066439055,0.012017603,0.020349802,-0.013380546,0.000506931,0.007955686,-0.0085173575,-0.0061605717,-0.017508203,0.05516053,0.021066934,-0.00080840435,-0.07848603,0.033423953,0.006149221,0.006820723,-0.007071745,0.0033675327,0.014529268,-1.3867091,-0.706346,0.0369642,-2.8007042,0.0036333853,-0.016467577,-0.05015025,-0.0056126886,-0.013887786,-9.069697,0.0034486805,0.0125997495,0.009268058,0.0030676716,0.0007776908,-0.038614437,-0.010205177,-0.5466908,-0.06416971,-0.06641147,-0.013027804,0.012509648,-0.34187558,0.009949646,-0.13733238
-0.000904764,-0.0036758722,-0.014229901,-0.00018350978,-0.015796985,-0.02944742,-0.0072184186,0.004151713,-0.0035971887,0.0056601083,-0.003448542,-0.51826763,-0.0055299075,0.008694892,1.2877081e-06,-0.0033113288,9.138246e-05,-19.191628,-0.10129474,0.004126156,0.00999312,-0.004931824,-0.021894205,0.022997318,0.0018085602,0.009873186,-0.031161768,-0.0044122916,0.011588329,-0.0066117835,-0.012521398,-0.0003854481,-0.0040585226,-0.04664178,0.0068426584,-0.012834581,-0.020241901,-0.007405119,0.06950702,0.022771155,0.0018544489,0.0072275805,-0.0062921788,0.0050044367,-0.28527662,-1.7587867,0.17168179,-0.05308359,-2.5266342,-0.022778625,-0.015311501,0.028636584,-0.0016038887,-0.008261247,-8.251492,-0.0045650136,-0.00452827,0.007667588,-0.09861529,-0.007514604,-0.027240943,-4.2639847e-05,-0.34284505,-0.011556764,-0.028468201,-0.023833174,0.008353911,-0.15549022,0.0014902205,-0.07025345
0.2622013,0.019195197,0.16440015,-0.0006571506,0.012959537,0.014946027,0.016379686,-0.027594818,-0.0012449676,0.15212637,-0.03953946,-0.04006587,0.025364699,0.0070681684,-0.009187194,-0.0069293543,3.0665287e-05,-16.705801,-0.09592934,0.014670492,-0.0001076985,-0.040265635,0.076782376,-0.040686067,0.016127389,0.0028444633,-0.042277295,0.036012396,0.01891866,-0.026503827,-0.0069727884,-0.00231507,0.0050258804,-0.075436205,0.08064704,0.29658183,0.46756095,0.17954725,0.13511594,0.061059512,0.10759714,0.10829153,-0.011306979,0.007871727,-0.07575199,-1.6733727,0.17899232,0.034803532,-2.3674765,-0.039322287,0.026855646,-0.00998068,0.0027640194,-0.0036179577,-3.4180372,0.0026767894,-0.0062621157,0.045415364,0.012991367,-0.00089292775,-0.09365753,0.05648747,-0.32885006,0.037076645,0.009409714,0.005939341,-0.10736297,0.12783323,0.015307654,0.105484776
-0.0029243224,-0.0033695945,-0.0073395474,-0.0001369219,-0.00012844022,0.00014109221,-0.0054548704,1.584733e-05,-0.000919705,0.0058921017,-0.0048152506,-0.20030738,-0.0008397173,-0.0020888872,-0.0014552524,0.00045199416,7.839427e-05,-4.476773,-0.062891036,-0.010635961,0.015676893,-0.007855634,0.012286901,-0.0029913862,-0.0056874505,-0.009293959,0.012430427,-0.004596407,0.0101717105,-0.011316007,-0.0007882225,0.0003699944,0.0013885639,-0.00093658315,-0.0025944011,-0.009410356,-0.017887356,0.004184423,-0.074355856,0.01805458,-0.004925793,0.0028886718,0.0020012055,0.0052301567,-0.2501603,-0.97991955,-0.40662053,-0.032075975,-0.8226492,-0.053180944,0.005928876,-0.0014008235,-0.00048366512,0.005737301,2.8107672,-0.00070365414,-0.0007837912,0.020368349,-0.002914044,0.0018373384,-0.031224625,0.0065882485,-0.43200406,-0.05524238,-0.087549604,-0.0074032284,-0.010243544,-0.5923429,-0.008222716,-0.13031578
-0.009737685,-0.10034648,0.0764092,-0.0002156031,0.0004560366,-0.0009198505,0.011701544,-0.0152701065,0.003026187,0.054337088,0.010532364,2.1265638,-0.040414903,0.0003312691,0.03113782,-0.020199586,0.0019212225,-9.617995,-0.061422642,-0.0055712177,0.035904516,0.01728107,0.043833848,0.049144834,-0.00989489,-0.0038510186,0.050746884,-0.0063383644,0.01731615,-0.014170358,-0.05687974,0.01821313,-0.0017941253,0.015715498,-0.06780541,0.007701021,0.12399015,0.031767022,-0.3585068,0.03412578,-0.009274284,-0.014650144,0.014045832,0.011029899,2.0792243,3.7649794,0.4062916,0.17460035,-1.2654898,-0.041222792,0.028619964,0.035792723,-0.00017732967,-0.012024323,-2.497873,-0.0034927933,-0.009630334,0.01302542,-0.00079783343,-0.01592892,-0.0061401627,0.06252367,14.294122,-0.34486005,-0.22719379,-0.020438623,-0.0006824713,-0.3497783,0.0118882675,-0.068303466
0.043762166,0.0069205333,0.00057687063,-0.00019735862,0.24493028,-0.003700082,-0.011479868,0.001631171,-0.06509635,0.042948075,-0.02199474,0.069749214,-0.006557647,0.0046279714,0.01489104,-0.0016578906,4.1989842e-05,-19.61769,-0.1024344,-0.0009953268,0.0153838685,-0.035424244,-0.032384112,0.00591668,0.050454505,0.010431664,-0.0762575,0.013791263,0.004554518,-0.009555662,0.00090678036,0.006915102,0.054549243,0.005912542,0.012280469,0.045931797,0.021059329,-0.0031810233,-0.07841203,-0.01330522,-0.00015900559,-0.010321442,0.019294076,0.0040378994,-0.02834987,-1.5172842,-0.75109017,0.052320812,-2.9848425,0.0039066104,-0.011077867,0.077305675,-0.009396217,-0.015538759,-10.322963,0.010984192,0.0025817987,0.022671489,-0.0006597441,-0.024014909,-0.020758465,0.0046716155,-0.964906,-0.059365027,-0.06442692,-0.00493006,0.0026808959,-0.55698556,-0.010590576,-0.10906519
-0.02931284,-0.037230108,-0.04785165,-0.0007679119,-0.011455265,-0.07733918,0.049691908,0.008390599,-0.009982308,0.18342952,-0.00808136,0.14235266,-0.012266168,0.019097395,0.015187148,-0.0014270238,0.0005047227,-4.4753976,-0.07515417,-0.022534393,-0.0013020351,0.04435087,-0.0014860953,-0.019749586,0.04356191,0.032453414,-0.0063116355,0.0061687175,0.014990718,-0.0072722244,-0.022822369,0.0023914485,0.025016882,-0.0054397313,-0.039502706,-0.021695219,-0.022361783,-0.32835364,0.24880335,-0.35725957,-0.008560815,0.043440077,-0.014035555,0.028519658,0.66216236,2.0911663,0.6863528,-0.02857601,-1.028251,-0.04672329,-0.035384975,-0.034067847,-0.004169872,-0.026532425,-12.798507,-0.010313723,-0.00307602,-0.02965456,-0.01263126,-0.031737354,-0.16853681,0.023186026,-0.3592929,1.4195284,1.218875,-0.008372099,0.005683614,-0.21880902,-0.006313486,-0.06301871
-0.07619677,0.0637146,-0.0364488,0.0019506668,0.00487509,-0.016592044,-0.010854649,0.010862309,0.051255614,0.101564035,-0.027187238,0.037188597,0.09123724,0.0043903133,-0.058003142,-0.005383259,-5.0613235e-06,22.52036,-0.041296825,-0.025460204,-0.044006355,0.046548624,0.0069164094,0.0242374,-0.016543703,-0.012140504,0.011404381,0.033353444,-0.01405795,0.02346946,-0.0033391356,0.015038112,-0.027632704,-0.030985806,-0.0023273206,0.2263666,1.0166295,0.18848899,0.26630732,0.050442874,-0.02582512,-0.0054289987,0.0064439615,0.022080641,1.0215789,6.052215,1.3105536,0.10498248,2.7075918,-0.045451242,0.038226314,0.054471016,-0.012527986,0.0020845414,7.9477835,-0.050634045,-0.00745406,0.06460427,-0.010250209,-0.010916023,-0.010299755,0.018612623,4.175619,-0.055218518,-0.17186117,-0.00048246374,0.019102804,0.026603946,-0.013784688,-0.0040769777
0.0010000761,-0.0180763,-0.0064266324,-0.000111141584,-0.008757205,0.011770936,-0.0072136926,-0.0019190961,-0.10498922,0.015433847,-0.0054466184,-0.29472527,-0.0032023652,-0.0021763807,0.004372346,0.00084599823,8.058509e-05,-17.447844,-0.10751589,-0.013308826,0.018251715,-0.026565487,-0.011539191,-0.007889652,0.0023407629,-0.0073043862,0.018317495,0.00993509,0.008180738,0.0046888143,0.0029656524,-0.00074686966,-0.023756366,0.007016445,-0.0017328074,-0.0054112272,-0.0235126,0.0023987095,-0.0733291,0.00025106993,0.008462365,-0.00219115,-0.0015426896,0.00037385733,-0.30390543,-1.1362702,-0.46550563,-0.024389178,-2.4782948,-0.06331951,-0.010133421,-0.015169627,-0.0019946075,-0.022875536,-5.9195323,0.0064873956,0.002325657,0.0264132,-0.008918715,-0.01641009,-0.055341206,-0.004533369,-0.7423441,-0.073113374,-0.06953122,-0.010614293,-0.009533888,-0.29979923,-0.009313082,-0.09180234
-0.000225452,-0.0023195643,-0.0010420159,-5.00259e-05,0.00012753064,-0.0010989883,-0.004451695,0.00076743605,-0.005879283,0.0069288285,-0.0028628309,-0.3078341,-0.0031857602,-0.0020304185,0.0039745723,0.00087009964,8.4731306e-05,-17.761736,-0.10917176,-0.0077159535,0.003580849,-0.026092647,-0.010050427,-0.0010168513,0.0050614253,-0.006376284,0.025242213,0.008154117,0.0043945415,-0.0057442705,0.0007052288,0.003463015,0.0007316516,-0.00253136,-0.016003165,-0.0064085885,-0.027118703,0.0023901984,-0.080661,0.0013019893,0.0045518093,-0.0011315962,0.004934749,-0.00096288853,-0.30449712,-1.1222218,-0.48152435,-0.0360516,-2.5129697,-0.053664107,-0.016933313,0.0023368692,-0.0017838995,-0.0037553492,-6.9234285,0.0018321854,-0.004782832,0.013841876,0.0014112092,0.0044484506,-0.044824842,-0.0072385063,-0.75169694,-0.05521661,-0.0668972,-0.0090236,-0.0036340388,-0.4096599,-0.0020781728,-0.09172991
-0.0035396474,-0.019569645,-0.0060969116,0.0052493988,-0.009925011,-0.0039897617,-0.027773516,-0.003548536,-0.009842839,0.0014394814,-0.0057690484,-0.23761334,-0.0036061518,-0.0018055416,-0.01662801,0.0035955647,-0.00021384058,22.957787,0.02875085,0.01426211,0.061532807,0.06977549,0.007938187,0.07078495,-0.0024494703,0.0013526783,0.019224077,-0.036230125,0.0053475546,0.0043793316,0.01649029,-0.032634042,-0.005290863,-0.005067473,-0.00743248,-0.009328276,-0.028210266,0.019161677,-0.055119995,-0.08941502,7.4032396e-05,0.001583521,0.00021076949,-0.027484762,-0.24771401,-0.9676338,-0.3478033,-0.030986585,3.0926852,0.06681398,0.067108765,0.07470382,-0.00015667814,0.0083488105,10.895296,0.0022969309,0.004278957,0.046607792,0.0034877372,0.004975753,0.016347032,-4.6621884e-05,-2.1788323,-0.002012651,-0.055868097,-0.0075125494,0.018194249,-1.8711143,-0.003954374,-0.3419086
0.00988094,-0.0093808565,-0.004829039,-0.00015457369,-0.00015575552,0.0030457806,-0.0064757694,-0.0009785829,-0.0066506113,0.024196122,-0.009353777,-0.1769508,0.0019409661,-0.001258388,0.00075948104,0.001164,8.058509e-05,-17.813496,-0.09835219,0.0006888936,0.0017097648,-0.028533073,-0.008254018,0.0008202713,-0.0088493815,0.00490401,0.019596891,0.013508658,0.008602192,-0.004079913,2.9134302e-05,0.009280753,0.001028311,0.0007513858,-0.0059932615,-0.009440673,-0.04270725,0.0053377748,-0.08263228,0.027166398,-0.0021228269,-0.0072711534,-0.0011599205,0.0055281497,-0.27625737,-1.1028813,-0.48152974,0.0004927444,-2.5274205,0.0018254535,-0.012277846,-0.0023622585,0.0016167217,0.008897187,-5.32885,0.0028519821,-0.00093770475,0.0039462205,0.0007765058,-0.000119777775,-0.03830554,0.005455137,-0.05727116,-0.037047077,-0.09442084,-0.0008298367,-0.013693061,0.44038543,0.00032262513,0.15741754
-0.11463867,0.038409695,0.012021157,-7.019166e-05,-0.04750626,0.018575335,-0.051659543,-0.015070653,0.0018453794,0.06474004,0.0025254423,-0.31127393,0.010560202,0.0009086782,-0.0051855845,-0.000110124325,-1.1747259e-05,9.420568,-0.016843013,-0.034190547,0.008515181,0.065201856,0.023579836,0.0018513588,0.069457434,0.007393781,0.030086145,0.030500535,0.014912702,-0.01366985,0.007973144,0.00945122,0.001870647,-0.048959102,0.01764906,0.029283479,0.03594504,-0.18319006,0.21489689,-0.18800361,0.04264655,-0.048385434,-0.0006890643,-0.0025267524,0.21687375,-0.7853212,0.42570892,-0.07150938,2.3256555,-0.03004529,-0.0067712087,-0.01660445,-0.00738926,-0.0154082235,-3.7072845,-0.012476146,-0.020573707,0.11113971,-0.04234902,-0.009429257,0.05863983,0.040494714,-10.753009,-0.7705899,-0.27287808,0.0012737222,-0.06339697,-0.27041963,0.03176374,-0.096728645
-0.04399791,0.056783076,0.0032892176,-0.0012539757,0.13147327,-0.013928837,-0.031171484,-0.012585162,-0.09221457,0.09059142,-0.020516075,0.5517779,0.062276904,0.004469244,0.0063160895,-0.020854434,4.990531e-05,-19.21026,-0.041551575,0.00830039,-0.014591654,-0.07883335,-0.09588533,-0.008168996,0.013845658,-0.015181882,-0.08615249,0.047345277,0.0076469043,0.0003920351,0.02686629,-0.0038385955,0.15237944,0.038291067,0.027350651,0.15941404,1.5625268,0.2122669,0.22184303,0.03165602,-0.003845955,0.0786692,-0.07298459,-0.010027769,0.72194266,-1.094395,0.86058795,0.14027911,-2.9502754,0.02501009,-0.03190795,-0.06838879,-0.007562798,0.37009448,-8.624747,0.0047440603,-0.0070583974,0.01868197,-0.007913205,-0.006571431,-0.03976296,0.0372163,6.168435,0.013319954,-0.05523832,-0.009455868,0.09948849,-0.07101983,0.05645097,-0.08794168
-0.0010083808,0.0032218762,-0.0029440245,-0.00018848956,-0.003280207,0.024297804,0.0011737662,-0.010964882,-0.0036340393,0.022988012,0.0025257238,-0.3346507,0.010476432,-0.0016581393,0.018982286,-0.0005758996,8.850937e-05,-23.216217,-0.13648279,0.097069554,0.043064535,-0.08578387,-0.029883234,-0.009609157,0.012896404,-0.004199849,-0.02727943,0.015131002,-0.00811656,0.019386755,-0.009430419,0.0023743224,0.00092116155,-0.005902131,0.003895336,0.01602877,-0.017972339,0.0012499643,-0.103151545,0.031139273,-0.0032531624,0.05782102,-0.009459538,0.00477642,-0.27861595,-1.6031057,-0.5397315,-0.02150616,-3.4120646,-0.00983072,-0.020973312,-0.054961186,-0.01435427,-0.0134799,-19.780134,-0.009874437,0.03927224,-0.24231339,0.013606397,-0.011318155,-0.087135635,0.0093640825,-0.4886019,-0.070755705,-0.078226484,0.049132053,0.017543495,0.004696449,0.0011816385,-0.053859655
-0.03417255,0.0007389214,-0.014638152,-0.0007634846,-0.020525467,0.0059526167,-0.008907643,-0.0250405,-0.069537975,0.044013783,-0.027462719,-0.041322347,0.0020569845,-0.0020329428,-0.013754502,-0.007351086,7.2368566e-05,-19.346088,-0.119875126,0.0060197394,-0.032700095,-0.030352388,-0.04517587,0.0028764692,0.01922986,-0.0063082194,-0.05514283,0.044863716,-0.012387527,-0.0025417574,-0.0023632052,0.014337605,0.014934506,-0.0711262,-0.05170474,0.013159181,0.070640646,-0.45744663,-0.06605824,-0.01129466,0.007845877,0.0056923907,-0.0061479458,0.00024875163,-0.031314682,-1.374679,-0.6157574,-0.0878239,-2.7256725,-0.013854033,0.059435904,0.018454205,-0.0039648577,-0.026425075,-8.544946,-0.007720704,0.002708903,0.0027671442,-0.0012734041,-0.0057359883,-0.042428564,0.02486373,-0.47880366,-0.029807793,-0.03992704,-0.01625047,0.012999576,0.22866847,0.0097105,0.124646425
-0.04893656,-0.04026611,-0.042165525,-0.00013482725,0.009158964,0.023216974,-0.15719219,-0.0439251,0.025286568,-0.1298344,-0.02113764,-0.65440536,0.07894768,0.039070696,-0.003963748,0.018907381,-3.3108103e-05,37.71954,0.030196536,-0.0009425172,0.012360061,0.06379279,0.096411854,0.053740367,-0.1484984,-0.027681245,0.0012881752,0.037781786,-0.13087498,0.0092730755,0.028524386,-0.020278906,0.0063339593,0.08108616,0.014540048,0.34921038,-0.050582,-0.06250736,0.08052301,0.047537863,-0.030940643,0.0050909035,0.02948707,0.075099215,-1.0144651,19.971188,2.743829,-0.0018986324,5.6421285,0.2256873,0.055047102,0.058676757,-0.024550155,0.009904312,7.9331856,-0.0012727471,0.0003001858,-0.037309434,0.027604932,-0.0010839141,-0.19546019,-0.022884876,-0.00050597405,0.18421803,0.7861657,0.033587694,-0.012161576,0.52854747,-0.03900525,0.04801453
-0.009470389,-0.02127066,0.028313076,-0.0003112525,0.0019169758,-0.0030280552,-0.005462745,-0.0010352328,0.0013956958,0.020687545,-0.0073481477,0.2445074,0.0026973349,-0.009332908,0.002589995,-0.00083668856,1.0392105e-05,7.614742,-0.027487444,0.0012253441,0.019851703,0.036687426,0.022762364,0.015762908,0.0011827716,-0.0013121812,0.021847835,-0.018018363,0.004946026,0.0022868435,-0.0026484546,0.0031071657,-0.00594975,0.007200407,-0.0044544893,-0.0029675488,0.0070344596,0.0005954922,-0.082267515,0.026020166,-0.0004362587,-0.011766495,-0.001201064,-0.013741182,-0.099427,-1.2990941,-0.3934703,0.030468537,1.8920313,-0.023510003,-0.000899033,0.03305333,0.009589108,0.0054143043,2.016197,0.001917695,-0.0022877525,0.027261019,0.0021215295,-0.017211968,0.01033093,0.0007063626,-1.4694314,-0.23248713,-0.02943774,-0.01787625,0.039061002,-1.0417145,0.021537451,-0.18172811
-0.047403164,-0.0214961,0.02215923,0.00064133713,0.0020148896,-0.02331237,-0.012452152,-0.008799444,0.009894361,-0.08825787,-0.011523666,-0.2134696,-0.008147216,0.0019021183,0.008039684,-0.005331283,-2.1622362e-05,16.016802,-0.008109595,0.0035050951,-0.0011924405,0.053909548,-0.14547855,0.10049863,-0.0542689,-0.0074017425,-0.00049176544,0.011710256,-0.0017791842,0.007474956,-0.004039958,-0.0070722364,-0.010690933,0.02272037,0.028012536,0.0328572,0.021190548,-0.072775014,0.31081724,0.092601016,-0.005656168,0.0072102207,0.0017497367,0.006332484,0.28887734,0.9831723,0.7383547,0.020240927,1.9565082,-0.016651891,0.0042598043,-0.015939102,-0.0018754485,-0.00048668822,2.7944617,0.016858287,0.0050867177,0.022321673,-0.003575244,-0.0036625336,-0.0018347728,-0.0021241878,4.4498386,0.30293122,-0.2643569,-0.038943898,0.0041728136,0.103528775,-0.013784602,0.04562174
-0.0023108711,-0.011931917,-0.026586477,-0.00011046391,0.018791504,0.01225346,0.0060184156,0.0076344325,0.010508945,0.16317785,-0.008184202,0.31986153,-0.01441982,0.0084230155,-0.0007542539,0.0006646657,-8.930963e-05,-18.160887,-0.11297319,0.019759733,0.026461923,-0.034299277,-0.04368105,-0.034299944,0.007494604,0.001402327,0.031131878,0.016659586,-0.00015177466,-0.0069508385,-0.014343032,0.0065151276,0.009924225,0.011105589,-0.02921562,0.0078028236,0.07789052,-0.10356665,-0.26570243,0.004553836,-0.010933793,-0.011183541,-0.0045327907,-0.00044651344,0.79514366,-1.2088206,-1.5400681,0.024053216,-2.769471,-0.098683015,-0.008119628,-0.0022665884,-0.013292214,-0.015985992,-6.356117,0.0015348059,-0.0064557754,-0.01822649,0.0051530697,-0.0053947335,-0.049799208,-0.022639107,-0.94075644,-0.0120519,-0.02020686,-0.018141868,-0.002480704,-0.17642522,0.0046333424,-0.068424925
0.003055077,0.001519311,-0.006634982,-5.912034e-05,0.012910556,0.0035877535,0.00725564,0.0052176826,-0.011333122,-0.06993465,-0.0066728694,-0.58661145,-0.0014549755,-0.0050048865,-0.015842458,-0.0024857614,-0.00011940717,-16.896338,-0.08042596,-0.0026817415,0.00094915275,-0.0012164376,0.019141274,0.040366355,0.00521214,-0.002329699,-0.03510298,-0.0043688514,0.0011303158,-0.008225366,-0.002850228,-0.013217062,-0.0030448632,-0.005785773,-0.011574005,-0.015000561,-0.051789217,0.017099598,0.053707894,-0.07116105,-0.006066754,-0.0020412442,-0.0004493449,0.00040399632,-0.43516067,-1.5089182,0.19479616,-0.07821279,-2.3940332,-0.06335726,-0.010738931,-0.01509211,0.0012783743,-0.0031849404,-5.1084547,0.0023923295,-0.0022263161,-0.007075795,0.00062906754,0.0012187187,-0.062453825,-0.003541407,-0.30539885,-0.1897936,-0.036827076,-0.010569272,0.007250533,-0.15408894,0.009842051,-0.034854904
0.007216087,0.061296374,0.0058258916,-0.0007172081,-0.028050935,-0.045042302,0.014214535,-0.012062515,0.027430885,0.09387066,-0.02768623,0.5077378,0.07020236,0.0037314296,-0.08103044,-0.004331204,0.0019441006,9.599817,-0.038575843,0.003324881,-0.00037692836,0.059385683,0.0856254,0.08036278,0.014251293,-0.0015343337,0.04772701,0.017344948,0.010265953,-0.01202672,0.0052178116,-0.006863786,0.029221749,-0.05060339,0.18464863,0.035376523,0.11601572,-0.08616934,0.2977017,-0.025968172,-0.010345379,0.010624125,0.012025975,-0.00967341,1.2082648,14.2912245,1.1651298,0.16667777,1.3149809,-0.028959958,0.04373643,-0.019150125,0.034411393,-0.022634683,0.39260635,-0.0047502206,-0.0143773705,-0.012252216,-0.013841791,0.07020158,-0.04642471,-0.015805408,18.324198,1.1238586,0.40792298,-0.05884618,-0.007015584,-0.05488479,0.0036591568,0.07725478
0.012761324,-0.0110829845,0.082599856,-0.00043204345,0.0017867866,0.0054262984,-0.0149726095,0.00091162085,0.002148137,0.02848022,-0.006533178,-0.20050484,-0.00025321878,0.010494085,-0.0008132483,-0.00031181533,-8.456281e-05,8.768551,-0.03176721,0.0013629098,0.023267416,0.034923118,0.00478571,-0.00123569,-0.0023132968,0.0036400473,0.015417047,-0.0033867562,0.0046096994,0.0027873216,-0.0024880832,-0.0063301483,-0.010622287,-0.059882116,0.0022670336,0.00057070993,-0.012027332,0.008593282,-0.06351927,0.02642237,-0.0010559297,-0.005892153,0.002590821,0.00045057063,-0.2653216,-1.0705535,-0.37378544,-0.015779449,2.200795,-0.0146562485,0.007407856,0.008361105,0.0034032196,0.005163471,3.358392,0.004364992,-0.0010589077,0.020827666,-0.015476301,-0.013469239,-0.00428282,-0.0017288369,-0.0901332,-0.006557045,-0.04091404,-0.011912881,0.037807748,-0.336795,0.007584917,-0.13796487
-0.003760811,-0.0010021969,-0.010030561,-0.0006459269,-0.019795036,-0.053823877,0.018563215,-0.017076084,-0.0049136886,-0.04671189,0.004846377,-0.36802563,-0.0072501292,-0.0037619264,-0.021116693,0.004864821,6.030628e-05,25.746462,0.013134459,0.013661058,-0.010436824,0.054469287,-0.015901376,-0.013479216,0.0020210124,-0.002009006,0.017882403,-0.021388376,-0.024843648,-0.0014404397,-0.008662787,-0.025051538,-0.0070707076,0.0185175,0.0014200947,-0.019238997,-0.0421695,0.016184859,0.12287976,0.0094717555,0.0071464567,-0.0024613028,0.00024134011,-0.014880159,-0.35494274,-1.066446,0.070100494,-0.037201304,3.3148158,0.099358104,0.05446269,0.028197583,0.0029688948,0.0047893566,13.040398,0.0014354629,0.0026228984,0.056214787,0.008022948,0.0006112877,0.01763666,0.009077741,0.7367674,-0.3999045,-0.038753852,0.0011607158,-0.0008157171,-0.34242758,0.011456812,-0.18446688
0.006817089,-0.007033512,0.0003595731,-0.00013550963,0.0040672277,-0.00066147785,-0.0060486645,0.0010185217,0.0042031286,0.002701495,-0.0033755167,-0.32386866,-0.0045554875,-0.006406892,0.0012559727,0.00038401296,8.485885e-05,-18.442492,-0.1057593,-0.0050518736,0.005109168,-0.035160113,-0.0276247,0.0009331148,-0.00013917922,-0.0033533985,-0.021237079,0.011375299,0.00808667,-0.0046586376,-0.0015178707,0.0063542672,-0.0049284664,-0.034902427,0.015743854,-0.009154849,-0.0449607,0.0002533287,-0.0075482684,0.007943186,-0.0052290033,-0.0026853336,-0.01751872,0.0023510049,-0.3146773,-1.315122,-0.32723588,-0.017968005,-2.551164,0.0018656102,-0.020374082,-0.0018932907,-0.0024853465,-0.0087817805,-7.185648,0.00064127834,0.0025994629,0.007671582,-0.0043724743,0.001667485,-0.035704043,-0.005562948,0.008632584,-0.022639908,-0.06385871,-0.0012966957,0.009640394,0.3113923,0.012318468,0.1657958
-0.07327938,-0.008565274,-0.072041765,-0.0007687392,-0.05406568,-0.00023539127,-0.11797729,-0.0032628763,0.06489622,-0.305244,-0.031586893,-1.2962617,-0.022755904,0.006341596,-0.07692897,0.040734235,-5.078906e-05,35.761406,0.050188065,0.06587507,0.006428793,0.09585032,0.069357164,-0.00064330595,0.003050883,-0.04971444,0.018965531,-0.0031254364,0.06416444,-0.023642296,0.016276611,0.010967227,0.093945175,0.009772279,0.033011794,-0.07145317,-0.14388317,-0.13023639,0.08178016,-0.17606457,0.026747622,-0.0044305134,0.008720836,0.0018697565,-0.69435984,2.9455478,2.4715872,0.2060353,3.3388393,0.17369783,0.16621752,0.0726802,-0.010105634,-0.15738496,-1.0444124,-0.011929728,-0.01992079,-0.0059247394,0.0018079283,-0.027510691,0.033661727,0.13802043,-8.470645,-1.1105863,-0.6452006,-0.0072250464,-0.18108754,0.21153526,0.039317895,0.06830632
-0.008953707,-0.0061961063,-0.007162454,-0.0004205615,0.009688897,-0.010160263,-0.011888187,-0.00083376415,0.0003513418,0.016975788,0.007369722,-0.007693217,0.0007548122,-0.00044272892,0.0025413097,0.00030596904,3.942149e-05,7.74115,-0.013777702,0.0010120947,0.012640383,0.040395457,-0.0107984925,-0.003794505,0.0034233797,-0.0044532185,0.024722446,-0.005920785,-0.0009050097,0.008410521,0.00023673719,-0.0017876831,-0.004136176,0.01145442,-0.003355701,-0.00661246,-0.008350464,0.021177763,-0.067064784,0.031104244,0.005506417,-0.0032543263,0.0048607932,-0.0059821676,-0.17974073,-1.1249676,-0.40334526,-0.011302883,1.9704909,-0.013681005,0.003839963,0.0100584915,0.002324574,0.0067145955,2.6614199,0.0056376425,-0.0004887202,0.022720633,-0.012723502,-0.012582302,-0.005866715,0.003078379,-0.7205486,-0.08700982,-0.026840184,-0.011526125,-0.014100907,-0.051595625,0.002352568,-0.071877405
0.10280187,0.024754616,-0.07817111,5.0826828e-05,0.027034484,-0.013742525,0.09774231,0.049463175,0.1146199,0.11451084,-0.10403618,1.5205235,0.061409656,0.004215209,0.011260659,-0.0046066013,-0.003029911,32.16824,-0.120916195,-0.00596396,-0.0029157023,0.08327577,0.027417576,-0.037213728,0.0070739994,0.007902405,0.0108023025,0.049918827,0.10772665,-0.02020181,-0.008887675,-0.005383859,-0.010796303,-0.03303395,0.013811469,0.14551647,0.44790685,0.095249675,0.08183641,-0.048451446,-0.06594694,0.0060265725,0.009621265,0.038118694,4.4363527,24.802437,3.411528,0.11271132,2.6795628,-0.037475526,0.036601692,0.014657205,-0.0025448422,-0.03798116,-1.529453,0.0077152424,-0.021431077,0.04438288,-0.007017923,0.08223278,-0.1407659,-0.06465177,10.169536,1.720728,1.0987116,0.0004678435,0.010161407,-0.29655617,-0.015682833,0.0019310127
0.019660639,0.024029212,-0.039715867,9.90329e-05,0.020706568,-0.06647214,-0.06027934,0.037842017,-0.01424005,-0.062245827,0.04446747,-0.51079875,-0.007977007,-0.004091453,-0.0617597,0.0043456256,0.00016999079,25.503256,0.12782872,0.098830596,-0.061242647,0.009403788,0.004279401,-0.059155717,-0.0050851484,0.013227457,-0.12328762,-0.011279442,0.042074062,0.029695075,-0.05325966,-0.011584595,-0.008995186,0.029488409,0.033549372,-0.03323072,-0.023071041,0.0329132,0.09234482,-0.15501069,-0.012439291,0.0102309,-0.02799874,-0.036423177,-0.88147765,-1.7047367,0.58417445,-0.058554586,3.224076,0.07382312,-0.021301746,0.018790925,0.04359023,0.083035566,-9.052904,0.04563703,0.11808336,0.028487135,-0.0030308736,-0.017090296,0.008567179,0.08004189,-17.553885,-2.01197,9.182407e-05,0.011363687,-0.00029521354,-0.37359932,0.01953193,-0.14279133
0.0024455287,0.0019302173,-0.0022438678,3.244353e-05,0.0012135481,0.00087399664,-0.004873728,0.0035716267,-0.004162051,0.026904711,0.0012071026,-0.3242953,-0.0012338691,-0.000877469,0.008787002,0.0015357411,7.533339e-05,-18.970339,-0.11769503,-0.006511605,0.014956687,-0.06841157,-0.012034616,-0.008141206,0.013991034,0.00083658757,0.02178089,0.016440192,0.0086020585,0.006878581,0.013717868,0.0044769216,0.0020828045,-0.009784323,-0.028855087,-0.0124144,-0.0103218965,0.011782429,-0.06444933,0.0026542086,-0.015145717,0.005256739,-0.0009639372,0.0021013417,-0.3066561,-1.3484433,-0.4541146,-0.047674876,-2.8085327,-0.016914336,-0.0049499064,0.015002186,-0.0077564865,-0.017617835,-10.724482,0.00066332874,-0.002970727,-0.0019667707,-0.005309626,0.016557321,-0.012359219,0.011719642,-0.80372834,-0.044120163,-0.069280505,-0.012377848,0.02207039,-0.028908294,0.0048598647,0.14680298
-0.044749092,0.010587012,0.014646916,-0.0002460272,0.030279879,-0.017742023,-0.001020995,0.0031201062,-0.03724053,0.041315205,-0.0072297305,0.008945471,-0.006009215,-0.0031080807,0.00626288,0.003037616,3.0645395e-05,-21.509861,-0.09620552,0.0066747325,-0.0184176,-0.07281993,-0.026319163,-0.0050160964,0.0022432874,0.011946939,-0.05941795,0.011071336,0.00039771182,9.383776e-05,-0.01967544,0.002677353,0.039296176,0.0067240195,0.025276465,0.10007778,0.021674372,-0.006156688,-0.079108894,-0.006059452,-0.0007066947,0.013850659,-0.010748589,0.004720153,-0.03877626,-1.4695092,-0.72048473,0.016269399,-3.0109792,0.028587408,-0.026387157,-0.061391793,-0.0017228225,-0.009658602,-13.102032,0.01368834,0.0043638777,0.009899012,0.014947775,-0.0184573,-0.049331453,-0.011880038,-0.4949133,-0.062347446,-0.07256259,-0.0039341794,0.017695008,-0.05707776,0.003256663,-0.067654625
0.022328451,-0.00930578,0.019602489,-0.000214236,-0.012619215,-0.012428076,-0.047375545,0.012119993,-0.016933769,-0.10335256,-0.011100499,-0.51682526,-0.009604009,-0.0026398003,0.005781007,0.0013523283,0.0005838058,-0.91001236,0.017635135,-0.027085021,-0.090402335,0.006019098,-0.021193031,-0.052644767,0.1148459,-0.0015470439,0.08540704,-0.013500986,-0.011251588,0.019096058,0.02873573,-0.006886301,-0.012883408,0.0018418516,-0.04722417,-0.011900714,-0.06297469,0.034405015,0.09674097,-0.10689922,0.001975225,0.0043309596,0.0052156365,0.0032738913,-0.5917381,-1.6473953,0.26275468,-0.09099848,1.6871539,-0.06585198,-0.030177038,-0.06433649,0.020860353,0.07662134,-8.095019,0.07309243,0.038135227,0.07962772,0.0051566083,0.000499939,-0.03209691,4.22382e-05,-8.805732,-0.99343896,-0.0057861693,0.009987797,-0.037321687,0.22072615,-0.024285147,0.14896071
0.23058006,0.10807362,-0.058213275,-0.0008414406,-0.03210703,0.0085629225,0.0036601394,0.016412789,-0.109415025,0.16097587,-0.06280809,1.4854677,0.086833745,-0.024602454,-0.04288449,0.038946576,0.00027164057,-4.7979207,-0.0797922,-0.16551577,-0.020515852,-0.136405,0.023932979,0.09619299,-0.008815344,0.019865768,-0.012083512,0.028058471,-0.027616724,0.014780531,-0.022946218,0.013682506,0.04712996,0.0199491,0.017627103,0.051235046,1.0708023,0.032740984,0.2556693,-0.023831068,0.18207476,0.062126312,-0.056538396,-0.022397364,1.6589234,9.201188,1.3326366,0.17061356,-1.914929,0.1308424,-0.0046861456,0.0021550842,-0.0075009097,0.27003986,-5.5001044,-0.0121660065,-0.032134134,0.02925673,-0.044953376,-0.064995274,-0.10303247,0.079441406,20.51441,1.6836641,0.32391244,-0.07296885,0.010001344,-0.23205721,0.046905275,0.08568526
-0.10296828,0.0047127195,0.11145264,-0.00013703038,0.013176161,0.038727462,-0.13755192,-0.0012292102,0.0059477855,-0.06782032,-0.053397756,-0.82705504,-0.0148297725,-0.000981452,0.01958363,-0.0011182871,3.829384e-06,25.962,-0.047056794,0.07567408,-0.061934263,0.12173824,-0.0060883905,0.06445468,-0.025902664,0.02092437,-0.14332269,0.0070145302,0.028996311,-0.021646228,-0.0228071,0.032147434,-0.014823671,0.03096238,-0.035747673,-0.035377868,-0.047756646,0.027036415,0.14023441,-0.13485321,-0.013760728,0.007372983,-0.08090099,-0.0023940161,-1.1626723,-1.8664786,0.5342279,-0.04866282,2.9973063,0.10776137,-0.052601658,-0.03403347,-0.034441177,-0.1341146,-9.824568,0.01865912,0.006445289,-0.03215003,-0.0044856034,-0.0007393202,0.033428133,0.023537185,-18.780533,-2.3921633,-0.00043965355,-0.017592173,-0.023923522,0.21647707,-0.014798427,0.11569638
0.0076332754,-0.0048691467,-0.002130399,-0.00040537812,-0.010412916,-0.011484085,0.037068885,0.0016979453,-0.0070293946,-0.0059466786,0.044760175,-0.023167579,-0.00082623033,-0.0017848916,-0.006720655,0.00023925566,0.00012955394,21.780485,0.03036014,0.0023369435,0.05870177,0.0006627424,0.008895081,0.022508424,0.00032249102,0.0019588328,0.022749733,-0.022728678,-0.005394933,-0.0031187444,0.001250386,-0.01315143,0.0035250667,-0.009605344,0.0034399154,-0.0070008505,-0.02914228,0.030016381,-0.07000528,0.065945156,0.011331293,-0.0055760993,0.0062845666,-0.024688525,-0.22111717,-0.89299804,-0.35496914,0.015737211,3.0963862,-0.030881645,0.019247316,0.051912107,0.018107498,0.0050555747,11.338304,-0.0020261551,0.0009961425,0.003390955,0.0053229867,0.0020863663,0.016224073,-0.011281858,-0.72568685,-0.07316639,-0.04403645,-0.0025016472,-0.0007283759,-0.43952057,0.006064987,-0.12108455
-0.016963514,-0.013752332,0.021269228,-0.00041769855,0.0068395813,-0.0024442223,-0.014779746,0.00029931276,0.002393136,0.021303138,0.009181577,0.27978793,-0.028122513,-0.0025034365,-0.01654749,-0.0016733108,4.2417654e-05,7.623632,-0.03383869,-0.0014524012,0.002988778,-0.004274225,0.016404508,0.008484111,-0.0019706239,-7.22581e-05,0.01841988,-0.0014324866,0.021996338,-0.000959078,0.017333925,-0.0007749988,0.003774212,-0.0076526287,-0.01947156,-0.0044745863,-0.00904248,0.024678135,-0.10278331,0.039970517,-0.00040106376,-0.00029687272,-0.002544707,-0.0030120877,-0.11874574,-1.1382773,-0.54445904,0.051238626,1.9824487,0.023226101,0.0054507875,0.009984802,0.0025500127,0.0071742544,2.7154925,0.007384583,0.0021851812,0.01052039,0.0022139614,-0.007813853,-0.0041929926,0.008564551,-0.34928566,-0.016645402,-0.014925983,0.020050803,0.03643764,0.57094276,0.04792253,0.14690264
-0.016322324,0.00023377138,-0.006697778,-9.794303e-05,-0.016335648,-0.036659647,-0.05168048,0.02247764,0.013897536,-0.06089482,-0.02752346,-0.534475,-0.008144204,0.0030918475,-0.0055135824,-0.0039806725,7.094485e-05,-1.0561112,0.009478844,-0.0007478038,-0.14251088,-0.14083128,-0.00076707365,0.017388593,-0.027288193,-0.00038640117,0.040080935,-0.02552055,0.009930527,0.018693116,0.0052189287,-0.0016487354,-0.010108888,0.0063340715,-0.09244076,-0.0096736215,-0.013140059,0.033996806,0.18954977,-0.03705479,-0.009554504,-0.022884361,-0.0091467155,0.0014991746,-0.63095725,-1.7793236,0.21467711,-0.064848274,1.5031248,-0.019303184,-0.0024829137,-0.019738052,-0.06865253,-0.085634455,-8.082735,-0.0033220937,-0.014357392,-0.036162414,-0.09071616,-0.003592894,-0.024862295,0.0036279415,-9.23955,-1.3367507,0.04859332,0.013592701,0.031789996,-0.07939543,0.0124746775,-0.07324057
0.014339993,-0.0019656527,-0.018712504,-0.00016127157,-0.00091194763,0.0040355492,-0.0060276533,0.0025493205,0.005398368,0.030749604,-0.0036192366,0.05493412,-0.0045984937,0.0149960155,-0.012367131,-0.0004443881,-0.000140295,-22.115759,-0.09346578,-0.0031359682,-0.0010375807,-0.024874313,-0.027365418,-0.008887254,0.011459193,-0.0033108569,-0.034353465,0.015764862,0.013106691,-0.008449194,0.00080457743,0.010519707,-0.012646736,-0.01023144,0.010880548,-0.00361475,-0.008072813,-0.006029003,-0.065927304,0.022788305,-0.0045479583,0.009490732,-0.007974078,-0.015477987,-0.06122534,-1.6181355,-0.61764216,0.04182742,-3.0523887,0.014052355,-0.038409814,-0.0055900384,-0.0025889156,-0.0074200113,-15.234159,0.0016834021,-0.004552861,0.0066348137,-0.009637303,-0.014404886,-0.05741033,0.018794803,-0.5470155,-0.07322825,-0.05564641,-0.007260333,0.0082997,-0.0657023,-0.002466137,0.072202556
0.0029792872,-0.019711427,-0.009455265,-0.00014542716,0.0072691943,-0.00010638693,-0.0073312563,0.009210972,-0.0008546072,0.0052051498,-0.011631567,-0.30225623,-0.0035675205,-0.0024685375,0.0014395551,0.00052353716,8.9447036e-05,-17.978512,-0.10931025,-0.0142751,0.01648861,-0.026658831,-0.013987749,-0.0049971454,0.010943711,-0.006510225,0.023125688,0.0068584685,0.003876572,-0.0070946203,-0.0013104486,0.0021927347,5.4064374e-05,-0.003819089,0.00092962995,-0.006371403,-0.03428118,0.006826606,-0.082014255,0.0031270555,0.0047858013,-0.0023599074,-0.0030684785,0.0019881353,-0.30178943,-1.1521583,-0.4780351,-0.035835974,-2.4722555,-0.054692835,-0.013328168,-0.018884981,-0.0014734825,-0.01542756,-7.1947327,0.0016785508,-0.0056619802,0.0020132905,0.0020084216,0.0032541223,-0.05394688,-0.005481127,-0.7979732,-0.08189286,-0.07183539,-0.0152662685,-0.009952785,-0.6175893,-0.0034138625,-0.09381879
-0.00426637,-0.0008864412,-0.022175215,-7.365814e-05,-0.016535155,0.011134333,-0.008109708,-0.009585589,-0.046369705,0.03137233,-0.012865869,-0.27425888,-0.016582953,-0.0014829641,0.025096957,0.0026611,8.790625e-05,-22.924454,-0.15326953,-0.05306627,-0.034061883,-0.19061127,-0.02714876,-0.009392819,0.021320684,-0.0034895595,0.022500334,0.02246297,-0.017988717,0.006121701,0.0011670284,0.006506322,-0.00011819275,0.006370513,-0.006317378,-0.025445672,-0.013560963,0.0090549225,-0.084361896,-0.010562933,0.03487439,0.013571682,0.005876483,0.0052869637,-0.27833268,-1.6705214,-0.4867539,-0.0344689,-3.4137254,0.011802845,-0.020130496,-0.060971227,-0.009291028,-0.026669698,-20.038107,0.003499775,-0.021903714,-0.32467484,-0.007833726,-0.012019434,-0.019963257,-0.009084919,-0.7741375,-0.11119056,-0.08494506,-0.015742946,-0.011604004,-0.16841555,-0.0006124985,-0.00037090352
0.0019780125,-0.006385196,-0.017080197,-0.00016212558,0.014511191,0.021597894,-0.05130505,0.010160431,-0.012245496,-0.041830394,-0.011284065,-0.48637292,-0.009057669,-0.0045157867,0.016466336,-0.0071948254,0.00018897819,-14.050809,-0.020068476,-0.0004468798,0.023830662,-0.030195812,0.014681197,-0.007987851,0.003956018,-0.0056570615,-0.082370564,-0.0004919848,0.011551919,0.0014016109,-0.0072621154,-0.018057832,-0.006925137,-0.0030966613,-0.006993844,-0.011656286,-0.05260211,-0.00387119,-0.08366547,-0.059122514,-0.0028771316,-0.0017231376,0.0022189037,0.0025865168,-0.51295286,-1.7572992,0.165074,-0.052436184,1.525973,-0.016723072,0.022134071,0.0144644715,-0.0015719043,0.011945058,-6.612884,0.004174819,-0.0027870736,0.01829038,0.0028624882,-0.0018921806,-0.013198967,0.016035799,-2.7752419,-1.1097698,-0.088097624,-0.0054701585,-0.03221382,-0.7405804,-0.0034357314,-0.205385
0.008002043,-0.0032163104,-0.01808799,-0.000119695746,-0.0143487165,0.0022483529,0.05128694,-0.001133396,-0.013346911,-0.046917513,-0.005717701,-0.33780792,-0.007350275,-0.005607656,0.016593024,-0.0018006105,-8.1601785e-05,-2.2552962,-0.015435206,0.003427265,0.016100947,-0.028408771,-0.010722721,-0.004122735,0.010993266,-0.0011045728,-0.034613207,-0.020715069,0.0014051939,-0.005332839,-0.0099547235,0.006444964,-0.0034333596,-0.00020861457,-0.0040545044,-0.00928455,-0.037048675,0.018206593,0.014704614,-0.041866764,-0.006399457,-0.004015384,-0.0044026845,-0.009753684,-0.38328943,-1.2591769,0.028754551,-0.049420252,1.27459,-0.021458426,0.010020878,-0.002206118,0.0018684723,0.0044443915,4.1696305,0.0021649294,-0.0022539222,0.01925078,0.0016386156,0.003371217,-0.0024027054,-0.0037111526,-0.31372666,-0.29990974,-0.03490549,-0.0020238028,0.0054438747,-0.20859738,0.02470566,-0.034523275
-0.13326219,-0.019554418,0.009874247,-0.00038308426,-0.016067784,-0.042874187,0.10183573,0.044289503,-0.01765679,-0.1083975,-0.01964953,-0.37206265,0.0028342053,0.0071321423,-0.037551656,-0.0016294422,1.25311235e-05,18.920301,-0.029735988,0.04055315,-0.0073740524,0.023111053,0.0022567718,-0.0006925716,-0.002554813,0.00025879653,0.017133664,-0.021768197,-0.018279169,0.003177492,0.005356812,0.022480562,-0.0040863347,0.026555104,0.020405944,-0.024886327,-0.047034755,0.03489801,0.06882684,-0.17698646,-0.008598035,-0.007006374,0.025738223,-0.017802496,-0.31712228,-1.0578599,0.40876126,-0.057981163,4.434396,0.22199827,0.06077792,0.024180222,-0.00070996274,-0.00025055226,13.5294485,-0.0021510257,0.002226721,0.02101784,0.0040009934,0.00051955273,-0.012727814,7.78372e-05,1.6077342,-0.64150417,-0.015533291,-0.0017838251,-0.0292885,0.8657201,0.043137338,0.3265424
0.010982638,0.0008066725,-0.0055465573,-0.00013648695,-0.0014795472,0.0017504283,-0.0033817946,0.005942383,-0.009029084,0.01888838,-0.011653092,0.4599918,-0.023098186,0.0046748035,-0.02806197,0.0009085685,3.3019303e-05,-3.4024827,-0.0494649,-0.004924854,0.020344114,0.058408987,0.033782,0.030412804,-0.0040553547,-0.0028813716,0.003311065,0.0017124363,0.0060457173,-0.006515278,-0.0040134033,-0.0015371771,0.0025417765,-0.0060364106,-0.02222356,-0.0022702913,-0.0011022288,-0.01900713,-0.29291022,0.030179674,-0.018635727,-0.012034198,-0.002852155,0.003197571,0.54108506,-0.9961938,-1.1166245,0.040023796,-0.7995219,-0.058480043,0.01596082,0.0051706336,-0.0014144736,9.625277e-05,5.0620008,0.0044471836,0.004509441,0.0019564468,0.0054723457,0.0013368923,-0.01473309,0.0013635273,-0.62799,0.051175606,-0.067455575,-0.046266172,0.0026349626,0.08887293,0.008301254,-0.012377897
-0.03548107,0.01001325,-0.011007561,-0.00014778036,-0.00587417,0.012955646,0.016908288,0.0074671954,0.0009522075,-0.049434897,-0.016825544,-0.41926685,0.00844282,0.0015450624,0.005478841,-0.0017483671,-0.0007223564,-6.4906516,-0.07932424,0.009206765,-0.3165012,-0.007549273,-0.020183675,0.013310737,0.007298149,0.008259714,-0.013877385,-8.1078644e-05,0.0048486697,0.001614364,0.00954668,-0.019735012,-0.04081911,-0.009138246,-0.015959932,-0.01634659,-0.029168999,0.011706291,0.068751335,-0.29337963,-0.011143549,-0.0056116823,0.0152894985,-0.0060865334,-0.44367564,-1.2538346,0.29298672,-0.035548106,-1.4857038,-0.049417675,-0.004313428,0.07472186,-0.010500306,-0.024515528,-10.444169,0.006291539,-0.008443596,0.006990882,-0.00017213664,-0.010006342,-0.0305984,-0.031901438,-6.3032207,-0.08334792,-0.011713077,0.0058836434,0.026091935,-0.43722522,0.011375767,-0.07000528
0.00035948333,-0.0029467074,4.1954554e-05,-0.0011927878,-0.008181278,-0.0035725592,-0.011574302,0.002168739,-0.0011251018,-0.009453354,-0.006863432,-0.21211436,0.00080790924,-0.00055238005,0.022720857,0.00010606545,9.118038e-05,-5.839262,-0.06691922,-0.0150732715,0.027608726,-0.023100728,0.009253426,-0.0029833938,-0.0005108917,0.003260535,0.01264703,-0.002711856,0.0053447806,0.005272416,3.738166e-05,-0.001577697,0.00032041708,-0.0047361436,-0.0050975154,-0.008912103,-0.028971625,0.009726813,-0.071742065,-0.015456863,-0.005074012,0.0003151855,0.00093592796,0.0070643756,-0.24865413,-0.93996817,-0.39499447,-0.033685014,-0.85632616,-0.061906412,0.009409595,0.010842767,-0.0031090868,0.0075687403,1.066754,0.0041905474,0.00011046727,0.013126974,0.0018768702,0.0012713241,-0.0011220978,0.014479476,-0.3738569,-0.0028453758,-0.095110424,0.0061051683,-7.8984696e-05,-0.2502899,0.0011839806,-0.06964416
-0.0038772493,-0.0018216211,-0.019689139,-0.00015692772,-0.006326199,-0.07209609,-0.066324554,0.008842927,0.0009056805,-0.057024933,0.001684535,-0.38399297,-0.009427014,-0.006176229,-0.0029089684,-0.0006247423,0.00023889524,-5.5750012,-0.07319421,-0.007518582,-0.48316368,-0.20522664,-0.0145954965,-0.0025195226,-0.024828266,0.0072713066,-0.1446874,-0.008837275,0.009884228,0.011253461,-0.05469788,0.022465931,-0.0037020373,0.022281133,-0.038480006,-0.026445203,-0.037663896,-0.0064881276,0.13546526,-0.07943488,-0.0054111974,-0.014564961,0.015143275,-0.046149746,-0.45301142,-1.7164859,0.13008998,-0.071391,-1.4583787,-0.06543459,-0.025771298,-0.150499,-0.021961715,-0.02449605,-18.434225,0.0054790704,0.023786332,-0.22127458,0.011273928,-0.00011822929,-0.06394361,0.02791244,-7.7613873,-0.26547664,-0.021073703,0.056099188,-0.04456029,-0.19219768,0.013691211,-0.042827804
0.0076413252,0.006410592,-0.0020794391,1.6008848e-05,-0.0056695803,-0.013335292,-0.011645595,0.00021459906,-0.10452667,-0.0027955107,-0.0039212275,0.055560526,-0.008807517,-0.0007016891,-0.0013507012,0.018952169,4.638626e-05,-17.406523,-0.09206899,-0.00681197,0.0064404146,-0.040365364,-0.030317282,-0.0026601779,0.010939279,-0.0022362059,-0.03125339,0.0029819806,0.033867083,-0.006241616,-0.010785228,-0.0035891568,0.020388693,0.0016456647,-0.02472125,0.07866311,0.16274358,0.12218611,-0.108997464,0.027066438,0.0054403427,0.01669334,-0.009850413,0.0058129737,0.092582144,-1.0586339,-0.9978462,0.030445993,-2.517735,-0.03712037,-0.023490679,-0.038074795,-0.0035550036,-0.021513857,-3.901798,0.001781832,-0.0013964919,0.012288618,-0.002052931,0.009516459,-0.03462445,-0.0417462,-0.5355314,-0.034734245,-0.04848909,0.011127785,0.025026137,-0.16420932,0.0167771,-0.11270832
0.0011787786,-0.003575674,-0.0007176452,-8.341485e-05,-0.008228302,-0.0040199715,-0.007804178,0.0005121533,0.006663343,0.0143856285,-0.0029418136,-0.27097338,-0.0025838653,-0.0005688093,0.0031645165,0.0007535061,7.045927e-05,-10.93466,-0.09688519,-0.0109110065,0.009353882,-0.06464984,-0.011030988,-0.027022988,0.010547765,-0.005156966,0.025041977,0.006973728,0.006941136,-0.007445302,-0.0038284636,0.0023341312,0.0052407263,0.015473011,-0.0067163254,0.0911888,-0.014725077,-0.0024322302,-0.07352168,0.007259161,-0.0045485366,-0.0007030573,0.0054782373,0.0009063389,-0.26130852,-1.113168,-0.48369417,-0.033199955,-1.2958946,-0.05381419,0.010119348,-0.016886966,-0.0010685471,-0.0098239165,-3.587884,-0.0009892448,-0.0010308891,0.03928675,-0.0029804271,0.0021788746,-0.013432642,0.0022196241,-0.85686564,-0.030684149,-0.06259326,0.0032926574,0.003929827,-0.34101975,0.0045321123,-0.10884656
0.13364896,0.03729388,-0.1056679,8.245466e-05,0.029453136,0.0073440745,0.09394098,0.08518978,0.08761523,0.059188906,-0.11369077,1.7139475,0.07694535,-0.02455532,-0.12289644,-0.00016001207,0.0011490539,33.81188,-0.08571076,0.0025610523,0.01395047,0.16397716,0.07550196,-0.001502995,0.028991008,0.00999893,0.049721204,0.053454466,0.13409564,-0.02160903,-0.035127327,0.04824102,-0.02044155,0.028291143,0.0035253752,0.1281108,0.13468242,0.06950864,0.07047078,-0.02235951,-0.076629214,-0.012021094,0.020183284,0.041788537,5.2910485,29.428339,3.4841762,0.14566773,2.6571057,-0.042384796,0.045480166,-0.007131261,-0.013249936,-0.014342844,-1.3405519,0.011306434,-0.0018827664,0.093482316,-0.030000428,0.017773774,-0.1333624,-0.03996453,10.496526,1.7086464,0.99700063,0.0047368547,-0.024203274,-0.038728613,-0.0149508165,0.010442075
-0.02168053,-0.04098453,0.0015741946,-0.00082975003,0.0022756774,-0.0073370724,0.02841155,-0.02380219,0.016828714,-0.05307487,-0.0005313628,-1.6324252,-0.0027626671,0.0032700181,-0.0048468574,-0.005944361,0.00052902946,-16.157114,-0.10576094,0.004710146,-0.010766619,-0.03667705,-0.024731891,-0.017119704,0.008299552,0.03802191,-0.03466613,-0.016018683,0.007210637,-0.006916446,-0.022187443,0.0030055018,-0.0021485577,-0.055227496,-0.01599153,-0.033283126,-0.068096876,-0.18194382,0.1861729,-0.009189896,0.0006636925,-0.0062107737,-0.06293048,0.0034985193,-1.0542942,0.47426677,0.78838176,-0.109182686,-2.7067266,0.014445881,-0.030608324,-0.13718978,0.0014048209,0.04575147,-7.35091,0.0040495633,-0.08665359,0.01162272,0.008596737,0.004207776,-0.09258882,0.007530973,10.859769,1.3648345,0.017693946,-0.0047364165,-0.16813149,-0.07831824,0.0073230686,0.006123184
-0.027481379,0.019516448,0.0860289,-0.00072232954,0.00067985104,0.010287414,-0.055508833,-0.0024290232,-0.012210887,-0.33760363,-0.017094184,-0.661429,-0.01869732,0.026060417,-0.01782546,-0.00441398,0.0004364085,7.619444,-0.083896905,0.00396355,-0.015901178,0.04087199,-0.039151035,-0.027958952,-0.015082883,0.024548514,-0.034775022,0.0035154268,0.0099882735,-0.008628141,-0.012960877,0.027288178,0.0010404086,-0.09893758,-0.088594176,-0.023827655,-0.19605048,-0.27059287,0.33742872,-0.36273232,-0.0114064915,-0.010408491,0.04297635,0.022816552,0.5357712,2.8129768,0.75770044,-0.05667642,-1.2438617,-0.11616845,-0.056645673,-0.019116446,0.028977301,0.006380568,-7.4777703,-0.021465153,-0.0035584834,0.028470801,-0.013579055,-0.018733222,-0.11027475,-0.008806748,-1.9253561,-0.13221456,1.0902729,-0.056139134,-0.08606969,0.5123907,0.03758745,0.14701828
-0.0069575063,0.00015835359,-0.008713825,-0.00044222793,-0.0034806442,-0.0019002749,-0.014991216,-0.0037058273,-0.0028166093,0.023325808,0.0036085055,0.022838427,0.0026963737,0.00048289486,0.0032257242,-5.7270045e-05,2.4628323e-05,10.3293085,-0.006664556,-0.0019803438,0.0025130021,0.004383015,0.012480352,-0.0017513374,-0.0025990517,0.007041932,0.024134481,-0.0025364358,-0.0018715829,0.0043149167,0.0022565678,0.003752319,0.00048112968,-0.0019499322,-0.0075206915,-0.006760599,-0.01381218,0.02847677,-0.09672261,0.044398077,0.0041652685,-0.0037669297,0.0024839398,-0.0053592655,-0.14982449,-0.9823302,-0.45339328,0.038174853,2.427108,-0.012378766,0.0021918435,0.005179039,0.00080394064,0.0076204506,6.2165766,-0.0037146183,0.002306278,0.023441337,-0.008611605,-0.009880481,-0.0058154836,0.004113311,0.3429745,0.040507674,-0.07080493,0.009316353,-0.019449688,-0.16086145,-0.016291523,-0.12646101
-0.016168129,0.021725759,-0.0074315215,-0.0008425549,0.3301684,-0.011090956,-0.014269508,0.005311817,0.006927212,0.03831293,-0.0017700281,-0.04942744,-0.0045846314,0.0073271603,-0.0029828048,0.00034864421,5.2574793e-05,-21.17313,-0.10561236,0.007214118,0.016691858,-0.074223004,-0.039228093,-0.0068310336,0.018516919,-0.009121244,-0.0383893,0.011095092,0.0031688635,0.01044162,0.00030493585,0.027729847,0.12937412,-0.037819654,-0.0003437893,0.0875983,0.04218046,-0.073931426,-0.076782964,0.010713803,0.003545202,0.022018328,-0.02663072,0.0019323396,-0.10996213,-1.4982611,-0.6817711,0.026066259,-2.9572337,0.011972966,-0.007271701,-0.06404602,-0.0077664177,-0.027113866,-13.366784,-0.0035553956,-0.002540158,0.02684554,-0.045541752,0.02069281,-0.05598683,-0.0070512327,-0.9125506,-0.06815472,-0.059659865,-0.011529815,0.037251987,0.0010688239,0.050731152,-0.13580565
0.010949509,-0.0031890438,-0.016062181,0.0015125002,0.003671027,0.0028064027,-0.009709406,0.00050524,0.0023603088,0.030885575,-0.005006886,-0.22102202,-0.0059772753,-0.0019843753,0.0021340402,-0.0007938014,8.233072e-05,-16.016323,-0.1060178,-0.010063301,0.0055257296,0.009882961,0.022510896,0.009129411,-0.0009998902,0.0032845112,0.01449842,0.0039723204,0.009752836,-0.00671655,-0.0010004558,-0.002674011,-0.003279528,-0.039836325,0.0036321732,0.0022013974,-0.01359118,-0.03358535,-0.004705488,0.029759131,-0.002512508,-0.004931394,0.0072361818,0.005789456,-0.30423537,-1.5055348,-0.24304758,-0.020895388,-2.1737206,-0.060926158,-0.007567514,-0.014508552,-0.00042300747,-0.014988741,-2.6369147,-0.00018785859,0.0021285017,0.015680091,-0.013605984,-0.06604512,-0.012270173,0.0096065765,-0.7549548,-0.07259622,-0.059803408,-0.02852193,0.010317265,-0.5999486,0.005036065,-0.13879788
0.14966184,0.12184122,-0.00044373632,0.00012071938,-0.14759625,-0.0552926,0.07309587,0.058733575,0.0057054735,0.11898984,-0.007116768,1.6615057,-0.06982581,-0.008380386,0.07361476,-0.005738425,-0.004718991,-0.8994002,0.014861368,0.047558926,0.054930303,0.075665556,0.02982339,0.00012740532,0.0051676687,-0.03513625,0.035362527,0.026176283,0.02353324,-0.00484267,-0.009465306,-0.020835955,-0.025296425,0.0019445834,0.010751995,0.14414696,0.17132542,-0.039260227,-0.032283653,0.025767049,-0.07278991,0.047569316,0.0011058762,0.065017425,3.6542544,28.870707,0.3642531,0.25531626,-0.8206744,0.037999842,0.047573198,0.14866878,0.008861723,-0.015883692,-0.41707852,0.0010093981,-0.0044634277,-0.009356334,-0.010965832,0.042695183,-0.037319258,-0.052031748,27.31633,1.324937,0.36161098,0.08803755,0.0128559265,-0.366506,0.014915767,-0.022961877
-0.0014226722,0.019809447,0.084378496,-0.00066969637,0.026061296,-0.061608747,0.03983313,0.011367352,0.035964705,0.23244184,-0.008900347,1.310391,0.205178,-0.0087062605,-0.069312185,0.024835132,0.0035335433,21.152925,-0.10533142,0.028366802,-0.0015795031,-0.029366516,0.014067376,0.023701664,0.030106999,-0.0021425672,-0.02056316,0.011379994,-0.0023288918,0.009570896,-0.018735314,-0.029902292,0.07905433,0.030897677,0.03174271,0.16623893,1.051543,0.0064756502,0.39520133,0.038294703,-0.002524361,0.0048890584,0.056058615,0.0031745543,1.914955,11.691777,1.8994676,0.117334746,2.5342073,-0.10098486,-0.028428748,-0.04272031,0.016204322,0.00036762367,-3.6587167,0.021497482,-0.007568705,0.016798358,-0.019385027,-0.029248858,-0.023291439,0.0016422318,13.800647,1.5672505,1.0725168,0.10389805,0.06263696,0.15108846,0.072174445,0.11845615
0.0116387885,-0.014628895,-0.0061247186,-0.000617548,-0.014577931,-0.007968658,-0.014175282,-0.0026848775,-0.004803427,0.028234275,-0.004317841,-0.0024728798,0.0035533037,-0.0095248595,-0.001770703,-0.0011937165,-5.2657277e-05,9.132271,-0.02485882,0.0018473782,0.048476204,0.048995677,0.014039756,0.03408902,-0.001636639,-0.0022772248,0.023277922,-0.013322229,0.0024717143,0.009433441,0.0007188251,0.004380695,-0.008874232,0.011149232,-0.0032016046,-0.011892894,0.012314176,0.009410383,-0.056970555,-0.0014248904,-0.0020263866,-0.004210942,0.006405648,-0.007683743,-0.1673058,-1.1421492,-0.3319637,-0.024137039,2.1369617,-0.035293423,0.00198909,0.033275552,0.011635097,0.0072559305,4.179627,0.0005659328,-0.0031074786,0.025863342,0.0041989414,-0.017315833,-0.012015557,-0.0033909734,-1.8263948,-0.0630125,-0.027238516,-0.021424286,0.030479232,-0.73359627,0.0137368925,-0.1099457
-0.023689339,0.010854318,-0.016348256,-0.00015693787,-0.0032826446,-0.0097650895,-0.005939589,-0.011855738,0.0018531554,0.028834026,-0.0014581386,0.017866638,-0.0023030885,-0.0063723675,0.00244639,-0.0001851185,4.3565058e-05,-20.341204,-0.0924656,-0.00029256358,0.0069443593,-0.029942624,-0.012912669,-0.0024693457,0.027490173,-0.002299189,-0.083428115,0.007991888,-0.023439223,-0.0046966765,0.018754616,0.0052038655,-0.00078172574,-0.0017931465,0.0035160892,-0.001837488,-0.0066400054,0.0018721021,-0.086209014,0.025779763,0.008752275,0.008366787,-0.01614188,0.0018394586,-0.24312092,-1.4122088,-0.6355629,0.0014825307,-2.846647,-4.8511487e-05,-0.02460886,0.02472499,-0.0056017297,-0.015562642,-11.683413,0.006004389,0.018542081,0.009994699,0.0028352665,-0.0033654687,-0.042411476,-0.00740052,-0.5359514,-0.065254316,-0.075108945,-0.02076662,0.002769462,-0.44627893,0.0049514216,-0.06182924
-0.028057683,-0.0041535227,-0.0091834245,-0.0004084123,-0.0022754613,-0.009224872,-0.015344368,-0.009549869,0.00020590483,0.017931852,0.004589474,0.103744194,-0.0031752423,0.013456579,-0.012800549,-4.2104264e-05,-4.5641667e-05,7.6489706,-0.02284731,-0.000101734084,0.026202625,-0.04014382,-0.014426652,-0.008256516,-0.0035385194,-0.0022262258,0.024681708,-0.0040611085,0.0027947554,0.0063225944,0.0033803193,-0.008098711,-0.00051626976,0.000527791,-0.045891505,-0.017930359,-0.014496777,0.023007767,-0.095500134,0.04698778,-0.004477227,-0.0045750574,-0.0044319634,-0.008245931,-0.13421316,-1.0317123,-0.46234772,0.024081184,1.9786521,-0.011671103,0.0065251323,0.027163815,0.00644437,0.0127993375,2.587181,0.0016704714,0.0026363027,0.044432543,0.0008965056,-0.0011468859,-0.0068845144,-0.011989073,-0.37725514,-0.032268476,-0.030235475,-0.011867481,0.009915029,-0.21000548,0.027758213,-0.118292324
-0.041249007,-0.10375382,-0.00524525,-0.0071018683,-0.001678965,0.017720245,0.019465856,-0.012254003,-0.0074313725,0.027362127,0.021812126,1.1441901,-0.07098507,0.002551541,0.027563127,-0.0049396763,-0.0026300615,-2.1150222,0.031990923,0.014574653,-0.06906944,-0.116261736,0.021625625,-0.006175523,-0.006988797,0.010153141,0.03589165,0.037720717,-0.0212926,0.020322114,-0.025756318,-0.017215805,0.01809443,-0.063526236,-0.098608926,0.14656876,0.079749316,0.15786745,-0.2709745,-0.051037446,-0.03072991,0.0013561402,0.045739572,0.010279838,1.6844355,19.985115,0.35484463,0.09825033,-0.3275903,0.025260543,0.089147665,-0.057699747,0.0042469497,-0.01068828,1.9695718,-0.0027746179,-0.0052434853,0.032991357,0.023350146,0.07126749,-0.027597826,0.036298044,19.811052,-0.17261109,-0.9184278,-0.05307309,-0.0028729457,0.019748088,0.05629446,-0.017136365
0.082192905,-0.03785779,0.056815974,-0.00090504036,0.014511247,-0.0056062634,0.058048032,-0.020426739,0.009371953,0.046654932,-0.071533754,-0.34449682,0.008329383,0.0011297507,0.005033421,-0.0059228935,0.00042502087,-9.500853,-0.06341809,0.016353821,0.0016536461,0.016712777,0.0059537212,0.014595946,0.018008271,0.015868591,0.0038928534,0.024060015,-0.0010890812,-0.013064816,-0.0012866871,0.011294805,0.010663228,-0.021232009,0.019577654,-0.00021834392,-0.028231293,-0.10600004,0.28941175,0.03587537,-0.008765866,0.0011599712,0.008315755,0.012114961,-1.0034156,1.508417,0.8248065,-0.20699495,-2.093949,-0.05205694,-0.0084951725,-0.038888745,-0.001579136,-0.005649638,-4.2481165,0.0026613488,0.0088511715,0.025912754,-0.011916627,0.02135078,-0.041357834,-0.021876734,13.882716,0.4733275,-0.056265652,-0.009135218,0.044597182,-0.17047124,-0.00021382047,0.033454947
0.054293122,-0.05053027,0.0057547097,-0.014670356,-0.03050163,0.028373979,-0.04562392,-0.05395683,0.0023269537,-0.03525918,0.022862667,0.27159157,-0.026992384,0.025749441,0.056689415,0.046679582,-5.265398e-05,35.481705,0.21218324,-0.019837921,0.05114223,0.0902799,0.06953849,-0.38292497,-0.0139539745,-0.01430723,0.00078765943,-0.049411796,-0.058694646,0.026503945,-0.0019609309,-0.010130975,-0.22184287,0.02724495,0.01356213,-0.03260694,-0.04492526,-0.0034984348,0.13476665,0.041426606,0.013803411,-0.016158499,0.0375508,-0.011435066,-0.40687975,4.641329,1.3072047,0.326812,3.9167933,0.2422322,0.079496935,0.09636396,-0.007894404,-0.10069029,2.0135078,-0.012354699,-0.0017205821,0.017059188,0.019051433,0.005291492,-0.03447292,-0.03128469,-4.9638305,0.061082922,0.5094423,-0.16010751,0.03656174,0.24497142,-0.0026641993,0.048279576
0.0023343929,-0.01223535,-0.016305694,-9.857441e-05,-0.00018097258,-0.0009498162,-0.013597922,0.00287531,-0.011136427,-0.024575397,-0.0077368384,-0.22494432,-0.010210734,-0.0012807848,0.0035260755,-0.0006918118,-0.0008867554,-2.8409393,-0.059690498,-0.0016597144,0.02325708,0.037548512,0.009073683,0.01897656,-0.001740864,0.0023081047,0.017092831,-0.032401968,0.007643867,0.0051673055,0.0007376238,0.004770474,0.014237056,0.006439133,-0.0030293462,-0.008793707,-0.027223159,0.016986618,-0.0731924,-0.02508291,-0.0014683916,-0.0029711411,0.003298913,0.00092623616,-0.25587004,-0.9405085,-0.3843054,-0.03818427,-0.82050234,-0.06177605,0.0005068588,0.009797064,0.0067189992,0.0056037763,3.5528412,0.0021001268,-0.0016119224,0.014331347,0.0024873747,0.00066863635,0.008644495,-0.005818478,-1.2743483,-0.05737529,-0.08594509,-0.014734244,-0.014570767,-1.6217425,-0.0052811643,-0.42214084
0.0023528282,-0.017960908,-0.00022797761,-1.0326465e-05,-0.007491996,0.00032373838,0.002920643,-0.0024793756,0.0026685332,-0.025112335,-0.0052691153,-0.24110758,-0.0012078993,-0.0004657005,-0.014531365,0.00041421806,5.6657056e-05,-4.715634,-0.058700364,-0.001656054,0.0049742274,0.052146204,0.01880298,0.03190985,-0.00043786,-0.0019071543,0.012286085,-0.0059418916,0.0027052164,0.0045554726,-0.0005397174,-0.0029952754,0.0020489749,-0.0042211893,-0.0032714887,-0.009074066,-0.02824622,0.023922538,-0.06531171,-0.017461253,-0.003103225,-0.0033948729,0.0030361998,0.00428745,-0.2618976,-0.99082845,-0.3453255,-0.03972816,-0.8453143,-0.06845956,0.011794405,0.0038726132,-2.1084757e-05,0.0065492224,2.3403099,-0.00034684362,0.0021776878,0.034243662,0.0037126574,0.0015194744,-0.0137139615,0.008262311,-0.40639547,-0.035365466,-0.07754381,0.03231347,-0.008221039,-0.18576674,-0.0036350214,-0.075861275
0.13717064,0.05507913,-0.0075916955,-0.00076067925,-0.014105322,0.0011337046,-0.020779267,0.06292692,-0.08157412,-0.015679825,-0.0067618303,-0.0036819417,-0.017735828,-0.006105513,-0.0040704594,0.0024868967,-2.5797213e-05,-21.072714,-0.104474016,0.034918796,-0.004140711,-0.042945497,-0.010192046,0.013375029,0.0050178734,-0.02322227,-0.13339311,0.065006934,-0.014621098,0.016410291,0.09774921,0.038746078,0.028899344,-0.030501856,-0.029365456,0.1295805,0.18396464,-0.0804612,-0.439727,0.06888568,0.009999172,-0.02736915,0.0024700535,0.04160255,0.34512517,1.571535,-2.3955555,0.03911032,-2.8741598,0.021640414,-0.007751444,-0.07923546,0.0055546085,0.25896585,-13.0008335,0.00054640893,0.0023684348,-0.028360475,-0.0036504667,-0.015887477,-0.08773523,-0.10472343,-1.1112021,-0.07242732,-0.04197581,0.0670165,0.008264769,-0.26116064,0.0010833467,-0.094056346
0.0028833249,-0.016900575,-0.0055456613,-0.00011130987,-0.008090701,0.0034966187,-0.0085195275,-0.0034638904,-0.005156636,-0.018637942,-0.008705426,-0.4417455,-0.010495983,-0.00023044467,-0.01203921,0.00042207894,8.232077e-05,-21.332413,-0.0828841,-0.012342532,0.0052683605,-0.07890745,-0.015278925,-0.003564523,-0.0020595428,0.002140177,0.02685968,0.009862032,0.0027522936,-0.00033640896,-0.004409247,0.011683426,-0.00164014,-0.0093479855,-0.005381217,-0.0063115945,-0.055978063,0.013006314,-0.09411369,0.01121227,-0.0038640155,0.0004379735,0.007531826,0.009030599,-0.32759959,-1.5418763,-0.45428035,-0.041037932,-3.0017648,-0.004715575,-0.0038376541,-0.05205151,0.00069629814,0.009798847,-13.327374,-0.00025955413,0.016932774,-0.059390124,-0.0051241713,-0.0016836143,-0.010955923,0.014047883,0.89206856,-0.03128455,-0.06985543,-0.009974241,-0.0488074,0.11609857,0.010618385,0.03404111
-0.0044767377,-0.0019709368,0.0039263093,-0.00022478319,-0.007972536,-0.019420214,-0.022686621,-0.017656013,0.00014540038,-0.03052104,0.010708159,-0.30698848,-0.010498444,-0.01233938,0.018594028,-0.0014249057,-7.6639e-05,-16.870857,-0.084066704,0.00066652487,0.0070262407,-0.124552645,-0.017476708,0.0068614692,-0.005220236,0.01503049,0.017830543,0.0071459403,0.011306278,-0.012998183,0.0064280336,0.020959808,0.0034160092,0.011766134,-0.00232923,-0.008939468,-0.08338051,-0.012832762,-0.08606404,0.050091095,-0.0015879347,0.0081924265,0.008482676,0.0033459526,-0.26256737,-1.1356386,-0.46249393,-0.02385107,-2.1909194,-0.0119256545,-0.045146063,-0.039407134,0.0022570773,0.011986865,-3.0736752,0.010622924,-0.002458462,0.009697504,-0.0010447894,0.014350632,-0.01757729,-0.0040213745,1.0733283,-0.0031730833,-0.14587556,0.026716297,-0.009417264,1.1121784,0.049099986,0.21881229
-0.14048782,0.0057572834,0.00069161353,-0.00014392857,-0.013429871,0.002505355,-0.008927885,0.006268021,-0.008220373,0.0367387,-0.012891341,0.58683574,-0.0007946219,-0.0017822187,0.001567884,0.00074807164,1.3319626e-05,-7.71302,-0.08425161,-0.004646701,0.015680332,0.061206225,0.018651757,0.016472658,-0.0024940853,-0.0093018655,0.010474532,-0.0037441794,0.0068941503,-0.0057555335,-0.0039484557,-0.00042436377,-0.0052608796,-0.009810386,-0.02746438,0.0018254563,0.005577674,-0.0075236605,-0.32551047,0.0053649843,-0.018032063,-0.010317744,-0.0036351916,-0.0038069247,0.38202536,-1.1020744,-1.2311177,0.04690514,-1.2707705,-0.067020044,0.018392645,0.000943347,-0.004944668,-0.0032010402,-2.4680488,0.0009187103,-0.000998342,0.01986103,0.017645743,0.0042496133,-0.007539876,0.017954186,-1.0906943,-0.035558797,-0.03373737,-0.044436965,-0.00029473,-0.23401932,0.006133876,-0.13595848
0.039511204,-0.004726098,0.015766636,-0.00039721763,0.0002666585,-0.00013459062,-0.005144546,-0.007773288,-0.0012126253,0.053860933,0.034049027,0.43885508,-0.028778344,0.005511207,-0.0012712226,0.001863979,0.0012667485,18.921871,0.008760613,-0.02352315,0.020782141,0.071332015,0.020729687,0.025358416,-0.021783438,0.006265193,0.03071156,-0.023861445,-0.022668602,0.0055209077,0.015154624,0.019357475,-0.0002962318,-0.010996931,-0.046727967,-0.019778967,0.037335195,-0.013604287,-0.30164805,0.0012745012,0.018118061,-0.017968988,0.007426616,-0.0014880365,1.3101635,-0.29644948,-1.1108394,0.00804847,2.7660344,-0.09057214,0.017097702,0.031333227,0.00071432925,0.0060540596,10.717421,-0.0039173644,0.006218832,-0.0011109434,0.00043994587,-0.0036439314,0.0004720618,0.026011065,-0.30266026,0.06355551,-0.034733225,-0.026978316,-0.034733098,-0.3692352,-0.007970626,0.02377172
-0.020857558,-0.00018565539,-0.0121443765,-0.0002869473,0.0061463933,-8.765748e-05,-0.023319779,-0.010704426,-0.004231599,0.03877339,-0.014093263,0.57332575,-0.02031206,-0.0055178003,0.009291372,-0.000515591,0.0019406546,-7.3068066,-0.063071236,-0.005653773,0.00860166,-0.021782853,0.026611438,0.007947917,-0.0022859501,-0.00083619775,0.010758423,-0.0033249448,-0.006579708,-0.0025927683,0.0016724737,0.012547008,-0.00684757,0.002842344,-0.032181833,-0.0058052307,0.05242706,-0.05453629,-0.3674253,-0.10447974,-0.0064320466,-0.014647949,0.001950966,0.0072760037,0.6809189,-1.0163944,-1.2928203,0.043116104,-1.1895388,-0.047579717,-0.007067717,-0.00893927,0.0018019875,0.002136325,-1.2158806,0.0018228767,0.0049856193,0.017574929,0.015875395,-0.03679433,-0.025853425,0.002491279,-0.4110711,0.020281808,-0.018665226,-0.027546845,-0.0064323926,0.23861533,0.0017430249,0.14649048
0.00774483,-0.007176451,-0.0026569804,0.00010685931,-0.004129899,-0.0037140143,-0.008803529,0.00082233734,0.00014406806,-0.03161814,-0.0045634843,-0.29694986,-0.0029788553,0.014822651,0.0026978683,0.00073290186,-0.00012277032,-16.527925,-0.10526728,0.0052540186,-0.00942335,-0.028612258,-0.014628687,-0.003964085,-0.006075136,0.0059345835,0.03296803,0.00029382991,0.0071212356,0.0040392084,-0.0040823515,-0.0018452434,0.00035807033,-0.0029596945,-0.012217668,0.09132422,-0.03364711,-0.0067571467,-0.08177139,0.02142977,-0.0006450941,-0.0044215745,0.0059617828,0.0099481465,-0.28309807,-0.95140344,-0.47929344,-0.031704962,-2.27614,-0.043471783,-0.022566417,-0.039982807,0.00086985755,0.015492832,-3.1539683,0.0034847073,-0.00025462336,0.019036807,0.0010510191,-0.0015961158,-0.052827064,-0.014452337,-0.306416,-0.032435987,-0.097314514,-0.005995989,-0.0100748185,0.026937911,-0.0060435166,-0.1426236
